,day,data_temperature_mean,data_temperature_std,data_humidity_mean,data_humidity_std,data_pm2_5_mean,data_pm2_5_std,data_pm2_5_min,data_pm2_5_max,data_voc_mean,data_voc_std,data_voc_min,data_voc_max,data_co2_mean,data_co2_std,data_co2_min,Target
0,0,28.83833333,0.009831921,68.39333333,0.081649658,198.6666667,2.503331114,195,202,1.112166667,0.005154286,1.104,1.118,377.1666667,10.96205577,368,No Activity
1,0,28.84166667,0.004082483,68.39333333,0.081649658,197.8333333,2.786873995,195,202,1.1145,0.003674235,1.108,1.118,372.8333333,4.020779361,368,No Activity
2,0,28.84166667,0.004082483,68.37666667,0.098319208,196.3333333,2.503331114,193,200,1.118666667,0.00725718,1.114,1.133,371.6666667,2.658320272,368,No Activity
3,0,28.845,0.0083666,68.32833333,0.118392004,197,2.607680962,193,200,1.122333333,0.010053192,1.114,1.137,374.3333333,8.801515021,368,No Activity
4,0,28.85166667,0.01602082,68.26333333,0.137210301,196.8333333,2.401388487,193,199,1.125333333,0.01112954,1.114,1.137,378.1666667,10.36178878,370,No Activity
5,0,28.85666667,0.019663842,68.18166667,0.14246637,197.5,3.209361307,193,202,1.128,0.00969536,1.114,1.137,380.6666667,9.791152469,372,No Activity
6,0,28.865,0.021679483,68.08333333,0.190333041,199,4.69041576,193,206,1.129833333,0.007250287,1.118,1.137,382,8.876936408,372,No Activity
32,0,28.83833333,0.037638633,78.16166667,2.8006529,364.8333333,84.38108003,295,526,4.6845,0.878092193,3.441,6.063,845.1666667,136.0211993,655,Boil
33,0,28.84333333,0.042739521,78.375,2.976284597,425.1666667,161.0719301,295,706,4.86,1.045441534,3.441,6.063,834.1666667,128.5027886,655,Boil
34,0,28.84833333,0.04665476,78.86833333,3.129162295,512.5,235.6537715,295,872,5.049833333,1.156860651,3.441,6.063,823.5,121.9438395,655,Boil
35,0,28.88166667,0.076004386,79.34,2.340871633,587.5,226.6995809,295,872,4.9095,1.301101341,3.441,6.063,823.5,121.9438395,655,Boil
36,0,28.91166667,0.067651066,79.20333333,2.588510511,643.8333333,175.7480204,374,872,4.8925,1.3245805,3.339,6.063,826.6666667,116.8326438,674,Boil
37,0,28.93,0.050596443,77.815,3.643941547,654.3333333,157.3183609,437,872,4.607833333,1.622089075,2.613,6.063,770.5,160.6023038,540,Boil
38,0,28.92333333,0.058878406,76.58166667,3.64732459,634,183.0092894,404,872,3.979833333,1.674589432,2.295,6.063,699.6666667,147.6897649,540,Boil
39,0,28.9,0.092736185,75.53,3.010773987,589.5,194.1244446,404,872,3.44,1.361550293,2.295,6.063,657.5,118.4411246,540,Boil
40,0,28.87166667,0.118729384,74.38,1.485314781,502.5,155.2813575,350,752,2.83,0.496333759,2.295,3.506,618.8333333,64.14177006,540,Boil
52,0,28.755,0.013784049,71.355,0.438850772,483.6666667,206.6781717,261,771,2.158166667,0.231456619,1.77,2.378,490.3333333,19.05430835,460,Curry
53,0,28.75833333,0.011690452,71.17333333,0.524467984,396.5,167.9103928,248,673,2.035833333,0.280752145,1.644,2.272,476.8333333,26.87315885,432,Curry
54,0,28.75833333,0.011690452,70.92833333,0.449507138,324.5,107.3252067,241,517,1.9245,0.300147797,1.604,2.272,461.6666667,32.81869386,414,Curry
55,0,28.75333333,0.019663842,70.765,0.411570164,276.6666667,56.10585234,230,380,1.806166667,0.274618584,1.562,2.272,447.6666667,34.64486494,409,Curry
56,0,28.74,0.039496835,70.72166667,0.335464852,251.1666667,26.932632,227,300,1.684833333,0.167616725,1.544,1.985,434.1666667,28.72223297,409,Curry
57,0,28.72,0.054772256,70.69333333,0.299310318,238.6666667,14.06650869,225,261,1.606166667,0.0924909,1.513,1.77,424.8333333,19.12502723,409,Curry
58,0,28.70166667,0.048751068,70.97833333,0.730490703,234.5,8.871302046,225,248,1.573166667,0.045967017,1.513,1.644,418.5,8.47938677,409,Curry
59,0,28.69,0.039496835,71.06166667,0.696862014,233.6666667,7.474400756,225,243,1.5885,0.078296232,1.513,1.736,418.3333333,8.164965809,409,Curry
60,0,28.68166667,0.02786874,71.275,0.663618867,242.5,26.0672208,225,294,1.631833333,0.137873009,1.513,1.864,422.3333333,11.00302989,409,Curry
61,0,28.67166667,0.021369761,71.54333333,0.578503817,261.5,47.70220121,225,344,1.7635,0.317739359,1.513,2.352,432.6666667,20.76214504,412,Curry
62,0,28.675,0.02258318,71.70166667,0.582594771,281.6666667,55.18937096,225,348,1.948666667,0.457310252,1.513,2.655,448.6666667,34.25589974,422,Curry
63,0,28.67833333,0.017224014,71.99833333,0.582594771,296.5,48.46338824,236,348,2.212833333,0.592979061,1.572,3.098,469.3333333,49.12704618,422,Curry
64,0,28.67833333,0.017224014,72.245,0.952234215,309.1666667,38.36882415,243,348,2.520833333,0.668658483,1.736,3.42,490,51.2679237,431,Curry
65,0,28.675,0.016431677,72.81,1.083771194,317.3333333,23.98888632,292,348,2.850666667,0.691787732,1.864,3.715,519.8333333,61.18959607,438,Curry
66,0,28.67,0.010954451,73.26,1.101072205,312.8333333,30.80530257,267,348,3.159166667,0.56486792,2.352,3.715,543.6666667,49.71384784,471,Curry
67,0,28.67166667,0.009831921,73.655,1.000714745,297.1666667,35.35203907,250,348,3.386333333,0.434323228,2.655,3.715,552.6666667,37.25408255,508,Curry
68,0,28.66666667,0.005163978,73.66,0.991483737,276.1666667,36.52077035,222,314,3.369833333,0.468221066,2.556,3.715,546,48.6744286,468,Curry
69,0,28.66666667,0.005163978,73.74166667,0.918006899,261.5,35.95413745,222,312,3.300166667,0.542035208,2.556,3.715,533.8333333,57.07334462,468,Curry
70,0,28.66666667,0.005163978,73.61166667,0.959008168,245.8333333,29.43750442,218,292,3.222333333,0.554766137,2.556,3.715,521.6666667,61.56514165,468,Curry
71,0,28.665,0.005477226,73.265,0.983986789,233.6666667,20.16597795,218,267,3.079166667,0.511336843,2.556,3.715,498.8333333,45.58252589,468,Curry
72,0,28.66333333,0.005163978,72.91833333,0.853426427,224.3333333,13.51542329,211,250,2.936,0.407398085,2.556,3.715,482.5,21.38924964,468,Curry
73,0,28.68166667,0.04833908,72.74833333,0.537639904,219.5,5.00999002,211,226,2.735833333,0.17928125,2.514,2.953,475,5.477225575,468,Curry
74,0,28.71166667,0.078591772,72.61166667,0.77502043,217,6.899275324,207,226,2.687833333,0.258229678,2.268,2.953,477,4.516635916,473,Curry
75,0,28.745,0.093327381,72.04666667,1.2952014,212,9.465727653,196,221,2.5755,0.380140895,2.006,2.953,471.8333333,15.17124473,442,Curry
76,0,28.77333333,0.091796877,71.365,1.685369396,207.3333333,12.37201142,190,221,2.376833333,0.448693399,1.761,2.856,463.1666667,25.62355687,421,Curry
77,0,28.80333333,0.075277265,70.8,1.853029951,202.5,12.56582667,190,221,2.194333333,0.437365141,1.761,2.856,454.8333333,29.60686857,421,Curry
78,0,28.83666667,0.029439203,70.54833333,1.698109733,198.3333333,13.30663995,186,221,2.109833333,0.316138841,1.761,2.514,444.8333333,28.29428682,421,Curry
79,0,28.855,0.019748418,70.12,1.02609941,193.1666667,7.494442385,186,207,2.071833333,0.267857736,1.761,2.349,444.6666667,28.04757862,421,Curry
80,0,28.86333333,0.022509257,70.03833333,0.926119143,191.1666667,3.710345896,186,196,2.0605,0.259196258,1.761,2.349,445.8333333,29.8959306,421,Curry
81,0,28.86833333,0.024832774,70.21833333,0.983064935,190.5,2.949576241,186,195,2.045833333,0.265314468,1.761,2.349,452.6666667,33.33266666,421,Curry
82,0,28.87,0.022803509,70.53166667,0.77569109,192,4.516635916,186,199,2.057833333,0.251102701,1.761,2.349,462.8333333,30.96072781,423,Curry
83,0,28.86,0.042895221,70.895,0.120623381,194,5.899152482,186,202,2.053666667,0.257147947,1.736,2.349,471.8333333,24.16954006,423,Curry
84,0,28.84666667,0.053913511,70.96,0.172510869,196,4.516635916,190,202,1.922166667,0.276895949,1.56,2.286,480.6666667,4.131182236,476,Curry
85,0,28.82333333,0.061210021,70.92666667,0.216394701,196.8333333,3.544949459,192,202,1.799666667,0.244421494,1.551,2.2,480.3333333,4.366539438,476,Curry
86,0,28.79833333,0.059132619,70.96,0.213915871,196.5,3.834057903,192,202,1.779333333,0.20660655,1.551,2.078,482.3333333,8.664102185,476,Curry
87,0,28.785,0.040373258,71.04333333,0.28182737,197.5,3.146426545,193,202,2.067833333,0.798806965,1.551,3.649,514.6666667,79.9966666,476,Curry
88,0,28.785,0.040373258,71.125,0.278621607,227.3333333,73.87466864,193,378,2.425166667,1.096732495,1.551,3.977,553.5,111.3692058,476,Curry
89,0,28.80166667,0.055647701,70.99166667,0.427430306,300.8333333,182.7625965,193,643,2.803833333,1.198681845,1.551,4.008,588.6666667,115.6143013,476,Curry
90,0,28.83333333,0.086409876,71.00166667,0.434484369,465.1666667,393.5446184,193,1184,3.188,1.08421769,1.551,4.008,631.3333333,112.9259344,477,Curry
91,0,28.87666667,0.10033278,71.39,0.864407311,619,443.9819816,193,1184,3.625,0.777467941,2.078,4.173,683.6666667,98.99831648,499,Curry
92,0,28.92166667,0.086351993,71.71166667,1.044076945,709.8333333,392.1175419,198,1184,3.974166667,0.198933574,3.649,4.173,716.6666667,41.34085953,677,Curry
93,0,28.97166667,0.095166521,71.73833333,1.037157976,758.6666667,328.7513752,378,1184,3.970833333,0.205529965,3.629,4.173,720,38.18900365,688,Curry
94,0,29.015,0.087578536,71.635,1.115127795,756,332.5002256,362,1184,3.831166667,0.396504939,3.139,4.173,703.5,57.35764988,616,Curry
95,0,29.05,0.060663004,71.61333333,1.146379809,699.3333333,381.0394555,303,1184,3.575333333,0.664337765,2.473,4.173,681.6666667,83.44019815,557,Curry
96,0,29.07,0.047328638,71.38333333,1.347437073,546.5,327.9687485,267,1118,3.265,0.896349039,2.003,4.173,651.1666667,94.12420872,549,Curry
97,0,29.08333333,0.037237973,70.87333333,1.202641537,396.8333333,191.5238018,220,738,2.903333333,0.894491066,2.003,4.173,597.8333333,89.59557281,471,Curry
98,0,29.09666667,0.010327956,70.2,0.891380951,306,108.6793449,193,491,2.407833333,0.873697984,1.2,3.629,561.5,85.4441338,471,Curry
99,0,29.09666667,0.010327956,69.855,0.605037189,256.8333333,66.97288008,193,362,2.004833333,0.746116457,1.2,3.139,528.6666667,55.60095922,471,Curry
100,0,29.09333333,0.008164966,69.70666667,0.444147123,229.5,45.48736088,193,303,1.6795,0.553338143,1.187,2.473,512.6666667,35.69126877,471,Curry
101,0,29.09666667,0.010327956,70.02,1.075788083,215.5,27.84780063,193,267,1.550333333,0.400377655,1.187,2.003,524.1666667,57.36694751,471,Curry
102,0,29.1,0.010954451,70.465,1.489063464,208,13.6381817,193,222,1.586833333,0.456014656,1.187,2.222,535.8333333,69.30343907,471,Curry
103,0,29.105,0.012247449,71.10666667,1.953874783,208.6666667,14.41758186,193,224,1.644333333,0.534057924,1.187,2.348,562.1666667,69.75791472,479,Curry
104,0,28.83666667,0.085479042,70.65666667,0.571722543,212.1666667,4.020779361,206,217,1.739666667,0.280490047,1.518,2.189,460.1666667,40.50884677,424,No Activity
105,0,28.8,0.060332413,70.415,0.160468065,210.8333333,3.371448749,206,215,1.627833333,0.181971884,1.518,1.98,441.5,26.31919452,416,No Activity
106,0,28.75833333,0.071110243,70.48833333,0.207501004,208.8333333,3.920034013,203,213,1.503666667,0.143778533,1.235,1.667,426.5,16.14620698,401,No Activity
107,0,28.72,0.073756356,70.52666667,0.217776644,206.1666667,5.600595206,197,213,1.430666667,0.155016988,1.229,1.566,419.6666667,16.93123347,401,No Activity
108,0,28.685,0.072318739,70.48333333,0.193769623,203.1666667,6.013872851,195,209,1.366333333,0.167234765,1.18,1.518,411.8333333,15.32862246,395,No Activity
109,0,28.66666667,0.066231916,70.42333333,0.285002924,199.3333333,8.406346809,186,209,1.456833333,0.331739305,1.18,2.061,413.3333333,18.11813088,395,No Activity
110,0,28.64833333,0.05231316,70.36333333,0.340978983,196.3333333,8.755950358,186,209,1.547333333,0.415304547,1.18,2.061,417.8333333,23.76902747,395,Fry
111,0,28.62666667,0.016329932,70.27166667,0.417153049,192.6666667,6.772493386,186,203,1.636,0.461959306,1.18,2.061,422.8333333,26.32426004,395,Fry
112,0,28.625,0.015165751,70.17166667,0.338255328,292.8333333,250.4599103,186,804,1.861666667,0.549342759,1.18,2.589,437.1666667,34.2719516,395,Fry
113,0,28.63833333,0.033714487,70.24833333,0.491300994,434.1666667,387.3940715,186,1045,2.106166667,0.537782639,1.18,2.696,457.8333333,44.08363264,395,Fry
114,0,28.665,0.054313902,70.40666667,0.689946858,594.3333333,460.4982809,186,1156,2.421833333,0.430603027,2.05,3.074,490.8333333,59.16896709,443,Fry
115,0,28.69333333,0.07788881,70.5,0.656109747,722,429.8115866,187,1156,2.626166667,0.508899761,2.05,3.287,513.8333333,63.51823885,446,Fry
116,0,28.73833333,0.111609438,70.85666667,0.860271275,885.1666667,367.9181521,187,1167,2.864833333,0.526328953,2.05,3.493,535.3333333,59.7148781,446,Fry
117,0,28.79166667,0.119902738,70.91166667,0.784918255,1074,181.3912898,804,1320,3.187666667,0.520593379,2.589,3.987,564.8333333,49.62425482,487,Fry
118,0,28.85,0.11027239,71.03166667,0.699211461,1201.666667,219.0147636,952,1570,3.308666667,0.430128663,2.696,3.987,584.8333333,33.56436603,525,Fry
119,0,28.9,0.095707889,70.87666667,0.772312545,1353,358.4366053,952,1953,3.4275,0.30823092,3.074,3.987,601.1666667,19.53885019,580,Fry
120,0,28.93666667,0.070047603,70.59166667,0.843905603,1543.5,506.1125369,952,2299,3.487166667,0.256409373,3.287,3.987,603.1666667,19.14593081,580,Fry
121,0,28.95833333,0.033714487,70.50333333,0.878673242,1822,571.108396,1167,2623,3.536833333,0.238089409,3.315,3.987,606.5,15.99687469,580,Fry
122,0,28.955,0.039874804,70.29,0.471720256,1928.833333,476.1333497,1320,2623,3.447833333,0.337009446,2.959,3.987,610,10.33440855,601,Fry
123,0,28.94166667,0.056005952,70.245,0.504093245,1978.833333,410.6616206,1570,2623,3.293,0.238874863,2.959,3.585,599.8333333,20.24269416,562,Fry
124,0,28.915,0.070356236,69.93833333,0.58622237,1903.166667,526.5356272,1116,2623,3.171833333,0.372493982,2.588,3.585,579.5,50.40535686,485,Curry
125,0,28.87833333,0.074408781,69.78,0.628203789,1714.833333,683.7629463,823,2623,2.913833333,0.625525512,1.861,3.585,544.3333333,79.30615781,412,Curry
126,0,28.83833333,0.073325757,69.91666667,0.695518991,1530.333333,642.7318777,823,2623,2.690666667,0.642317886,1.861,3.585,521,78.4780224,412,Curry
127,0,28.805,0.062529993,70.005,0.740425553,1211.833333,431.8835105,712,1808,2.442,0.499844776,1.861,3.058,490.5,76.70919111,412,Curry
128,0,28.78666667,0.046761808,70.08666667,0.865994611,985.3333333,412.6265462,449,1620,2.310333333,0.43645099,1.861,3.058,466.1666667,54.62386536,412,Curry
129,0,28.78333333,0.040824829,70.25166667,0.90311498,781,330.9573991,394,1192,2.176333333,0.24036611,1.861,2.588,450.3333333,29.09066288,412,Curry
130,0,28.79333333,0.056095157,70.44833333,0.693178669,648,329.749602,318,1192,2.103666667,0.13290548,1.861,2.254,447.3333333,25.50816863,412,Curry
131,0,28.81,0.065421709,70.61166667,0.41329973,554.8333333,348.8337235,264,1192,2.152166667,0.059421938,2.093,2.254,455.1666667,18.8299407,418,Curry
132,0,28.84333333,0.073120904,70.50666667,0.507490558,390,180.6709717,203,712,2.130666667,0.096734,1.964,2.254,453.6666667,18.23915203,418,Curry
133,0,28.88,0.065726707,70.40166667,0.56375231,303,104.0307647,190,449,2.1455,0.096626601,1.964,2.254,461.6666667,5.645056835,455,Curry
134,0,28.91333333,0.054650404,70.165,0.363689428,258.1666667,84.69336849,180,394,2.1455,0.096626601,1.964,2.254,464.3333333,5.645056835,456,Curry
135,0,28.92666667,0.047609523,68.965,0.792407723,177.5,6.220932406,170,186,1.429333333,0.353001794,1.065,1.911,414,42.90920647,365,Boil
136,0,28.89333333,0.047609523,68.75666667,0.71821074,177.1666667,6.554896389,170,186,1.270833333,0.303509088,0.96,1.733,396.5,35.84271195,365,Boil
137,0,28.87833333,0.04792355,68.53333333,0.385573166,175.3333333,4.926120854,170,183,1.242,0.255194044,0.96,1.56,391,27.80647407,365,Boil
138,0,28.865,0.041352146,68.34333333,0.238131616,173.1666667,3.544949459,170,179,1.395833333,0.558868649,0.96,2.45,398.6666667,43.14935303,365,Boil
139,0,28.85166667,0.026394444,68.21666667,0.310204234,169.5,6.473020933,157,175,1.591166667,0.69614522,0.96,2.45,411,51.63332257,365,Boil
140,0,28.84666667,0.022509257,68.15,0.361054013,166.5,7.968688725,156,175,1.8215,0.71559339,0.96,2.45,426.5,51.90279376,365,Boil
141,0,28.855,0.039874804,68.34,0.596724392,165.5,7.816648898,156,175,2.026333333,0.626034078,0.96,2.45,449.1666667,49.30483411,366,Boil
142,0,28.87666667,0.045460606,68.54833333,0.822494174,164.8333333,7.413950814,156,175,2.276166667,0.356434239,1.56,2.459,479.1666667,42.92978764,416,Boil
143,1,27.92166667,0.021369761,66.02,0.244948974,119.6666667,2.160246899,117,123,0.497666667,0.077742309,0.421,0.597,298.3333333,2.338090389,295,No Activity
144,1,27.92166667,0.021369761,65.93666667,0.24832774,120.1666667,2.041241452,117,123,0.468333333,0.064911221,0.421,0.574,298,2.529822128,295,No Activity
145,1,27.93,0.015491933,65.85333333,0.21602469,119.5,2.664582519,116,123,0.442833333,0.040597619,0.421,0.522,296.6666667,2.732520204,293,No Activity
146,1,27.945,0.029495762,65.6,0.456946386,119.1666667,2.857738033,116,123,0.42,0.02092845,0.385,0.451,295.3333333,2.065591118,293,No Activity
147,1,27.96,0.030983867,65.34833333,0.578909895,119.5,2.664582519,116,123,0.406833333,0.022328606,0.372,0.421,294.3333333,1.96638416,292,No Activity
148,1,27.975,0.039874804,65.11333333,0.675919127,118.3333333,3.326659987,114,123,0.3975,0.026531114,0.365,0.421,293.6666667,2.338090389,291,No Activity
149,1,27.99166667,0.043089055,64.845,0.705825758,117.5,2.42899156,114,121,0.386666667,0.028232369,0.356,0.421,292.5,2.073644135,290,No Activity
150,1,28.00833333,0.038166303,64.57666667,0.605563099,117,1.788854382,114,119,0.375833333,0.024669144,0.356,0.421,291.1666667,1.940790217,288,No Activity
151,1,28.02833333,0.024013885,64.27666667,0.288975201,117,1.788854382,114,119,0.365166667,0.011617516,0.356,0.385,290.3333333,2.065591118,288,No Activity
152,1,28.03833333,0.02228602,64.27666667,0.288975201,117.1666667,1.834847859,114,119,0.368,0.017832554,0.356,0.402,289.8333333,1.602081979,288,No Activity
153,1,28.045,0.012247449,64.29333333,0.307419366,117.1666667,1.834847859,114,119,0.378,0.031843367,0.356,0.432,290.8333333,3.710345896,288,No Activity
154,1,28.855,0.0083666,69.16833333,0.654871489,174.3333333,3.614784456,170,180,8.368833333,1.030763293,7.312,9.914,920,69.94569322,852,Boil
155,1,28.84833333,0.01602082,68.90333333,0.203535419,172,3.741657387,166,176,7.931333333,0.767128064,7.289,8.894,891.6666667,55.18212271,848,Boil
156,1,28.84,0.020976177,68.82166667,0.181924893,170,4.335896678,164,175,7.649333333,0.643503432,7.202,8.894,865.1666667,31.69489969,831,Boil
157,1,28.83166667,0.021369761,68.74,0.093594872,167.8333333,4.578937286,162,174,7.367333333,0.221020964,7.202,7.79,846.3333333,23.74587684,809,Boil
158,1,28.82333333,0.017511901,68.70833333,0.080104099,166,5.215361924,160,174,7.269333333,0.084042053,7.202,7.409,831.3333333,28.45815642,787,Boil
159,1,28.79666667,0.053541261,68.445,0.624363676,162.1666667,6.462713568,151,170,6.975166667,0.653959148,5.644,7.312,812.5,39.96373356,748,Boil
160,1,28.76833333,0.068823446,68.30333333,0.661170679,159,6.511528238,151,166,6.676333333,0.849643376,5.519,7.289,786.5,56.46503343,696,Boil
161,1,28.73833333,0.080104099,68.13,0.6244998,157,5.727128425,151,164,6.390333333,0.890019925,5.519,7.202,760.5,58.3669427,692,Boil
162,1,28.71,0.079749608,67.98833333,0.574644818,155.1666667,4.708148964,151,162,6.101166667,0.854718063,5.467,7.202,736.3333333,53.12124497,686,Boil
163,1,28.68,0.067527772,67.81166667,0.482386429,154,3.346640106,151,160,5.781333333,0.706614086,5.283,7.202,714,43.81324001,675,Boil
164,1,28.65,0.024494897,67.635,0.245499491,152.3333333,1.96638416,150,155,5.4615,0.150199534,5.283,5.644,692.1666667,30.89606232,656,Boil
165,1,28.63833333,0.017224014,67.55833333,0.423387136,150.3333333,5.853773712,139,155,5.288833333,0.354703491,4.608,5.573,670.1666667,30.1755972,616,Boil
166,1,28.63,0.008944272,67.13,1.01062357,147.5,8.826097665,134,155,5.032,0.616214248,3.978,5.573,646.8333333,52.25482434,556,Boil
167,1,28.62666667,0.008164966,66.57,1.410333294,144.3333333,9.416297928,134,155,4.675166667,0.82485621,3.432,5.467,616.3333333,70.75214956,509,Boil
168,1,28.62,0.010954451,65.99333333,1.506036741,139.3333333,11.60459679,123,155,4.2765,0.936147585,3.075,5.283,583.3333333,77.60326454,488,Boil
169,0,28.34,0.798573729,68.97833333,1.155342662,204.6666667,139.2977626,146,489,1.394666667,0.388389324,1.085,2.171,486.5,58.06117464,462,Fry
170,0,28.67166667,1.02517153,68.32666667,1.773456136,250.8333333,161.3200752,146,489,1.467,0.40889314,1.085,2.171,499.5,60.68854917,462,Fry
171,0,29.00666667,1.091946275,67.675,1.984003528,279.5,154.5312266,146,489,1.546,0.408545224,1.085,2.171,501.8333333,59.30401898,462,Fry
172,0,29.34166667,1.031686322,67.02333333,1.925665253,296,142.4991228,146,489,1.625,0.389418027,1.085,2.171,504.5,57.48652016,462,Fry
173,0,29.695,0.827157784,66.29,1.632151954,301.1666667,136.4952991,146,489,1.5725,0.461698928,0.953,2.171,505.8333333,56.38587294,462,Fry
174,0,30.12166667,0.050760877,65.46,0.229085137,175.6666667,38.46903517,138,247,1.264333333,0.269566071,0.953,1.742,485.8333333,13.18205851,470,Fry
175,0,30.145,0.012247449,65.585,0.412589384,156.3333333,20.31419865,131,179,1.2735,0.289272709,0.953,1.797,506.6666667,48.84942852,470,Fry
176,0,30.145,0.012247449,65.89666667,0.594025813,149.3333333,18.05177738,131,177,1.511,0.489317075,1.085,2.378,541.5,81.2471538,476,Fry
177,0,30.145,0.012247449,65.995,0.550554266,182.1666667,94.73207834,131,374,1.741166667,0.567423093,1.206,2.466,577.3333333,93.12500559,491,Fry
178,0,30.14166667,0.013291601,66.01666667,0.534702409,284.6666667,260.3625677,131,780,1.917666667,0.564460332,1.206,2.466,600.6666667,88.50009416,491,Fry
179,0,30.13833333,0.013291601,66.07166667,0.473261732,390.5,316.669386,131,783,2.1085,0.459539226,1.308,2.466,624.6666667,72.52218052,491,Fry
180,0,30.16333333,0.068019605,65.56166667,1.492399634,414.6666667,298.5609932,131,783,2.1825,0.319160618,1.752,2.466,647,32.97878106,603,Fry
181,0,30.18833333,0.090424923,64.79166667,2.106821461,423.5,289.1247136,137,783,2.067666667,0.535936066,1.108,2.466,623.6666667,82.57279617,463,Fry
182,0,30.21333333,0.091796877,63.9,2.15742439,426.1666667,286.0107807,153,783,1.814,0.695972126,0.856,2.466,585.8333333,101.8929176,452,Fry
183,0,30.23833333,0.084715209,63.28833333,1.942281305,386.3333333,310.3376656,135,783,1.567166667,0.680949753,0.856,2.351,551.5,93.7502,452,Fry
184,0,30.26666667,0.068019605,62.84,1.529862739,278.6666667,253.2561286,134,783,1.373333333,0.569632747,0.856,2.351,534,82.10724694,452,Fry
185,0,30.30333333,0.025819889,62.88333333,1.628909656,173,56.85419949,134,283,1.304333333,0.437202318,0.856,1.937,531.3333333,78.14004522,452,Fry
186,0,30.315,0.037282704,63.17833333,1.735020653,158.3333333,25.51600805,134,195,1.380166667,0.554188927,0.856,2.207,546.5,104.3815118,452,Fry
187,0,30.335,0.059581876,63.91166667,1.892695609,163.3333333,33.30265255,134,214,1.530166667,0.586639043,0.856,2.207,599.3333333,130.5981113,452,Fry
188,0,30.36333333,0.068019605,64.415,1.507856094,167.1666667,33.19889556,134,214,1.682166667,0.486655285,0.985,2.207,636.3333333,110.3932365,485,Fry
189,0,30.39166667,0.06145459,64.63833333,1.213019648,170.8333333,29.99611086,134,214,1.737833333,0.402845587,1.188,2.207,659.6666667,83.53841432,539,Fry
190,0,30.41666667,0.045018515,64.74666667,1.062481372,171,29.75231083,135,214,1.759666667,0.369233621,1.319,2.207,669.1666667,69.05770534,596,Fry
191,0,30.43666667,0.035023801,64.08666667,1.325589177,166.3333333,35.5283924,121,214,1.615333333,0.447099392,1.071,2.207,659.5,79.85925119,566,Fry
192,0,30.45666667,0.020655911,63.82,1.403752115,152.5,38.19293128,112,214,1.4305,0.377378722,1.071,2.008,631.1666667,85.74477632,546,Fry
193,0,30.47166667,0.02857738,63.41,0.874711381,136.1666667,25.46697207,112,176,1.301666667,0.251872719,1.071,1.768,600,45.25041436,546,Fry
194,0,30.49,0.043358967,63.37666667,0.823035034,128.5,16.37986569,112,157,1.2395,0.130579861,1.071,1.395,600.1666667,45.57813803,546,Fry
195,0,30.50333333,0.040824829,63.36166667,0.816759859,123,8.579044236,112,135,1.264,0.159145217,1.071,1.466,608.5,54.68729286,546,Fry
196,0,30.51,0.032863353,63.64166667,1.168270802,122,7.127411872,112,130,1.298166667,0.19194105,1.071,1.524,621.6666667,60.29814812,546,Fry
197,0,30.50333333,0.044572039,63.90333333,0.877397667,122,7.127411872,112,130,1.363666667,0.163927626,1.098,1.524,628.3333333,54.88047619,546,Fry
198,0,30.48,0.077459667,63.925,0.846350991,122.3333333,6.592925501,114,130,1.356166667,0.178862424,1.053,1.524,625.3333333,60.48691319,528,Fry
199,0,30.44333333,0.102696965,64.24166667,1.038545457,122.5,6.41092817,114,130,1.315333333,0.232099691,0.99,1.524,621.8333333,63.27532431,528,Fry
200,0,30.40166667,0.096419224,64.26333333,1.043602734,120.3333333,5.501514943,114,129,1.268333333,0.241117952,0.99,1.524,605.8333333,59.14530131,528,Fry
201,0,30.36666667,0.076594169,64.28333333,1.029634239,118.5,5.856620186,113,129,1.178833333,0.252468942,0.929,1.524,583,53.25410782,528,Fry
202,0,30.35,0.050990195,63.90666667,0.959180206,115.6666667,3.326659987,112,121,1.142333333,0.20370927,0.929,1.464,562.6666667,28.75876678,528,Fry
203,0,30.34333333,0.039832985,63.92166667,0.954304284,115.6666667,3.326659987,112,121,1.13,0.181352695,0.929,1.39,556.3333333,20.22539658,528,Fry
204,0,30.35166667,0.046224092,63.95,0.921650693,117.5,4.888762625,112,125,1.162,0.181986813,0.929,1.39,560.1666667,15.38072387,538,Fry
205,0,30.36833333,0.041673333,63.46833333,0.661888712,118,4.979959839,112,125,1.149,0.198745063,0.912,1.39,556.6666667,14.5143607,538,Fry
206,0,30.37333333,0.034448028,63.32166667,0.443820534,120.8333333,8.134289561,112,134,1.089833333,0.256155747,0.758,1.39,538.3333333,35.27983371,469,Fry
207,0,30.37333333,0.034448028,63.34,0.465789652,131.6666667,23.80476143,112,178,1.111833333,0.245005646,0.758,1.39,534.8333333,36.34510513,469,Fry
208,0,30.355,0.049699095,63.54166667,0.595396227,170,87.02873089,120,342,1.109666667,0.243005075,0.758,1.39,533.1666667,35.56636988,469,Fry
209,0,30.325,0.073143694,63.695,0.744197554,223.8333333,136.4967643,120,444,1.089833333,0.219243624,0.758,1.292,528.5,31.70961999,469,Fry
210,0,30.28833333,0.082563107,63.96166667,0.782621663,285.1666667,163.2598134,120,493,1.080666667,0.212504745,0.758,1.292,528.5,31.70961999,469,Fry
211,0,30.25166667,0.071110243,64.295,0.453684913,344.1666667,155.4096737,134,493,1.122666667,0.196826489,0.758,1.292,528.5,31.70961999,469,Fry
212,0,30.35333333,0.075806772,62.25166667,0.559371671,1403.666667,879.6405326,476,2752,2.456166667,0.320369422,2.145,2.806,542.3333333,22.40238083,517,Curry
213,0,30.39166667,0.083046172,62.09833333,0.859032401,1137,935.1260878,313,2752,2.3575,0.352679316,2.019,2.806,534.1666667,23.57470396,511,Curry
214,0,30.425,0.078930349,61.765,1.017482187,715.8333333,553.450058,225,1738,2.226333333,0.293978004,2.019,2.806,519.6666667,25.29558591,481,Curry
215,0,30.45666667,0.052408651,61.365,1.109986486,453.6666667,274.8597218,165,871,2.086166667,0.096453961,1.965,2.187,507.1666667,19.93405796,481,Curry
216,0,30.47166667,0.031251667,61.08333333,1.142745233,333.3333333,204.7014086,149,672,2.063666667,0.083041355,1.965,2.182,502,20.87103256,481,Curry
217,0,30.47833333,0.020412415,61.00166667,0.9830039,246.1666667,129.0029715,149,476,2.110833333,0.171612839,1.965,2.428,502.8333333,21.90357657,481,Curry
218,0,30.48333333,0.018618987,61.13333333,1.167761391,192,66.08782036,149,313,2.189166667,0.282217942,1.965,2.652,504.8333333,24.99133183,481,Curry
219,0,30.48666667,0.023380904,61.33,1.151138567,161.5,33.04391018,130,225,2.252333333,0.278908348,1.965,2.652,510.6666667,30.25006887,481,Curry
220,0,30.49666667,0.038297084,61.67333333,1.182331031,144.8333333,14.78400036,125,165,2.312166667,0.256443691,1.965,2.652,520.1666667,27.93146374,484,Curry
221,0,30.50833333,0.045789373,62.05166667,0.939476805,136.3333333,15.51343504,114,151,2.354333333,0.20321975,2.052,2.652,529,21.94538676,486,Curry
222,0,30.525,0.042778499,62.575,0.536758791,130.1666667,16.7739878,112,151,2.366833333,0.182114707,2.127,2.652,537.5,6.156297589,527,Curry
223,0,30.54833333,0.038166303,62.64,0.55357023,123.6666667,15.52632174,110,151,2.313833333,0.20552218,2.11,2.652,537.1666667,6.853223086,525,Curry
224,0,30.57,0.035213634,62.345,0.878606852,115.6666667,10.01332446,103,130,2.140333333,0.286426721,1.611,2.398,525.3333333,28.40187787,469,Curry
225,0,30.58666667,0.030110906,62.21333333,1.033027912,111.3333333,7.991662322,103,125,2.009166667,0.322730486,1.611,2.378,511.1666667,36.16858674,461,Curry
226,0,30.59666667,0.029439203,61.935,1.122635293,107.8333333,4.750438576,103,114,1.881333333,0.2984042,1.611,2.218,509,34.5947973,461,Curry
227,1,29.12666667,0.056095157,60.29333333,0.480111098,81.5,1.378404875,80,83,2.244,1.822160695,0.35,4.657,517.1666667,163.2843124,363,No Activity
228,1,29.15333333,0.056095157,60.45333333,0.418887415,81.83333333,1.169045194,80,83,3.026166667,1.85352663,0.35,5.043,584.8333333,170.580675,367,No Activity
229,1,29.18,0.037947332,60.61333333,0.242871708,82.5,2.073644135,80,86,3.808333333,1.443110899,1.395,5.043,651.8333333,144.9281431,389,No Activity
230,1,29.22666667,0.088242091,60.8,0.381575681,83.66666667,2.338090389,81,87,5.078833333,2.09972726,2.903,9.018,759,149.3706799,589,No Activity
231,1,29.27166667,0.112856841,60.94333333,0.41122581,84.66666667,3.141125064,81,89,6.187833333,2.448865567,3.809,9.557,845.8333333,179.2310427,684,No Activity
232,1,29.325,0.1344247,60.94,0.410755402,85.5,3.271085447,81,89,7.219666667,2.548348459,4.657,10,915,184.2921594,711,No Activity
233,1,29.38666667,0.139379578,61.08333333,0.331159579,86.66666667,2.503331114,82,89,8.110166667,2.403141728,5.043,10,982.8333333,168.4059579,769,No Activity
234,1,29.44666667,0.13048627,61.09333333,0.318287082,87.66666667,1.032795559,86,89,8.936333333,1.946489216,5.043,10,1043,138.5756111,769,No Activity
235,1,29.52333333,0.102891529,61.28,0.372343927,88.16666667,0.752772653,87,89,9.7625,0.405496116,9.018,10,1131.833333,90.19183259,1032,No Activity
236,1,29.57833333,0.111609438,61.275,0.369634955,88.16666667,0.752772653,87,89,9.926166667,0.180853993,9.557,10,1195.166667,130.4858868,1099,Boil
237,1,29.64166667,0.118222953,61.23666667,0.369738646,87.66666667,1.032795559,86,89,10,0,10,10,1238.666667,139.6018147,1099,Boil
238,1,29.705,0.128491245,61.33,0.36260171,86.83333333,2.136976057,83,89,10,0,10,10,1292,136.6674797,1118,Boil
239,1,29.76,0.119163753,61.375,0.370337684,85.66666667,3.076794869,81,89,10,0,10,10,1379.333333,167.2431364,1130,Boil
240,1,29.85166667,0.158166579,61.79333333,0.761410971,85.33333333,2.875181154,81,89,10,0,10,10,1473.833333,158.1232642,1302,Boil
241,1,29.935,0.179861057,62.275,1.419207525,85.83333333,3.763863264,81,92,10,0,10,10,1543,158.6908945,1371,Boil
242,1,30.015,0.177172233,62.84,1.668436394,86.33333333,4.131182236,81,92,10,0,10,10,1601.5,165.2994253,1371,Boil
243,1,30.08833333,0.166062237,63.585,1.753348226,88.16666667,5.980523946,81,97,10,0,10,10,1685.833333,152.7853614,1419,Boil
244,1,30.15,0.13985707,64.26333333,1.582967677,90.5,6.284902545,81,97,10,0,10,10,1762.166667,97.05754307,1642,Boil
245,1,30.21166667,0.049159604,64.94166667,0.912697467,92.5,4.23083916,86,97,10,0,10,10,1817,107.9184878,1697,Boil
246,1,30.25166667,0.064627136,65.41166667,0.532969668,94.66666667,3.502380143,90,99,10,0,10,10,1862.666667,104.9145684,1717,Boil
247,1,30.28666667,0.074206918,65.75166667,0.642850423,96.16666667,4.020779361,90,101,10,0,10,10,1883.666667,79.4447397,1763,Boil
248,1,30.32166667,0.080104099,66.35333333,1.113528925,99,4.732863826,93,107,10,0,10,10,1897.666667,58.59237721,1843,Boil
249,1,30.35,0.079749608,66.495,1.052440022,101,6.066300355,93,109,10,0,10,10,1889.166667,65.48409476,1826,Boil
250,1,30.37333333,0.063456022,67.16166667,1.535674662,101.6666667,5.750362307,93,109,10,0,10,10,1854.333333,112.1849663,1668,Boil
251,1,30.39,0.027568098,67.78333333,1.536888632,104.1666667,4.308905507,99,109,10,0,10,10,1806.166667,114.1006865,1668,Boil
252,1,30.38,0.042895221,68.20833333,1.31482952,106.1666667,4.215052392,101,111,10,0,10,10,1751.166667,97.01013693,1641,Boil
253,1,30.365,0.053197744,68.655,1.171848966,106.8333333,3.488074923,101,111,10,0,10,10,1707,106.6808324,1578,Boil
254,1,30.34,0.057271284,68.79166667,1.188064252,106.6666667,3.502380143,101,111,10,0,10,10,1660.666667,93.23876161,1569,Boil
255,1,30.305,0.062529993,69.06,0.584739258,106.6666667,3.502380143,101,111,9.9755,0.060012499,9.853,10,1607.5,67.506296,1507,Boil
256,1,30.27,0.064187226,69.13,0.680969897,107.8333333,2.136976057,105,111,9.853333333,0.293200045,9.267,10,1566.833333,92.6011159,1424,Boil
257,1,30.23833333,0.063691967,69.245,0.775261246,109,3.633180425,105,115,9.748833333,0.338679445,9.267,10,1528.166667,82.81404873,1424,Boil
258,1,30.21333333,0.059217115,69.37666667,0.719045664,109.5,4.135214626,105,115,9.578333333,0.431680283,8.977,10,1494.5,67.39361988,1424,Boil
259,1,30.185,0.04929503,69.38333333,0.719935182,112,5.253570215,106,120,9.312,0.585165959,8.402,10,1471.333333,55.85218587,1424,Boil
260,1,30.16166667,0.03060501,69.32333333,0.747734356,113.8333333,4.622409184,108,120,8.907,0.811069171,7.57,9.853,1439.666667,41.39404144,1379,Boil
261,1,28.67333333,0.008164966,64.54,0.297052184,141.8333333,2.926886856,137,145,0.9155,0.023484037,0.886,0.939,551.5,14.06769349,531,No Activity
262,1,28.67666667,0.010327956,64.7,0.303446865,141.3333333,2.503331114,137,144,0.925,0.020503658,0.891,0.943,558.8333333,12.63988397,540,No Activity
263,1,28.68,0.010954451,64.82666667,0.286263282,140.8333333,2.639444386,137,144,0.933666667,0.012801042,0.909,0.943,567,13.81303732,550,No Activity
264,1,28.68333333,0.010327956,65.00166667,0.255923166,141.1666667,2.639444386,137,144,0.944333333,0.014665151,0.932,0.973,575.5,16.65833125,557,No Activity
265,1,28.68333333,0.010327956,65.13333333,0.29466365,141,2.529822128,137,144,0.953,0.022190088,0.932,0.988,584.1666667,18.5301556,563,No Activity
266,1,28.68333333,0.010327956,65.33166667,0.368261682,140.5,2.073644135,137,142,0.9635,0.02830371,0.932,1.002,593.6666667,20.05658662,568,No Activity
267,1,28.67833333,0.013291601,65.46833333,0.330721434,141.5,1.378404875,139,143,0.976,0.028170907,0.943,1.007,603.1666667,18.93585664,575,No Activity
268,1,28.675,0.012247449,65.53833333,0.280315299,141.8333333,1.722401424,139,144,0.983666667,0.023217809,0.943,1.007,610.1666667,13.39278413,589,No Activity
269,1,28.67166667,0.009831921,65.59166667,0.202031351,141.5,2.42899156,137,144,0.995166667,0.014497126,0.973,1.012,615.3333333,8.778762251,601,No Activity
297,1,30.39333333,0.046761808,76.02666667,0.299844404,189.5,3.563705936,185,195,10,0,10,10,1723.166667,22.5602896,1678,Boil
298,1,30.41666667,0.028047579,75.85666667,0.240721139,190.1666667,2.857738033,187,195,9.915666667,0.206573635,9.494,10,1710,32.86943869,1659,Boil
299,1,30.43333333,0.024221203,75.65333333,0.351890134,191.1666667,2.562550813,188,195,9.813666667,0.290606033,9.388,10,1694,42.99302269,1634,Boil
300,1,30.44833333,0.027141604,75.53833333,0.327866843,190.6666667,3.444802849,185,195,9.684333333,0.356337855,9.224,10,1673,49.78353141,1608,Boil
301,1,30.46,0.027568098,75.50666667,0.305984749,189.1666667,4.915960401,182,195,9.647166667,0.327272618,9.224,10,1653.5,43.64745124,1608,Boil
302,1,30.47166667,0.027141604,75.31,0.432712376,188.1666667,5.076087732,182,195,9.647166667,0.327272618,9.224,10,1637.333333,26.43986889,1608,Boil
303,1,30.48333333,0.019663842,75.11333333,0.433620418,185.1666667,5.52871293,177,193,9.647166667,0.327272618,9.224,10,1626.166667,18.90414417,1608,Boil
304,1,30.49166667,0.011690452,74.965,0.422882963,184,5.291502622,177,193,9.7315,0.344643439,9.224,10,1612.666667,19.67400993,1578,Boil
305,1,30.21333333,0.038815804,68.21333333,0.749364175,189.6666667,13.06394529,168,206,6.1375,0.547189821,5.252,6.628,1198.666667,99.08716701,1029,Curry
306,1,30.2,0.045166359,67.885,0.68576235,184.1666667,15.98019608,164,206,6.007333333,0.581219293,5.252,6.628,1166.333333,103.4923508,1029,Curry
339,1,30.885,0.069785385,74.57333333,0.329282047,255,9.486832981,246,271,9.8985,0.126462247,9.742,10,1720.5,13.59043782,1710,Curry
340,1,30.93,0.0678233,74.43666667,0.501105445,250.5,6.220932406,244,261,9.7415,0.354459448,9.058,10,1720,13.97139936,1710,Curry
341,1,30.95333333,0.053166405,73.74333333,1.38387379,246.5,10.96813567,228,261,9.478333333,0.614746343,8.421,10,1672.166667,121.8267896,1425,Curry
342,1,30.96,0.045607017,73.30166667,1.424449601,242.5,14.86943173,222,261,9.087,0.898228479,7.652,9.907,1624.333333,154.9098663,1425,Curry
343,1,30.96,0.045607017,73.08833333,1.328674778,237.5,17.80730187,217,261,8.638666667,1.06325494,7.217,9.742,1558,179.7275716,1340,Curry
344,1,30.95,0.054037024,72.63,1.279828113,231.5,17.60397682,217,261,8.1975,1.063047459,7.095,9.742,1490.333333,174.7646036,1332,Curry
345,0,27.96166667,0.020412415,71.42,0,188.6666667,6.683312552,184,202,0.4915,0.009137833,0.481,0.503,390.1666667,6.145459028,382,No Activity
346,0,27.97166667,0.027141604,71.43666667,0.040824829,194,13.92838828,184,219,0.483,0.02704071,0.43,0.503,392.8333333,5.879342367,382,No Activity
347,0,27.985,0.033316662,71.405,0.09460444,199.3333333,16.19464932,184,219,0.4695,0.039973741,0.409,0.503,395.6666667,3.01109061,391,No Activity
348,0,27.99833333,0.03250641,71.35666667,0.145693743,205.5,16.68232598,184,222,0.454666667,0.047157891,0.4,0.503,395.8333333,2.714160397,392,No Activity
349,0,28.01333333,0.025819889,71.30833333,0.167022953,212.5,14.52928078,188,226,0.435,0.047573102,0.385,0.502,394.3333333,4.885352256,386,No Activity
350,0,28.02833333,0.021369761,71.29333333,0.158829049,219.8333333,10.12752026,202,232,0.414333333,0.038764245,0.378,0.484,392,7.26636085,381,No Activity
351,0,28.04,0.021908902,71.36,0.268626134,224.8333333,6.210206653,218,232,0.396333333,0.020906139,0.376,0.43,391.8333333,7.194905605,381,No Activity
352,0,28.05,0.018973666,71.37666667,0.283243123,226,5.513619501,218,232,0.387333333,0.013995237,0.376,0.409,395.5,13.98213145,381,No Activity
353,0,28.06,0.021908902,71.45833333,0.302484159,228.3333333,4.273952113,222,232,0.379666667,0.012242004,0.363,0.4,399,17.27425831,381,No Activity
354,0,28.06666667,0.016329932,71.52333333,0.256177022,230.5,3.674234614,226,235,0.377666667,0.008733079,0.363,0.388,403.6666667,18.72609587,381,No Activity
355,0,28.07833333,0.018348479,71.655,0.212955394,230.8333333,3.250640962,226,235,0.427166667,0.12509583,0.363,0.682,413.1666667,22.12163345,381,No Activity
356,0,28.09,0.025298221,71.77,0.187082869,230.8333333,3.250640962,226,235,0.474166667,0.152829862,0.363,0.682,438.3333333,48.44240567,394,No Activity
357,0,28.10166667,0.029944393,71.81833333,0.234129594,232.3333333,5.316640543,226,241,0.524166667,0.163024436,0.363,0.682,462,56.4730024,420,No Activity
358,0,28.12,0.038987177,71.9,0.236558661,234.8333333,5.269408569,228,241,0.5635,0.147894219,0.363,0.682,481.8333333,59.981386,420,No Activity
359,0,28.14,0.049799598,71.96,0.227244362,236.5,5.753259945,228,242,0.604666667,0.110595961,0.388,0.682,508.3333333,62.2789424,420,No Activity
360,0,28.16833333,0.050365332,72.03666667,0.077114633,235,7.211102551,226,242,0.644,0.032569925,0.61,0.682,534.8333333,49.74099584,443,No Activity
361,0,28.19166667,0.050365332,71.98166667,0.198737683,234.3333333,8.115828157,224,242,0.640666667,0.028696109,0.61,0.676,562.6666667,31.43034627,532,No Activity
362,0,28.21333333,0.046332134,72.05666667,0.283101866,234.3333333,8.115828157,224,242,0.646,0.035236345,0.61,0.692,585.1666667,48.67614063,536,Boil
363,0,28.23833333,0.038686776,71.93666667,0.388827297,232.1666667,7.704976747,224,242,0.652833333,0.044875012,0.61,0.717,610.5,56.839247,540,Boil
364,0,28.25833333,0.033115958,71.85,0.400249922,230.1666667,6.400520812,224,242,0.6685,0.044171258,0.61,0.717,632.8333333,49.44255926,579,Boil
365,0,28.27833333,0.034302575,71.76833333,0.393873922,228.5,3.209361307,224,232,0.682166667,0.033955363,0.624,0.717,645.6666667,42.12679274,579,Boil
366,0,28.3,0.04472136,71.81833333,0.442195281,230.3333333,4.412104562,224,237,0.774333333,0.198127905,0.662,1.177,664.5,29.82448658,610,Boil
367,0,28.32333333,0.049665548,71.86666667,0.427862906,231.8333333,3.188521078,228,237,1.0175,0.573129218,0.692,2.121,686.8333333,30.99946236,656,Boil
368,0,28.35333333,0.057503623,71.76833333,0.314160256,232.6666667,3.829708431,228,237,1.3405,0.8379281,0.692,2.63,699.6666667,36.58232725,656,Boil
369,0,28.385,0.067156534,71.89333333,0.280974495,234.6666667,4.03319559,229,240,1.740666667,1.031559144,0.692,3.118,708.3333333,39.3225974,656,Boil
370,0,28.415,0.061562976,71.985,0.250259865,234.8333333,3.763863264,230,240,2.142666667,1.017591208,0.692,3.118,702.6666667,46.96665484,640,Boil
371,0,28.44166667,0.051153364,72.07666667,0.161699309,235.6666667,3.559026084,230,240,2.3955,0.734013283,1.177,3.118,699.1666667,51.68526547,635,Boil
372,0,28.46166667,0.039707262,72.16833333,0.34827671,236.1666667,3.970726214,230,240,2.594333333,0.441039076,2.121,3.118,695.8333333,52.87122721,635,Boil
373,0,28.48666667,0.03204164,72.14666667,0.372970061,238.1666667,4.956477244,230,245,2.615,0.416654293,2.209,3.118,674.3333333,55.52897142,615,Boil
374,0,28.50333333,0.028751812,72.22333333,0.353986817,240,6.292853089,230,248,2.482333333,0.523858251,1.834,3.118,651.1666667,49.29672065,605,Boil
375,0,28.51333333,0.029439203,72.25666667,0.353986817,241.5,7.286974681,230,249,2.268333333,0.471937566,1.834,3.118,626.8333333,28.19515325,594,Boil
376,0,28.59166667,0.019407902,70.42,0.122474487,245,9.186947262,236,259,0.879166667,0.051936179,0.822,0.932,424.3333333,13.42634227,408,No Activity
377,0,28.59333333,0.019663842,70.42,0.122474487,247.3333333,8.164965809,237,259,0.8615,0.050417259,0.821,0.932,419.3333333,13.79371838,406,No Activity
378,0,28.59833333,0.01602082,70.38666667,0.160208198,249.8333333,6.49358658,239,259,0.844333333,0.037489554,0.821,0.918,413,12.74362586,399,No Activity
379,0,28.60333333,0.008164966,70.32,0.083666003,253.3333333,4.966554809,248,260,0.831,0.010714476,0.821,0.849,406.6666667,8.286535263,397,No Activity
380,0,28.60166667,0.009831921,70.32,0.083666003,253.5,4.888762625,248,260,0.831,0.010714476,0.821,0.849,402.6666667,6.055300708,396,No Activity
381,0,28.60166667,0.009831921,70.28666667,0.098319208,255.1666667,4.308905507,250,260,0.836666667,0.015908069,0.821,0.861,400.1666667,5.492419017,395,No Activity
382,0,28.59833333,0.004082483,70.25333333,0.098319208,254,4,250,260,0.844833333,0.019125027,0.821,0.871,397.8333333,4.355073669,394,No Activity
383,0,28.60166667,0.009831921,70.18666667,0.132916014,255.5,3.885871846,252,260,0.852333333,0.016560998,0.829,0.871,394.8333333,3.763863263,388,Boil(Pressure Cooker)
384,0,28.60666667,0.015055453,70.13666667,0.186189867,256.8333333,3.816630276,252,260,0.857,0.011983322,0.838,0.871,391.6666667,6.531972647,380,Boil(Pressure Cooker)
385,0,28.61166667,0.017224014,70.03833333,0.247420021,256.1666667,3.488074923,252,260,0.859166667,0.008542053,0.849,0.871,388.5,7.893034904,378,Boil(Pressure Cooker)
386,0,28.61833333,0.014719601,69.92333333,0.221419662,256.1666667,3.488074923,252,260,0.859666667,0.007890923,0.851,0.871,385.3333333,8.091147426,377,Boil(Pressure Cooker)
387,0,28.62333333,0.012110601,69.84166667,0.201734148,256,3.405877273,252,260,0.858166667,0.008424172,0.851,0.871,386.6666667,10.34730239,377,Boil(Pressure Cooker)
388,0,28.62833333,0.004082483,69.76,0.127906216,257,2.828427125,252,260,0.855,0.005796551,0.851,0.866,406.5,53.06882324,377,Boil(Pressure Cooker)
389,0,28.64,0.024494897,69.80333333,0.222411031,256,3.033150178,252,260,1.342666667,1.199925275,0.851,3.792,434.6666667,79.5353171,377,Boil(Pressure Cooker)
390,0,28.65,0.030983867,69.86333333,0.284018779,255.8333333,2.786873995,252,259,1.831833333,1.518338621,0.851,3.792,489.3333333,130.7067966,377,Boil(Pressure Cooker)
391,0,28.67166667,0.05231316,69.955,0.301247407,255.5,2.880972058,252,259,2.585,1.983924898,0.852,5.37,540.3333333,138.0690648,377,Boil(Pressure Cooker)
392,0,28.69833333,0.065853372,70.08166667,0.321584618,257.6666667,4.273952113,253,265,3.345,2.059263461,0.852,5.412,597.5,127.5221549,403,Boil(Pressure Cooker)
393,0,28.73,0.07183314,70.19,0.263438797,258.3333333,4.457203907,253,265,4.238166667,1.919127762,0.852,6.211,650.3333333,91.36447158,513,Boil(Pressure Cooker)
394,0,28.76166667,0.059805239,70.29833333,0.084950966,259,4.69041576,253,265,5.131333333,1.10042931,3.792,6.211,684.8333333,64.16982676,557,Boil(Pressure Cooker)
395,0,28.78333333,0.051639778,70.315,0.078421936,258.8333333,4.956477244,252,265,5.5345,0.943539029,3.792,6.211,745.3333333,86.70563227,684,Boil(Pressure Cooker)
396,0,28.805,0.025099801,70.33166667,0.066458007,256.8333333,6.911343333,247,265,5.937666667,0.423654419,5.37,6.211,767.8333333,92.40869367,684,Boil(Pressure Cooker)
397,0,28.815,0.012247449,70.34833333,0.044907312,256,7.589466384,247,265,6.077833333,0.326190384,5.412,6.211,793.1666667,85.39886806,720,Boil(Pressure Cooker)
398,0,28.845,0.061237244,70.42333333,0.228619043,253.1666667,6.67582704,247,262,6.361666667,0.369056455,6.211,7.115,836.1666667,104.09691,720,Boil(Pressure Cooker)
399,0,29.12666667,0.005163978,68.90166667,0.341843044,217.3333333,2.943920289,214,222,1.358666667,0.081254333,1.29,1.462,404.3333333,21.10608127,386,No Activity
400,0,29.11666667,0.023380904,68.80333333,0.280190411,216.3333333,1.861898673,214,219,1.323666667,0.072610376,1.252,1.462,397.1666667,17.17459364,386,No Activity
401,0,29.10666667,0.028751812,68.80333333,0.280190411,215.6666667,1.861898673,214,219,1.291666667,0.028147232,1.252,1.332,389.5,5.00999002,385,No Activity
402,0,29.09166667,0.036560452,68.93666667,0.355677757,215.5,1.516575089,214,218,1.292666667,0.029917665,1.252,1.338,386.8333333,2.639444385,383,No Activity
403,0,29.08333333,0.034448028,69.085,0.337268439,215,2.366431913,211,218,1.305166667,0.044972955,1.252,1.374,385.5,2.738612787,382,No Activity
404,0,29.08,0.029664794,69.16666667,0.286751925,214.8333333,2.316606714,211,218,1.315,0.04737932,1.252,1.374,384.3333333,3.777124126,379,No Activity
405,0,29.07833333,0.027141604,69.215,0.260057686,214.8333333,2.316606714,211,218,1.322,0.049034682,1.252,1.374,382.5,3.728270376,378,No Activity
406,0,29.09166667,0.03920034,69.08333333,0.572771042,215.5,3.146426545,211,220,1.36,0.068442677,1.27,1.48,380.6666667,3.141125063,377,No Activity
407,0,29.10666667,0.045898439,68.83333333,0.75303829,215.5,3.146426545,211,220,1.412666667,0.099755033,1.338,1.586,381.1666667,4.070217029,377,No Activity
408,0,29.13166667,0.043089055,68.565,0.788206826,215.1666667,2.926886856,211,220,1.5625,0.343221649,1.349,2.237,388.8333333,20.07402966,377,No Activity
409,0,29.15666667,0.043665394,68.37666667,0.669049076,217,3.224903099,214,222,1.8035,0.597711218,1.349,2.82,405.1666667,41.66253313,377,Curry
410,0,29.185,0.059581876,68.27333333,0.552292193,220.1666667,7.440878084,214,234,2.265833333,1.065578794,1.349,4.123,422,48.77294332,377,Curry
411,0,29.21666667,0.062182527,68.105,0.310853663,244.8333333,58.31094809,214,363,2.774333333,1.252193382,1.48,4.4,464.8333333,94.14757919,377,Curry
412,0,29.24666667,0.066833126,68.11666667,0.304214836,293,120.206489,214,509,3.193,1.148535067,1.586,4.4,505,100.3832655,388,Curry
413,0,29.275,0.058223707,68.09833333,0.328719739,340.8333333,138.2337392,216,509,3.4845,0.839469535,2.237,4.4,539.5,86.7796059,429,Curry
414,0,29.295,0.041352146,68.06333333,0.373666518,375.6666667,126.3038664,222,509,3.579333333,0.68901253,2.806,4.4,553,71.02112362,480,Curry
415,0,29.31,0.018973666,67.94833333,0.39549547,412.3333333,102.4532414,234,509,3.577,0.692115019,2.806,4.4,555.8333333,67.7920841,480,Curry
416,0,29.30166667,0.037103459,67.91666667,0.337144875,456,56.9912274,363,509,3.321166667,0.732450249,2.588,4.4,560.6666667,62.09884594,497,Curry
417,0,29.29,0.047328638,67.98166667,0.42803816,465.5,40.8546203,420,509,3.002833333,0.565925231,2.49,3.992,543.3333333,50.66228051,497,Curry
418,0,29.28166667,0.043089055,68.35833333,1.025210547,445.3333333,44.76456932,388,501,2.794333333,0.293472088,2.49,3.335,533,36.81847362,497,Curry
419,0,29.28333333,0.045460606,68.80166667,1.236873747,426.6666667,40.00833247,388,496,2.7975,0.300491431,2.49,3.354,532,34.82527818,497,Curry
420,0,29.28833333,0.050365332,69.26166667,1.213596583,435.1666667,44.7232229,388,496,2.888833333,0.377106042,2.49,3.354,550.8333333,48.4413735,497,Curry
421,0,29.31833333,0.097450842,69.61833333,0.902051366,490.8333333,146.6484458,388,776,3.022333333,0.471807871,2.49,3.607,571.8333333,47.74271323,509,Curry
422,0,29.35333333,0.097091023,69.44833333,1.218267896,489.8333333,146.6266233,388,776,3.113,0.421205888,2.49,3.607,574.5,43.8166635,525,Curry
423,0,29.38666667,0.078909231,69.14833333,1.625477366,478.6666667,155.3031444,353,776,3.124666667,0.400982626,2.56,3.607,559.6666667,69.20019268,442,Curry
424,0,29.40833333,0.059132619,68.48666667,1.871808395,460.6666667,173.1469511,280,776,3.050333333,0.512236143,2.295,3.607,535.1666667,92.76727153,409,Curry
425,0,29.42,0.048989795,68.18666667,1.641604906,457.5,174.8848192,280,776,2.908,0.529344878,2.295,3.607,511.6666667,94.2500221,409,Curry
426,0,29.44333333,0.034448028,67.88666667,1.292310592,428.6666667,185.1827926,280,776,2.791833333,0.486651176,2.295,3.607,494.1666667,77.7468113,409,Curry
427,0,29.45333333,0.053913511,67.65666667,0.982052273,345.1666667,80.7500258,275,490,2.675,0.30026122,2.295,3.132,477.6666667,50.75693713,409,Curry
428,0,29.47833333,0.076528862,67.82,1.007988095,306,45.93909011,255,370,2.669666667,0.290650764,2.295,3.1,479.3333333,52.74719582,409,Curry
429,0,29.515,0.098336158,68.20833333,0.980253369,287,46.18657814,239,370,2.819,0.423055552,2.295,3.456,501.6666667,61.43180501,409,Curry
430,0,29.56666667,0.112546287,68.335,0.688469317,279.1666667,51.31244164,233,370,3.0245,0.417038008,2.5,3.528,527.1666667,44.76792006,448,Curry
431,0,29.62333333,0.103085725,68.08333333,0.847411746,255.1666667,29.27399301,226,303,3.2015,0.37294383,2.657,3.562,545.8333333,23.41295937,518,Curry
432,0,29.66833333,0.085420528,67.88,0.856481173,243,18.66547615,226,275,3.391666667,0.32795955,2.906,3.798,556.3333333,22.54477027,524,Curry
433,0,29.70666667,0.072295689,67.66166667,0.876388422,234.8333333,11.01665406,226,255,3.617,0.386729363,3.1,4.258,573.6666667,31.0783955,535,Curry
434,0,29.73833333,0.048751068,67.44333333,0.829546061,230.1666667,5.115336418,226,239,3.81,0.365484883,3.456,4.258,589.6666667,31.89148267,560,Curry
435,0,29.765,0.031464265,66.96666667,0.365111855,227.8333333,3.060501048,225,233,3.9515,0.365368718,3.528,4.305,598.5,34.57600324,560,Curry
436,0,29.77666667,0.023380904,66.98333333,0.371896043,227,1.788854382,225,230,4.0745,0.315041426,3.562,4.305,610.3333333,31.60801586,560,Curry
437,0,29.78166667,0.019407902,67.015,0.386510026,226.5,2.42899156,223,230,4.291666667,0.339270197,3.798,4.865,630.1666667,31.03814857,581,Curry
438,0,29.77666667,0.030110906,66.9,0.372880678,225.6666667,1.751190072,223,228,4.446833333,0.275178064,4.258,4.865,646.5,25.23291501,628,Curry
439,0,29.76666667,0.037771241,66.83333333,0.37643946,224,4.289522118,216,228,4.525333333,0.277705359,4.258,4.865,630.5,53.69450624,532,Curry
440,0,29.74333333,0.062822501,66.76666667,0.365659222,223.8333333,4.16733328,216,228,4.254666667,0.830868622,2.634,4.865,604.3333333,83.42581535,474,Curry
441,0,29.71166667,0.069976186,66.77166667,0.357458622,223,4.38178046,216,228,3.949333333,1.101285189,2.473,4.865,578.5,97.13238389,474,Curry
442,0,29.67666667,0.075277265,66.66166667,0.317012092,221.3333333,3.983298466,216,226,3.631166667,1.256344923,2.357,4.865,548.3333333,104.6377879,452,Curry
443,0,29.64,0.068117545,66.55333333,0.143341085,220,4.604345773,215,226,3.195,1.19510418,2.248,4.729,509.1666667,88.71621423,444,Curry
444,0,29.62333333,0.05573748,66.855,0.797840836,218.1666667,4.400757511,214,226,2.922,0.932936868,2.248,4.729,473.6666667,31.02042338,444,Curry
445,0,29.61166667,0.034880749,67.06833333,0.89702657,219.8333333,5.231315959,214,226,2.731,0.510811511,2.248,3.583,479,43.35435388,444,Curry
446,0,29.61666667,0.041311822,67.135,0.874294001,219.5,4.806245936,214,226,2.824333333,0.5398769,2.248,3.583,487.3333333,46.86434323,444,Curry
447,0,29.62666667,0.048853523,67.34333333,0.776084188,218.8333333,4.996665555,214,226,2.868166667,0.515785776,2.248,3.583,491,46.47149664,444,Curry
448,0,29.64166667,0.045350487,67.50166667,0.654566014,218.1666667,5.382068995,214,226,2.904833333,0.47866373,2.248,3.583,497.6666667,42.45311139,444,Curry
450,0,29.65,0.045166359,66.95333333,1.32026765,216.3333333,7.284687136,209,226,2.778666667,0.547936736,2.005,3.583,486.1666667,59.06747554,396,Reheat
451,0,29.63333333,0.0608824,66.64833333,1.259498577,213.3333333,6.121002097,208,224,2.571166667,0.397509958,2.005,3.194,465.5,46.80918713,396,Reheat
452,0,29.62,0.06,66.63666667,1.255351212,211.3333333,3.204163958,208,216,2.687166667,0.641986734,2.005,3.89,479.8333333,73.73036462,396,Reheat
453,0,29.61333333,0.053913511,66.53833333,1.191946587,210.5,2.258317958,208,214,3.103166667,1.224433815,2.005,5.232,513.3333333,116.0580315,396,Reheat
454,0,29.60833333,0.048751068,66.45666667,1.133149005,210.1666667,1.722401424,208,212,3.545666667,1.454402512,2.005,5.232,549.8333333,139.9791651,396,Reheat
455,0,30.18166667,0.024832774,65.06666667,1.02197195,218.8333333,3.970726214,214,225,2.5185,0.084800354,2.417,2.609,521.5,28.04104135,473,No Activity
456,0,30.18666667,0.022509257,64.90333333,1.253661305,217.3333333,5.006662228,211,225,2.5225,0.079452502,2.417,2.609,508.3333333,44.01211954,439,No Activity
457,0,30.195,0.019748418,64.69,1.49689011,216.5,5.08920426,211,225,2.5245,0.076356401,2.429,2.609,493.1666667,56.42487631,421,No Activity
458,0,30.2,0.010954451,64.23166667,1.473124797,214.3333333,3.141125064,211,220,2.509666667,0.085294001,2.429,2.609,471.8333333,55.74017103,420,No Activity
459,0,30.2,0.010954451,63.69,1.054362367,213.5,1.643167673,211,215,2.482333333,0.077644489,2.429,2.609,450,44.45222154,417,No Activity
460,0,30.2,0.010954451,63.29666667,0.476934657,211.5,4.415880433,203,215,2.452333333,0.048048587,2.429,2.55,430.6666667,22.50925735,414,No Activity
461,0,30.2,0.010954451,63.13333333,0.147196014,210.1666667,4.708148964,203,215,2.432166667,0.004665476,2.429,2.441,420,10.27618606,409,No Activity
462,0,30.20333333,0.010327956,63.15,0.154919334,209.8333333,4.708148964,203,215,2.430166667,0.001834848,2.429,2.433,414.3333333,6.314005596,405,No Activity
463,0,30.20833333,0.018348479,62.88833333,0.78944073,208.3333333,4.546060566,203,215,2.4235,0.016991174,2.389,2.433,411.1666667,7.026141663,402,No Activity
464,0,30.215,0.017606817,62.61,0.955635914,206.5,4.969909456,201,215,2.416,0.021753161,2.387,2.433,409.6666667,5.573747991,402,No Activity
465,0,30.21833333,0.013291601,62.33166667,1.008631086,204.5,2.810693865,201,209,2.407333333,0.023880257,2.381,2.429,408.8333333,4.535048695,402,Boil
466,0,30.21833333,0.013291601,62.03666667,0.943030576,203,5.176871642,194,209,2.399333333,0.023200575,2.381,2.429,409.5,5.61248608,402,Boil
467,0,30.21833333,0.013291601,61.74166667,0.743247379,202.1666667,4.996665555,194,209,2.391333333,0.018779421,2.381,2.429,415.1666667,14.74336009,402,Boil
468,0,30.22166667,0.013291601,61.61,0.424028301,200.8333333,3.710345896,194,205,2.706333333,0.790049787,2.381,4.319,442.1666667,62.71017993,402,Boil
469,0,30.22166667,0.013291601,61.75833333,0.440836326,199.1666667,3.710345896,194,203,3.067333333,1.063563382,2.381,4.555,470.1666667,77.05430985,411,Boil
470,0,30.23,0.027568098,61.855,0.431080039,197.5,4.806245936,191,203,3.4335,1.156615018,2.381,4.584,497.1666667,80.4820891,412,Boil
471,0,30.24833333,0.043550737,61.92,0.390742882,195,5.253570215,188,201,3.790833333,1.096018689,2.381,4.584,524.6666667,73.44294838,418,Boil
472,0,30.28333333,0.077631609,61.76666667,0.675030863,192.6666667,8.115828157,180,201,4.073166667,0.851015021,2.381,4.584,550.5,52.77025677,443,Boil
473,0,30.32,0.087407094,61.59666667,0.863728352,189,8.555699854,179,201,4.337,0.265320184,3.964,4.584,572,3.346640106,567,Boil
474,0,30.35833333,0.090424923,61.37833333,0.761351868,184.6666667,7.814516406,175,195,4.263166667,0.326025408,3.876,4.584,573.1666667,2.316606713,570,Boil
475,0,30.40166667,0.084478794,61.405,0.796611574,182.5,5.958187644,175,191,4.215833333,0.294249837,3.876,4.584,580.3333333,16.09554804,572,Boil
507,0,31.37333333,0.119610479,59.81833333,1.560787195,1257.333333,521.4589789,688,1944,3.233,0.424531742,2.704,3.862,649.8333333,41.45077402,599,Fry
508,0,31.43333333,0.104626319,60.53333333,2.183663588,1061.833333,423.1512338,688,1716,3.446833333,0.793458611,2.704,4.857,705.1666667,144.1352374,599,Fry
509,0,31.47833333,0.098877028,61.28,2.569474654,939.8333333,277.1659551,688,1402,3.9315,1.083938882,2.915,5.612,778.5,185.3545252,618,Fry
510,0,31.51333333,0.074206918,61.75,2.585884762,891.5,192.9411827,688,1112,4.378833333,1.133248325,3.153,5.612,839.1666667,189.305485,618,Fry
511,0,31.53833333,0.049564772,62.34,2.352181966,854.1666667,167.2799051,688,1112,4.780333333,1.0516204,3.153,5.612,862.3333333,173.1608116,618,Fry
512,0,31.55666667,0.012110601,63.225,0.596246593,856.3333333,165.0462561,688,1112,5.188,0.714755343,3.862,5.612,866.5,166.2693598,643,Fry
513,0,31.52166667,0.089758936,62.87,1.31505133,1087.833333,505.2403059,719,2077,5.194,0.701424836,3.898,5.612,880,154.266004,643,Fry
514,0,31.47666667,0.126754356,62.025,2.090653008,1395.5,767.6396941,719,2617,5.043,0.866563096,3.898,5.612,833.3333333,157.7360665,643,Fry
515,0,31.42666667,0.13662601,61.09833333,2.180049694,1816.333333,1111.872235,719,3509,4.726166667,0.959460352,3.711,5.599,777.6666667,126.4763483,643,Fry
516,0,31.38,0.133865604,60.21833333,2.320063936,2095.833333,1110.186726,719,3509,4.389666667,0.946074768,3.58,5.599,722.5,68.46239844,643,Fry
517,0,31.32833333,0.113387242,59.37166667,2.007838805,2399.833333,942.4780988,719,3509,3.986333333,0.836952488,3.179,5.599,691.8333333,59.34447461,631,Fry
518,0,31.27666667,0.037237973,58.85166667,1.060969682,2898.166667,606.6341292,2077,3709,3.6825,0.280037676,3.179,3.951,715.6666667,64.31692364,631,Fry
519,0,31.26,0.022803509,58.705,0.848687222,3208.333333,577.8829178,2617,3938,3.7555,0.384903494,3.179,4.336,716,64.81357882,631,Fry
520,0,31.24666667,0.025033311,58.60666667,0.894822142,3282.833333,511.3900338,2688,3938,3.78,0.404039107,3.179,4.336,709.3333333,67.9077806,631,Fry
521,0,31.23333333,0.025033311,58.78666667,0.99827184,3189.666667,512.8635946,2688,3938,3.714333333,0.447207633,3.179,4.336,703.1666667,70.02689959,631,Curry
522,0,31.22166667,0.020412415,59.115,0.896007812,3406.666667,580.4273139,2688,4091,3.6705,0.475031262,3.179,4.336,729.1666667,83.00702781,631,Curry
523,0,31.22833333,0.031251667,59.27833333,0.703176128,3384.166667,615.4196671,2553,4091,3.824166667,0.431358513,3.317,4.336,741.3333333,70.08471065,667,Curry
524,0,31.24333333,0.052408651,59.26333333,0.688583086,3144.833333,732.0107695,2273,4091,3.770666667,0.457633332,3.317,4.336,728.3333333,67.32211128,667,Curry
525,0,31.26333333,0.070616334,59.38833333,0.797431293,2885.166667,667.9064056,2273,4091,3.665,0.364763485,3.317,4.101,725.5,64.13657303,667,Curry
526,0,31.29333333,0.080911474,59.72666667,0.460028985,2704.5,751.2652661,1980,4091,3.585166667,0.297203241,3.317,4.101,736.3333333,57.41660619,668,Curry
527,0,31.33,0.08,59.98333333,0.764399546,2445.666667,902.1435954,1397,4091,3.530333333,0.376378356,2.988,4.101,741.8333333,50.75595203,701,Curry
528,0,31.37,0.059329588,60.38666667,1.129790541,1983.666667,519.7898293,1319,2553,3.5375,0.371886407,2.988,4.101,739.8333333,46.86327631,701,Curry
529,0,31.39666667,0.045018515,60.905,1.01932821,1766.166667,506.7809849,1248,2380,3.505333333,0.317813572,2.988,3.908,770.5,72.12142539,701,Curry
530,0,31.40666667,0.03204164,61.26,0.919347595,1578.5,489.7569806,1147,2380,3.659166667,0.473719924,2.988,4.378,811.3333333,95.29253206,701,Curry
531,0,31.39833333,0.048751068,61.51166667,0.780472079,1363.833333,321.5894381,1092,1980,3.9485,0.869733695,2.988,5.438,851,124.6531187,701,Curry
532,0,31.375,0.078166489,61.76166667,0.327317379,1180.333333,184.6441623,879,1397,4.312666667,1.124347752,2.988,5.804,909.3333333,138.9066833,701,Curry
533,0,31.34166667,0.09579492,61.96166667,0.303210598,1084.333333,198.6692394,821,1319,4.831,1.108282094,3.36,6.098,979,116.5435541,814,Curry
534,0,31.30833333,0.089312187,62.09833333,0.502649646,982,211.3480542,705,1248,5.309166667,0.955002496,3.908,6.229,1025.166667,89.93645905,888,Curry
535,0,31.27666667,0.063140056,61.80833333,0.904840686,859,238.5766124,510,1147,5.484833333,0.711653403,4.378,6.229,1021.333333,97.15280061,865,Curry
536,0,31.25333333,0.030110906,61.53333333,1.094891167,731.6666667,257.2715815,383,1092,5.582166667,0.55202986,4.962,6.229,990.3333333,142.4382907,767,Curry
537,0,31.25,0.022803509,61.975,1.612101113,610.8333333,222.0274007,367,879,5.340166667,0.860147061,3.986,6.229,960.1666667,154.0966147,767,Curry
538,0,31.255,0.025884358,62.58166667,2.046542613,521.8333333,198.8511168,345,821,5.096333333,0.9083754,3.986,6.229,938.1666667,142.18638,767,Curry
539,0,31.26333333,0.019663842,63.30333333,2.655271486,442,143.0440492,342,705,4.8475,0.773601125,3.986,6.229,912.3333333,114.059049,767,Curry
540,0,31.26833333,0.01602082,63.97333333,3.023829801,379,67.15653356,327,510,4.616666667,0.390911584,3.986,4.962,894.6666667,85.47904227,767,Curry
541,0,31.26666667,0.018618987,64.85833333,2.444793788,344,29.25747768,300,383,4.566833333,0.355542074,3.986,4.962,912.8333333,89.40562995,767,Curry
542,0,31.265,0.020736441,65.74333333,0.964752127,328,29.90652103,287,367,4.517,0.306673116,3.986,4.844,933.1666667,57.94278787,837,Curry
543,0,31.25666667,0.018618987,65.94,0.727158855,312.5,29.75063025,274,345,4.629833333,0.163223058,4.341,4.844,938.8333333,47.35152233,871,Curry
544,0,31.21666667,0.087787623,65.355,1.906596444,292.5,41.53432316,225,342,4.3595,0.807785553,2.719,4.844,900.3333333,100.5179918,719,Curry
545,0,31.17,0.121655251,64.36166667,2.491155689,271.6666667,43.06119676,217,327,3.949333333,1.19174975,2.144,4.844,845.3333333,140.8895549,634,Curry
546,0,31.11666667,0.138082101,63.385,2.421171204,251.3333333,40.4310112,205,300,3.447,1.362237131,1.83,4.663,779.3333333,154.4754565,589,Curry
547,0,31.06,0.146833239,62.555,2.371292896,235.5,35.90960874,205,287,2.978166667,1.343977294,1.83,4.663,717.3333333,134.0159195,589,Curry
548,0,30.99833333,0.133179077,62.56,2.378966162,219.8333333,28.73615609,193,274,2.531166667,1.094367291,1.83,4.663,669.5,109.4582112,589,Curry
549,0,30.935,0.071203932,62.325,2.070639998,204.3333333,15.88290486,181,225,2.175666667,0.370190582,1.83,2.719,647,64.32417897,589,Curry
550,0,30.90166667,0.057763887,62.72333333,2.150103873,196.3333333,15.47471055,177,217,2.212833333,0.440221043,1.83,2.942,657.1666667,80.71286556,589,Curry
551,0,30.88,0.039496835,63.43166667,2.088946305,191.6666667,11.77568116,177,205,2.4745,0.749255564,1.83,3.714,704.8333333,132.2761001,589,Curry
552,0,30.87,0.021908902,63.94,1.748507935,186.8333333,11.14300977,176,205,2.933166667,1.055542025,1.85,4.582,761.1666667,144.4886385,602,Curry
553,0,30.86833333,0.019407902,64.53,0.645321625,179.6666667,10.94836365,162,193,3.3885,1.083722797,1.981,4.582,806.1666667,125.8450105,602,Curry
554,0,30.87166667,0.021369761,64.285,0.376231312,175.1666667,9.867454923,162,189,3.822,0.915218881,2.53,4.582,857,80.20473801,736,Curry
555,0,30.88666667,0.037237973,64.96666667,1.65572542,174.3333333,9.479803092,162,189,4.281666667,0.824652573,2.942,5.288,899.5,70.20185183,780,Curry
556,0,30.90666667,0.039327683,65.65,2.018058473,171.8333333,10.55304064,162,189,4.697333333,0.616662847,3.714,5.436,932.5,44.69787467,872,Curry
557,0,30.93666667,0.059888786,65.58,2.050063414,166.5,7.893034904,157,176,4.914,0.388080404,4.582,5.436,931.3333333,45.17816582,872,Curry
558,0,30.97,0.080746517,65.825,1.927742203,164.3333333,6.408327915,157,176,4.9575,0.356789994,4.582,5.436,928.5,46.02933847,872,Curry
562,0,31.13333333,0.069474216,63.79333333,1.739720284,394.3333333,261.0039591,157,746,4.378833333,0.874476167,2.804,5.014,873.6666667,122.9531076,679,Fry
563,0,31.16,0.05585696,63.05166667,2.199494639,455.3333333,236.0158187,163,746,3.975666667,1.060839982,2.595,4.889,827.6666667,153.202698,637,Fry
564,0,31.17,0.045166359,61.68833333,2.760249385,473.6666667,211.7958136,196,746,3.589666667,1.102660359,2.527,4.889,772.3333333,175.8063328,578,Fry
565,0,31.18,0.026832816,60.39,2.347994889,484.8333333,195.3565117,263,746,3.143333333,1.033716531,2.165,4.889,691.8333333,123.1997024,572,Fry
566,0,31.175,0.031464265,59.58666667,2.118496322,452.3333333,216.0385768,262,746,2.687833333,0.636465684,2.156,3.88,646.8333333,105.4047754,572,Fry
567,0,31.15166667,0.053447794,58.38,2.16804059,370.8333333,170.5431519,257,647,2.298333333,0.448232826,1.543,2.804,601.6666667,45.6712893,572,Fry
568,0,31.12666667,0.05573748,57.38666667,1.81708191,322.6666667,105.2628456,257,523,2.056,0.509087026,1.35,2.595,562.6666667,63.03543977,445,Fry
569,0,31.1,0.051768716,56.375,1.631070201,273.6666667,43.89836747,229,358,1.828166667,0.525254764,1.228,2.527,525.3333333,75.33834792,413,Fry
570,0,31.07833333,0.05382069,55.69166667,1.931801405,256.1666667,61.58381822,168,358,1.563333333,0.502527877,0.938,2.165,493.5,87.9334976,387,Fry
571,0,31.055,0.046368092,55.025,1.730083813,238.3333333,73.54091832,156,358,1.342666667,0.475451645,0.841,2.156,460,90.30171648,371,Fry
572,0,31.03333333,0.023380904,54.31,0.87560265,217.1666667,83.03111866,135,358,1.1235,0.294015476,0.841,1.543,424.1666667,78.90859691,357,Fry
573,0,31.025,0.020736441,54.065,0.74201752,192.6666667,90.29654848,110,358,1.0065,0.225351947,0.841,1.35,388.1666667,35.06802912,356,Fry
574,0,30.98833333,0.073598007,53.82333333,0.272959093,151.3333333,44.75563279,110,229,0.8985,0.178135622,0.702,1.228,374,22.39642829,356,Fry
575,0,30.95833333,0.084241716,53.86166667,0.331204871,139.5,25.24876235,110,168,0.814,0.0880409,0.702,0.938,373.3333333,21.02062479,356,Fry
576,0,30.93333333,0.08453796,53.97666667,0.205685845,154.8333333,55.65039682,110,260,0.815,0.089748538,0.702,0.944,385.8333333,42.30090622,356,Fry
577,0,30.92333333,0.076854842,53.97666667,0.205685845,223.6666667,178.0951057,110,569,0.8905,0.216719865,0.702,1.294,400.6666667,50.80813583,356,Fry
578,0,30.95166667,0.122215656,53.71166667,0.794290039,401.3333333,286.0612988,110,865,1.003333333,0.287266891,0.702,1.394,421.5,44.97888393,360,Boil
579,0,31.01166667,0.143026804,53.37666667,1.019934638,431.5,257.2910803,158,865,1.0235,0.265288334,0.721,1.394,424.8333333,39.97207358,380,Boil
580,0,31.07166667,0.142185325,52.92666667,1.102209901,445.6666667,241.0474365,243,865,1.088333333,0.220293138,0.823,1.394,424,40.41781785,380,Boil
581,0,31.14,0.123125952,52.69333333,0.963984786,435.5,251.5040755,199,865,1.178666667,0.257290238,0.823,1.486,414.3333333,36.23074201,380,Boil
582,0,31.195,0.090719347,52.49333333,0.792758896,374.6666667,256.8413259,199,865,1.210666667,0.284955903,0.823,1.486,434.6666667,77.60068728,380,Boil
583,0,31.235,0.054313902,52.685,1.226845549,259.8333333,99.75854182,176,446,1.492666667,0.826089503,0.823,3.086,455.5,98.95807193,380,Boil
584,0,31.25166667,0.034880749,53.09333333,1.400595112,213.5,46.15950606,168,291,1.832666667,0.972341435,0.823,3.086,488.3333333,101.5453921,380,Boil
585,0,31.26,0.024494897,53.63333333,1.527477223,191.3333333,30.91709344,158,243,2.130166667,0.869242985,1.11,3.086,521.1666667,90.79078514,404,Boil
586,0,31.26333333,0.018618987,54.09,1.183114534,173.3333333,25.84311643,135,204,2.309166667,0.713838754,1.486,3.086,550,71.57653247,404,Boil
587,0,31.25666667,0.018618987,54.38333333,0.938694128,162.3333333,26.76315876,133,204,2.4255,0.600781408,1.486,3.086,566.8333333,30.41326465,505,Boil
588,0,31.24333333,0.025819889,54.465,0.758650117,147.3333333,23.79635826,114,176,2.394,0.661753731,1.297,3.086,543.3333333,58.16413557,441,Boil
589,1,30.08666667,0.035590261,43.835,0.325745299,88,1.095445115,87,90,0.346166667,0.016191562,0.326,0.364,327.8333333,1.602081977,325,No Activity
590,1,30.09833333,0.043550737,43.81666667,0.318977533,87.66666667,0.516397779,87,88,0.3425,0.016281892,0.326,0.364,328,1.788854381,325,No Activity
591,1,30.11333333,0.043204938,43.79666667,0.294459958,87.5,0.836660026,86,88,0.339,0.012569805,0.326,0.358,328.5,2.428991559,325,No Activity
592,1,30.13,0.031622777,43.79166667,0.288680908,87.5,0.836660026,86,88,0.335833333,0.008588752,0.326,0.347,329.6666667,3.559026083,325,No Activity
593,1,30.14166667,0.020412415,43.85333333,0.34742865,87.66666667,0.81649658,86,88,0.334666667,0.007118052,0.326,0.343,331.5,4.593473631,325,No Activity
594,1,30.15,0,44.02833333,0.337722766,87.66666667,0.81649658,86,88,0.336166667,0.005741661,0.327,0.343,333.6666667,3.93276832,329,No Activity
595,1,30.14666667,0.008164966,44.21333333,0.267407305,87.5,0.836660026,86,88,0.337833333,0.003600926,0.333,0.343,335.5,3.885871845,330,No Activity
596,1,30.14333333,0.010327956,44.36333333,0.287935178,87.5,0.836660026,86,88,0.339333333,0.003011091,0.335,0.343,337.1666667,3.125166661,332,No Activity
597,1,30.14,0.010954451,44.53166667,0.361077092,87.66666667,0.516397779,87,88,0.339333333,0.003011091,0.335,0.343,338.8333333,2.401388486,335,No Activity
598,1,30.13666667,0.010327956,44.74833333,0.40838299,86.83333333,1.940790217,83,88,0.340166667,0.003544949,0.335,0.344,340.6666667,3.01109061,338,Boil
599,1,30.13333333,0.008164966,44.93166667,0.39188859,86.66666667,1.861898672,83,88,0.340833333,0.003868678,0.335,0.344,342.5,4.183300132,338,Boil
600,1,30.13,0,45.08333333,0.340978983,86,2,83,88,0.342333333,0.00273252,0.337,0.344,350.6666667,18.15121667,340,Boil
601,1,30.15,0.048989795,45.21,0.243967211,86.16666667,2.136976056,83,88,0.866333333,1.280920086,0.342,3.481,389.6666667,91.96231112,340,Boil
602,1,30.185,0.089833179,45.28833333,0.116690474,86.5,2.588435821,83,90,1.414333333,1.659209772,0.343,3.63,428.1666667,112.9662191,342,Boil
603,1,30.23333333,0.125326241,45.28166667,0.131820585,87,2.966479395,83,90,1.955666667,1.766168584,0.344,3.63,468,118.5073837,346,Boil
604,1,30.29,0.144637478,45.37333333,0.291593324,87.66666667,2.250925735,84,90,2.614666667,1.782140698,0.344,4.298,520.8333333,123.7843555,349,Boil
605,1,30.35833333,0.150654129,45.56333333,0.543642039,87.83333333,2.228601953,84,90,3.765666667,2.202803184,0.344,7.25,603.6666667,149.4331512,387,Boil
606,1,30.42333333,0.11147496,45.80333333,0.723896862,88.66666667,1.211060141,87,90,5.025,2.006544094,3.481,7.9,698.5,164.24707,571,Boil
607,1,30.475,0.08336666,46.01333333,0.745054808,88.83333333,1.169045194,87,90,5.853,2.251996092,3.591,8.449,766.1666667,185.0161254,571,Boil
608,1,30.525,0.075828754,46.17,0.641560597,88.66666667,1.032795559,87,90,6.565166667,2.077263336,3.591,8.449,815.6666667,160.4576787,581,Boil
609,1,30.575,0.09027735,46.36166667,0.328049793,89,1.673320053,87,92,7.089166667,1.490693452,4.298,8.449,856.8333333,112.8262676,663,Boil
610,1,30.61666667,0.089814624,46.40666667,0.266433231,89.16666667,1.471960144,88,92,7.495333333,0.700832267,6.735,8.449,888.5,63.36481674,828,Boil
611,1,30.64666667,0.089144078,46.35333333,0.275874368,89.83333333,1.722401424,88,92,7.4095,0.765446732,6.735,8.449,868.3333333,92.26194593,725,Boil
612,1,30.68,0.066932802,46.25,0.171464282,89.5,2.073644135,87,92,7.215333333,0.763897812,6.735,8.449,820.5,110.3462732,669,Boil
613,1,30.70666667,0.032659863,46.18,0,90,2.28035085,87,92,6.929666667,0.476834003,6.735,7.903,768.3333333,92.38542454,667,Boil
614,1,30.72,0,46.18,0,90.83333333,2.714160398,87,94,6.735,0,6.735,6.735,746.8333333,78.52239596,667,Boil
615,1,30.77666667,0.138804419,46.21,0.073484692,90.83333333,2.714160398,87,94,6.762166667,0.066544471,6.735,6.898,766.8333333,111.6322833,667,Boil
616,1,30.83666667,0.180849846,46.305,0.229586585,91.16666667,2.401388487,87,94,6.967666667,0.494379476,6.735,7.968,800.5,161.9404211,667,Boil
617,1,30.90166667,0.199641345,46.36333333,0.235853062,91.5,2.664582519,87,94,7.282,0.813461738,6.735,8.621,855.8333333,185.9273155,667,Boil
618,1,30.97333333,0.198561493,46.50333333,0.334105772,92.33333333,1.505545305,90,94,7.6395,0.979403645,6.735,8.88,920.5,175.1088233,667,Boil
619,1,31.045,0.163309522,46.64333333,0.347255909,92.33333333,1.505545305,90,94,7.997,0.974683538,6.735,8.88,992.1666667,133.7077659,739,Boil
620,1,31.12833333,0.057763887,46.88166667,0.44314407,92.66666667,2.065591118,90,96,8.4695,0.926519023,6.898,9.57,1057.5,61.57840531,948,Boil
621,1,31.16,0.064498062,47.84333333,2.131006022,95,5.761944116,90,106,8.854833333,0.544063385,7.968,9.57,1104.5,68.51496187,1055,Boil
622,1,31.18333333,0.054283208,49.01833333,3.121175526,97.66666667,6.623191577,92,106,8.952,0.38189475,8.551,9.57,1131.666667,76.7793375,1057,Boil
623,1,31.20166667,0.041673333,50.23,3.363700343,99.5,6.920982589,92,106,8.940333333,0.394877534,8.551,9.57,1153.166667,69.39572513,1057,Boil
624,1,31.21333333,0.0332666,51.36,3.204740239,101.5,5.991660872,92,106,8.8855,0.426507093,8.551,9.57,1164.5,54.50412828,1097,Boil
625,1,31.21666667,0.025819889,52.65166667,2.612810109,104,4.049691346,96,107,8.567166667,0.891138018,6.97,9.57,1172.666667,45.25336083,1125,Boil
626,1,31.20833333,0.031885211,53.92833333,1.076279084,106,1.414213562,104,108,8.2325,0.81281111,6.97,9.21,1184.333333,41.20517767,1125,Boil
627,1,31.20166667,0.024832774,54.30333333,0.61937603,106.6666667,2.160246899,104,110,8.067833333,0.661093463,6.97,8.551,1181.666667,38.05609894,1125,Boil
628,1,31.2,0.023664319,54.79333333,1.110093089,107.5,2.738612787,104,111,8.033,0.635556449,6.97,8.551,1182.333333,38.84670728,1125,Boil
629,1,31.19833333,0.02228602,55.28333333,1.226681159,108.5,2.738612787,104,111,7.998166667,0.60655368,6.97,8.551,1187.333333,41.2682283,1125,Boil
630,1,31.20333333,0.030110906,56.16666667,1.744060397,112.5,7.765307463,107,128,8.112333333,0.773038076,6.97,9.236,1212.833333,42.30563398,1146,Boil
631,1,31.22,0.035213634,56.95333333,2.029262592,118.1666667,13.3479087,108,141,8.617333333,0.862107805,7.562,10,1251.333333,67.14064839,1201,Boil
632,1,31.24,0.035213634,57.67333333,2.078342288,124.8333333,16.79781732,110,148,9.023666667,0.839469753,8.222,10,1282,80.28698525,1214,Boil
633,1,31.25166667,0.034880749,58.49166667,1.367266129,130.8333333,16.86910391,111,148,9.32,0.813292567,8.342,10,1310.5,81.65965956,1216,Boil
634,1,31.26166667,0.02857738,59.11333333,1.254889105,136,14.09964539,111,148,9.596333333,0.686291386,8.342,10,1341.166667,76.14044042,1216,Boil
635,1,31.26333333,0.025033311,60.50333333,2.29126748,148,18.5148589,128,183,9.872666667,0.311901694,9.236,10,1408.333333,112.6439819,1278,Boil
636,1,31.26666667,0.024221203,61.41833333,2.68170406,158.1666667,21.79372999,141,189,10,0,10,10,1463.666667,117.2649422,1377,Boil
637,1,31.26833333,0.024832774,62.22,2.708770939,166.5,23.41580663,142,191,10,0,10,10,1501.333333,120.1210501,1385,Boil
638,1,31.26666667,0.023380904,62.825,2.390571061,173.6666667,23.20057471,142,191,10,0,10,10,1531.666667,107.1478729,1385,Boil
639,1,31.26833333,0.024832774,63.59333333,1.654782967,180.1666667,18.97805751,142,191,10,0,10,10,1553.5,81.58124785,1406,Boil
640,1,31.28,0.038470768,64.395,0.764872538,190.3333333,7.004760286,183,203,10,0,10,10,1578.833333,39.21946795,1516,Boil
641,1,31.305,0.040373258,64.27666667,0.688844443,193.8333333,7.808115436,185,204,10,0,10,10,1568.333333,34.45963823,1516,Boil
642,1,31.32666667,0.051251016,64.40333333,0.816104568,196.5,8.526429499,185,205,10,0,10,10,1559.833333,27.76628651,1516,Boil
643,1,31.35666667,0.068313005,64.39833333,0.816955731,199.3333333,9.13600934,185,208,10,0,10,10,1552.833333,18.43276069,1516,Boil
644,1,31.38666667,0.067428975,64.57333333,0.596880781,201,8.173126697,185,208,10,0,10,10,1549.166667,17.19786809,1516,Boil
645,1,31.41666667,0.054650404,64.93,0.736993894,204.1666667,2.316606714,201,208,10,0,10,10,1559,9.654014709,1545,Boil
646,1,31.43666667,0.041311822,64.94166667,0.744161721,205.6666667,3.829708431,201,212,10,0,10,10,1564.333333,15.84508336,1545,Boil
647,1,31.45166667,0.025625508,65.3,0.912447259,207.5,5.244044241,201,215,10,0,10,10,1571.666667,20.66559137,1545,Boil
648,1,31.45833333,0.009831921,65.545,1.105490841,210.1666667,7.359800722,201,221,10,0,10,10,1584.5,32.01718289,1545,Boil
649,1,31.455,0.012247449,65.97,1.002676418,213.3333333,9.892758294,201,227,10,0,10,10,1606.333333,51.5156934,1545,Boil
650,1,31.44,0.036331804,66.575,0.85621843,218.5,10.25182911,204,232,10,0,10,10,1644,74.97999733,1575,Boil
651,1,31.41666667,0.053913511,67.26666667,1.647855172,224.6666667,10.89342309,212,241,10,0,10,10,1681.666667,88.86544135,1590,Boil
652,1,31.38833333,0.069113433,68.35166667,2.18809887,230.3333333,11.79265308,215,246,10,0,10,10,1723.5,95.88482675,1600,Boil
653,1,31.36,0.068702256,69.12666667,2.232627749,234.5,9.481561053,221,246,10,0,10,10,1770,91.56855355,1636,Boil
654,1,31.335,0.060580525,69.85166667,2.03095462,235.6666667,7.763160868,227,246,10,0,10,10,1810.166667,71.74515082,1692,Boil
655,1,31.30333333,0.041311822,70.365,1.403862529,234.8333333,9.042492282,222,246,10,0,10,10,1853.833333,64.83954555,1771,Boil
656,1,31.28333333,0.030110906,70.32166667,1.496147274,230.5,14.96328841,206,246,10,0,10,10,1881.666667,57.61134148,1801,Boil
657,1,31.275,0.019748418,69.91333333,1.835185731,222.3333333,20.45156881,192,246,10,0,10,10,1902.666667,43.58287125,1841,Boil
658,1,31.27833333,0.024013885,68.47333333,3.01360692,211,23.3495182,178,240,10,0,10,10,1906.333333,37.91393763,1863,Boil
659,1,31.28166667,0.027141604,67.14833333,3.32267613,197.8333333,25.86438993,161,228,10,0,10,10,1870.333333,107.5874838,1663,Boil
660,1,31.295,0.045497253,65.9,2.888127421,187.6666667,23.51736947,161,222,10,0,10,10,1836.666667,133.5554816,1663,Boil
661,1,31.315,0.048062459,65.14166667,2.124075485,178,17.81010949,161,206,10,0,10,10,1790.166667,133.1020911,1663,Boil
662,1,31.33333333,0.038297084,64.76,1.759897724,171.3333333,11.65618577,161,192,10,0,10,10,1732.833333,130.7553696,1594,Boil
663,1,29.635,0.012247449,59.00166667,0.206244192,120.8333333,1.471960144,119,123,0.685333333,0.018683326,0.666,0.715,527.1666667,12.1064721,518,No Activity
664,1,29.64,0.010954451,59.02833333,0.202328116,120.8333333,1.471960144,119,123,0.698666667,0.028232369,0.667,0.746,536.5,21.53833791,520,No Activity
665,1,29.64166667,0.011690452,59.11,0.179666357,121.3333333,1.211060141,120,123,0.709833333,0.026392549,0.679,0.746,545.5,24.36185543,520,No Activity
666,1,29.64166667,0.011690452,59.225,0.219431083,121.1666667,1.471960144,119,123,0.719166667,0.022990578,0.69,0.746,556,24.74671695,520,No Activity
667,1,29.63833333,0.014719601,59.295,0.226958146,120.8333333,1.940790217,118,123,0.726,0.018176908,0.695,0.746,566.5,19.14941252,539,No Activity
668,1,29.63666667,0.013662601,59.295,0.226958146,120.8333333,1.940790217,118,123,0.731166667,0.010303721,0.715,0.746,574.3333333,14.76030713,546,No Activity
669,1,29.64,0.010954451,59.35666667,0.175119007,120,1.897366596,118,122,0.737833333,0.01068488,0.726,0.755,586.5,16.69431041,574,No Activity
670,1,29.63166667,0.018348479,59.395,0.114498908,119.6666667,1.861898672,118,122,0.744833333,0.023353087,0.726,0.788,596,23.13438999,574,No Activity
671,1,29.62333333,0.019663842,59.43166667,0.100879466,118.6666667,1.96638416,116,122,0.756666667,0.03283088,0.726,0.805,604.6666667,22.98405244,583,No Activity
672,1,29.61666667,0.019663842,59.55166667,0.369346269,118,2.449489743,115,122,0.774166667,0.044781321,0.726,0.84,612,21.67025611,583,Reheat
673,1,29.61333333,0.020655911,59.685,0.472599196,117.8333333,2.483277404,115,122,0.792333333,0.045863566,0.726,0.84,622.5,20.00749859,586,Reheat
674,1,29.61833333,0.029944393,59.99666667,0.755345396,117.1666667,1.471960144,115,119,1.520666667,1.751847444,0.755,5.096,679.5,122.0700618,619,Reheat
675,1,29.63166667,0.051542862,60.40666667,0.981074241,117.6666667,2.160246899,115,121,2.348833333,2.3795568,0.788,5.724,749.6666667,185.0758403,626,Reheat
676,1,29.65833333,0.069976186,60.86166667,0.998086503,116.8333333,2.483277404,114,121,3.209333333,2.623284023,0.805,5.951,829.6666667,223.31383,626,Reheat
677,1,29.69,0.080498447,61.3,0.840238062,117,2.449489743,114,121,3.927333333,2.414873882,0.84,5.951,916,228.8886192,627,Reheat
678,1,29.73333333,0.091578746,61.605,0.724451517,117,2.449489743,114,121,4.459166667,1.894207952,0.84,5.951,1008,198.4006048,646,Reheat
679,1,29.78333333,0.085945719,61.70833333,0.512617466,117.1666667,2.483277404,114,121,4.932833333,0.905492003,3.682,5.951,1092.166667,93.50383236,928,Reheat
680,1,29.82166667,0.076004386,61.9,0.517455312,117.3333333,2.581988897,114,121,4.643,1.100198709,3.357,5.951,1122.833333,47.9892349,1040,Reheat
681,1,29.86,0.072387844,62.27166667,1.016925104,117.6666667,3.204163957,114,123,4.384833333,0.969819451,3.357,5.951,1158,52.26853738,1111,Reheat
682,1,29.9,0.072387844,62.64333333,1.283505616,119,3.033150177,115,123,4.247,0.732427471,3.357,5.124,1185.166667,63.99817706,1112,Reheat
683,1,29.97833333,0.082563107,63.53833333,1.601417081,122.3333333,3.614784456,118,128,4.649,1.136606176,3.357,6.432,1237.166667,87.81666509,1112,Boil
684,1,30.01166667,0.084950966,64.31,1.126800781,123.8333333,3.311595788,119,128,5.004166667,1.106554548,3.357,6.432,1244.666667,80.61182709,1112,Boil
685,1,30.045,0.070356236,64.65333333,0.628384171,125,2.366431913,122,128,5.319,0.758013192,4.175,6.432,1239.833333,90.42879335,1083,Boil
686,1,30.06333333,0.052788888,64.63833333,0.646201723,124.8333333,2.562550812,122,128,5.428833333,0.587712316,4.834,6.432,1206,118.9066861,1048,Boil
687,1,30.07833333,0.043089055,64.605,0.674173568,124.8333333,2.562550812,122,128,5.728333333,0.815164441,4.834,6.921,1168.333333,128.4689327,1048,Boil
688,1,30.09833333,0.02228602,64.605,0.674173568,124.5,2.810693864,122,128,6.239666667,1.221321361,4.834,8.192,1160.166667,116.360503,1048,Boil
689,1,30.105,0.033316663,64.48333333,0.570777248,123.5,2.34520788,122,127,6.678666667,1.688370299,4.834,9.066,1166.833333,126.3478004,1048,Boil
690,1,30.11833333,0.044907312,64.28166667,0.241612638,122.5,1.760681686,121,126,7.244333333,1.896111248,4.834,9.207,1188.833333,142.8557548,1048,Boil
691,1,30.13333333,0.052025635,64.50666667,0.673072557,121.6666667,0.516397779,121,122,7.8755,1.719997297,4.834,9.207,1230.833333,142.5614487,1048,Boil
692,1,29.935,0.043243497,61.51,0.409585156,119.3333333,1.211060141,118,121,2.490333333,0.253851663,2.212,2.854,730.5,45.48736088,686,Curry
693,1,29.92333333,0.037771241,61.54166667,0.451017368,119.1666667,1.329160135,118,121,2.608833333,0.502116487,2.212,3.565,730.3333333,45.23567913,686,Curry
694,1,29.91666667,0.030767949,61.805,0.848262931,118.5,1.760681686,116,121,2.9125,0.932944961,2.212,4.52,730.1666667,44.98184819,686,Curry
695,1,29.91,0.018973666,62.06833333,1.034048677,119.3333333,3.502380143,116,126,3.239833333,1.110496541,2.212,4.52,742.1666667,49.50319855,686,Curry
696,1,29.91333333,0.020655911,62.47833333,0.921681434,139.5,48.8661437,116,239,3.611166667,1.10264417,2.212,4.52,804.5,141.0811823,686,Curry
697,1,29.91833333,0.020412415,62.82333333,0.716565884,235.1666667,229.8333454,116,694,3.995833333,0.901068347,2.33,4.52,876.8333333,183.5106718,686,Curry
698,1,29.96,0.083666003,63.31166667,0.814184664,322.5,272.0806866,116,694,5.0425,1.788971073,3.565,8.61,961.8333333,195.1823933,787,Curry
699,1,29.99666667,0.103279556,63.44333333,0.617143959,377.3333333,255.2564723,116,694,5.821,2.018967558,4.52,8.61,1037.833333,202.144915,787,Curry
700,1,30.03,0.109544512,63.77,0.9450291,435.6666667,221.32751,126,694,6.296333333,1.986881946,4.52,8.61,1103.333333,164.8425511,787,Curry
701,1,30.06833333,0.107780641,64.125,1.109842331,489,162.5275361,239,694,6.9085,1.893779053,4.52,8.61,1168.833333,56.45322548,1077,Curry
702,1,30.10666667,0.087787623,64.66,1.365327799,515.3333333,121.5560227,397,694,7.461833333,1.500512501,4.52,8.61,1186,34.22864298,1137,Curry
703,1,30.145,0.016431677,64.9,1.18947047,458.1666667,99.3527386,351,642,7.937833333,0.500243307,7.372,8.61,1196.333333,24.43494765,1180,Curry
704,1,30.15333333,0.019663842,65.28666667,1.445401905,408.8333333,52.03620534,346,466,7.6995,0.454511496,7.18,8.236,1198.666667,25.05726774,1180,Curry
705,1,30.16666667,0.026583203,65.79,0.837854403,403.1666667,48.79924863,346,466,7.586,0.371122082,7.18,8.193,1196,19.66723163,1180,Curry
706,1,30.17666667,0.020655911,66.14666667,0.997229495,395.3333333,39.60134678,346,446,7.583666667,0.372776966,7.18,8.193,1203.833333,21.31118642,1180,Curry
707,1,30.18166667,0.019407902,66.29333333,0.929637922,388.3333333,31.79727452,346,419,7.4095,0.257420862,7.148,7.84,1204.333333,20.66559137,1180,Curry
708,1,30.18666667,0.016329932,66.375,0.970973738,389.3333333,32.21593808,346,419,7.3115,0.150452318,7.148,7.555,1208.333333,17.01371995,1183,Curry
709,1,30.19166667,0.009831921,66.75166667,0.545835751,392.1666667,28.72919537,346,419,7.290833333,0.148321835,7.148,7.555,1229.666667,50.42089514,1183,Curry
710,1,30.20166667,0.020412415,66.93333333,0.771690784,387.5,38.38098488,318,419,7.646,0.82727577,7.148,9.311,1254.666667,71.50011655,1183,Curry
731,1,31.03,0.04472136,65.86833333,0.560122011,208.6666667,18.20622604,176,225,4.736,0.111833805,4.627,4.903,1493,23.29806859,1477,Curry
732,1,31.06,0.048579831,65.815,0.58270919,216.5,9.246621004,199,225,4.703166667,0.076258551,4.627,4.822,1500.333333,24.1633331,1477,Curry
733,1,31.08666667,0.058537737,65.745,0.505519535,218.8333333,4.490731195,213,225,4.667,0.057868817,4.605,4.762,1499.833333,24.76624046,1474,Curry
734,1,31.115,0.071203932,65.855,0.724451517,216.1666667,4.833908012,209,223,4.638666667,0.041297296,4.592,4.706,1478.666667,39.57103318,1407,Curry
735,1,31.145,0.060249481,66.06333333,0.606421196,211.8333333,11.28568415,191,223,4.694833333,0.13806146,4.592,4.964,1441.833333,84.33840564,1287,Curry
736,1,31.165,0.044158804,66.23833333,0.600913194,204.8333333,17.3483909,177,223,4.838333333,0.362362618,4.592,5.523,1406.166667,107.5368154,1265,Curry
737,1,31.175,0.027386128,66.28333333,0.570882358,197.5,20.66639785,172,223,4.878833333,0.349099079,4.592,5.523,1362,122.9796731,1218,Curry
738,1,31.17666667,0.025033311,66.57666667,0.525953103,187.1666667,20.86544192,161,213,4.8585,0.364396899,4.584,5.523,1305.833333,112.3341741,1184,Curry
739,1,31.17166667,0.029268869,66.855,0.634814934,178.1666667,19.06217896,159,209,4.953666667,0.359479995,4.584,5.523,1258.166667,83.74584567,1184,Curry
740,1,31.16,0.024494897,66.95333333,0.728441258,170.3333333,12.32341944,159,191,5.051,0.318721195,4.584,5.523,1224.666667,42.19794624,1184,Curry
741,1,31.15,0.015491933,67.575,1.35274166,165,7.615773106,159,177,5.294833333,0.638278126,4.584,6.427,1213,29.18903904,1184,Curry
742,1,31.10166667,0.044907312,68.31,0.985697722,154.6666667,5.955389716,149,162,6.161833333,0.777484769,5.176,6.872,1200.666667,17.45470328,1173,Boil
743,1,31.07666667,0.058878406,68.16666667,1.136198339,152.1666667,6.853223086,144,162,6.301,0.625634398,5.176,6.872,1181.833333,54.8212246,1075,Boil
744,1,31.03833333,0.080353386,67.71333333,1.728648798,149.5,5.167204273,144,159,6.4015,0.42505282,5.779,6.872,1152,81.33387978,1027,Boil
745,1,31.00833333,0.067354782,66.965,1.497127249,147.5,2.258317958,144,150,6.5385,0.549243389,5.779,7.249,1154.333333,83.73688952,1027,Boil
746,1,30.99166667,0.05419102,66.52333333,1.632331666,146.6666667,2.065591118,144,149,6.786333333,0.931966881,5.779,8.359,1175.166667,113.134286,1027,Boil
747,1,30.98833333,0.049564772,65.91833333,1.098388213,146,1.788854382,144,149,7.2225,1.393795645,5.779,9.339,1215.833333,159.1884627,1027,Boil
748,1,30.99,0.051768716,65.46,0.734874139,145.3333333,1.032795558,144,147,7.763833333,1.699872515,5.779,9.846,1257.833333,177.7846075,1027,Boil
749,1,31,0.057271284,65.19833333,0.24309806,144.8333333,2.041241452,141,147,8.254833333,1.506822407,5.779,9.846,1311.666667,159.2905103,1027,Boil
750,1,31.01833333,0.036560452,65.23166667,0.22692877,144.6666667,1.96638416,141,147,8.5605,1.007390242,7.249,9.846,1373.5,77.90442863,1231,Boil
751,1,31.02666667,0.024221203,65.18333333,0.182281833,144.5,1.760681686,141,146,8.503333333,1.101989595,6.906,9.846,1380,64.02811882,1270,Boil
752,1,31.02666667,0.024221203,65.24833333,0.181924893,144.1666667,1.834847859,141,146,8.168833333,1.41477679,6.352,9.846,1366,80.73908595,1259,Boil
753,1,31.01333333,0.035023801,65.23166667,0.168216131,143.5,2.167948339,141,146,7.607333333,1.521962636,5.97,9.846,1332,83.22739933,1242,Boil
754,0,28.645,0.016431677,57.325,0.219431083,202.1666667,2.714160398,198,205,1.257833333,0.014105554,1.247,1.285,452.3333333,2.658320271,450,No Activity
755,0,28.655,0.02258318,57.385,0.2681604,201.6666667,2.338090389,198,204,1.254333333,0.015945741,1.239,1.285,455.1666667,6.274286148,451,No Activity
756,0,28.665,0.02258318,57.445,0.295008474,200.8333333,2.228601953,198,204,1.249833333,0.019752637,1.226,1.285,459.5,10.42592922,451,No Activity
757,0,28.67333333,0.020655911,57.52166667,0.290820678,200.3333333,2.732520204,197,204,1.246333333,0.022078647,1.226,1.285,466.3333333,15.79451382,451,No Activity
758,0,28.69,0.027568098,57.76333333,0.321600166,200.5,2.880972058,197,204,1.236,0.01300769,1.223,1.254,477,23.22929185,454,No Activity
759,0,28.70666667,0.035023801,57.93833333,0.439746139,200.3333333,2.658320271,197,203,1.230833333,0.010303721,1.223,1.248,488.5,26.4253666,457,No Activity
760,0,28.72166667,0.035449495,58.11333333,0.458068408,200.1666667,2.857738033,197,203,1.225833333,0.007082843,1.218,1.239,502.5,28.56396331,467,No Activity
761,0,28.73333333,0.034448028,58.31166667,0.499095849,200.1666667,2.857738033,197,203,1.221833333,0.004445972,1.215,1.226,514.8333333,26.03395219,477,No Activity
762,0,28.745,0.028106939,58.51,0.440408901,201,3.16227766,197,204,1.22,0.00464758,1.215,1.226,525.5,19.79646433,492,No Activity
763,0,28.76166667,0.01602082,58.77333333,0.313219838,201.6666667,2.503331114,197,204,1.219833333,0.004400757,1.215,1.225,539.5,21.0309296,515,No Activity
764,0,28.77,0.015491933,58.905,0.290086194,201.5,2.42899156,197,204,1.2205,0.005205766,1.215,1.227,551.3333333,24.22120283,523,No Activity
765,0,28.78,0.024494897,58.98833333,0.250632533,201.5,2.42899156,197,204,1.2215,0.006252999,1.215,1.229,561.8333333,23.11204592,541,Boil
766,0,28.79,0.026832816,59.08833333,0.164974746,201.6666667,2.065591118,198,204,1.224,0.007456541,1.215,1.233,569.3333333,22.28601953,541,Boil
767,0,28.805,0.031464265,59.15333333,0.147060078,200.6666667,3.076794869,196,204,1.225666667,0.006022181,1.215,1.233,578.8333333,19.80319839,541,Boil
768,0,28.82166667,0.029268869,59.18666667,0.085009803,199.5,2.880972058,196,203,1.225666667,0.006022181,1.215,1.233,588.6666667,8.914407814,576,Boil
769,0,28.83666667,0.032659863,59.05666667,0.281969265,200,3.405877273,196,204,1.233666667,0.020185804,1.215,1.273,591.8333333,6.585337248,586,Boil
770,0,28.85333333,0.029439203,58.97333333,0.307419366,199.5,3.271085447,196,204,1.257166667,0.057835687,1.215,1.368,592.8333333,5.946988033,586,Boil
771,0,28.87166667,0.037638633,58.935,0.30428605,199.5,3.271085447,196,204,1.293166667,0.093206044,1.215,1.445,596.8333333,8.109665016,586,Boil
772,0,28.89166667,0.036560452,58.88,0.277632851,200.8333333,4.070217029,196,206,1.335833333,0.11596968,1.215,1.489,608.5,24.06449667,592,Boil
773,0,28.91166667,0.041673333,58.645,0.427586249,202.5,3.728270376,197,206,1.377166667,0.112716311,1.215,1.489,619.8333333,32.62156751,592,Boil
774,0,28.93,0.038470768,58.44166667,0.46231663,203.6666667,2.581988897,199,206,1.420166667,0.084043838,1.273,1.489,638.5,47.60567193,592,Boil
775,0,28.96166667,0.060800219,58.28833333,0.577353156,203.1666667,2.786873995,199,206,1.705,0.627088829,1.368,2.982,663,57.53259945,592,Boil
776,0,29.005,0.086660256,58.05333333,0.661926481,204.5,2.258317958,201,207,2.215,1.241512143,1.445,4.428,701.3333333,74.79750441,610,Boil
777,0,29.05166667,0.110347935,58,0.593262168,205,2.19089023,201,207,2.960833333,1.87100416,1.473,5.92,762.8333333,121.6855237,656,Boil
778,0,29.09833333,0.112856841,57.78166667,0.43282406,204.8333333,2.136976056,201,207,3.901333333,2.342151973,1.473,7.132,808.5,124.9443876,666,Boil
779,0,29.14166667,0.103231132,57.81166667,0.446202495,203,4.427188724,195,207,4.670333333,2.133567404,1.473,7.132,847.6666667,106.8656477,712,Boil
780,0,29.19833333,0.08109665,57.95666667,0.587832176,203.1666667,4.490731195,195,207,5.687,1.71822094,2.982,7.573,899.6666667,103.5039452,742,Boil
781,0,29.25,0.081731267,58.215,0.715842161,204.6666667,5.085928299,195,210,6.351166667,1.134556022,4.428,7.573,941.3333333,73.23296161,822,Boil
782,0,29.29333333,0.086871553,58.43666667,0.556620757,205.1666667,5.492419018,195,210,6.731333333,0.63220271,5.92,7.573,963.6666667,44.26586345,901,Boil
783,0,29.33,0.090994505,58.415,0.554319403,203.6666667,6.377042156,195,210,6.709166667,0.667676094,5.787,7.573,948.5,52.73992795,888,Boil
784,0,29.37333333,0.090037029,58.72166667,0.484661394,203.1666667,6.369196705,195,210,6.378,0.876214357,5.145,7.573,946.3333333,53.90609118,888,Boil
785,0,29.415,0.064730209,58.945,0.417312832,205.1666667,5.036533199,197,210,6.221,1.01256822,5.145,7.573,913.5,113.7818087,704,Boil
786,0,29.43333333,0.005163978,50.00333333,0.237542979,147.1666667,1.940790217,145,150,0.823,0.007615773,0.815,0.832,361.5,2.42899156,358,No Activity
787,0,29.43666667,0.012110601,49.955,0.210119014,145.6666667,4.226897996,138,150,0.820666667,0.008262364,0.813,0.832,363,3.741657386,358,No Activity
788,0,29.445,0.025099801,49.82333333,0.172240142,144.6666667,4.273952113,138,150,0.816833333,0.008400397,0.807,0.832,365.1666667,4.02077936,361,No Activity
789,0,29.455,0.029495762,49.61,0.437949769,144.3333333,4.03319559,138,150,0.8105,0.008983318,0.794,0.819,366.8333333,4.02077936,362,No Activity
790,0,29.46666667,0.031411251,49.44666667,0.548549603,144.5,4.086563348,138,150,0.804666667,0.012878923,0.784,0.815,368.1666667,3.371448749,363,No Activity
791,0,29.47833333,0.02786874,49.29833333,0.541199286,142.3333333,6.501281925,132,150,0.799333333,0.014292189,0.783,0.815,368.6666667,2.581988897,365,No Activity
792,0,29.49333333,0.019663842,49.16833333,0.47465426,139.8333333,5.81090928,132,146,0.794333333,0.012894443,0.783,0.813,368.5,2.880972058,364,No Activity
793,0,29.5,0.010954451,49.02166667,0.287639821,139.5,5.991660871,132,146,0.7895,0.009481561,0.783,0.807,367.6666667,3.386246693,364,No Activity
794,0,29.505,0.012247449,48.92333333,0.135744859,138.3333333,6.08824003,132,146,0.7845,0.005468089,0.777,0.794,366.3333333,3.386246693,363,No Activity
795,0,29.515,0.019748418,48.92333333,0.135744859,137,4.816637831,132,146,0.778666667,0.010053192,0.759,0.785,365,2.683281573,363,No Activity
796,0,29.52333333,0.022509257,48.89,0.195345847,134.8333333,2.136976056,132,138,0.772833333,0.015184422,0.749,0.785,363.5,1.643167672,361,No Activity
797,0,29.53666667,0.028751812,48.79333333,0.283384309,134.3333333,3.076794869,129,138,0.7655,0.019346834,0.739,0.785,362.5,1.643167672,360,No Activity
798,0,29.54333333,0.028751812,48.66,0.318810288,133,4.242640687,127,138,0.7575,0.019593366,0.737,0.784,361.5,2.258317958,358,No Activity
799,0,29.55833333,0.024832774,48.545,0.265687787,131.1666667,4.996665555,125,138,0.750333333,0.015370968,0.737,0.777,360.1666667,2.786873995,356,No Activity
800,0,29.57,0.018973666,48.44833333,0.180822196,130.5,4.636809248,125,138,0.744333333,0.008262364,0.737,0.759,358.8333333,3.060501048,355,No Activity
801,0,29.575,0.016431677,48.31666667,0.19551641,128.1666667,3.488074923,124,133,0.738,0.009273618,0.721,0.749,357.3333333,2.804757862,354,No Activity
802,0,29.58333333,0.013662601,48.17,0.285727143,126.8333333,2.714160398,124,131,0.732833333,0.010476959,0.718,0.741,356.1666667,2.401388487,354,No Activity
803,0,29.58666667,0.015055453,48.08666667,0.288628943,127.1666667,3.125166662,124,131,0.729166667,0.011669047,0.717,0.741,355,1.788854381,353,No Activity
804,0,29.59333333,0.008164966,48.005,0.298914704,127.5,3.209361307,124,131,0.725833333,0.0118392,0.717,0.741,354.1666667,1.169045193,353,No Activity
805,0,29.59833333,0.013291601,47.89,0.260691388,128.1666667,2.994439291,124,131,0.721166667,0.010048217,0.713,0.741,353.6666667,0.81649658,353,No Activity
806,0,29.59333333,0.020655911,47.955,0.410109741,127.5,2.664582519,124,131,0.722833333,0.014034481,0.713,0.751,353.3333333,0.516397777,353,No Activity
807,0,29.59,0.024494897,48.07,0.501677187,128.8333333,2.562550812,125,132,0.7285,0.01909712,0.713,0.755,354.6666667,3.614784456,353,No Activity
808,0,29.58333333,0.026583203,48.25,0.526877595,129.1666667,2.041241452,127,132,0.7305,0.018392933,0.713,0.755,355.6666667,4.179314138,353,No Activity
809,0,29.575,0.028106939,48.48,0.62067705,129,1.897366596,127,132,0.733833333,0.017232721,0.713,0.755,357,4.427188724,353,Reheat
810,0,29.56333333,0.030110906,48.79166667,0.661042107,129.5,2.258317958,127,132,0.740333333,0.016966634,0.713,0.756,359.1666667,5.19294393,353,Reheat
811,0,29.54666667,0.017511901,49.16833333,0.532256204,128.5,3.507135583,123,132,0.756833333,0.028964921,0.73,0.812,364.5,10.89495296,353,Reheat
812,0,29.55166667,0.024832774,49.38166667,0.589318816,128.6666667,3.444802849,123,132,0.956166667,0.486262241,0.73,1.947,390.5,58.79710877,360,Reheat
813,0,29.57,0.054772256,49.60666667,0.511220761,127,3.898717738,122,132,1.313166667,0.910376497,0.73,2.897,426.8333333,94.3004065,360,Reheat
814,0,29.59833333,0.084478794,49.76666667,0.299710972,126.6666667,3.983298466,122,132,1.7165,1.113708535,0.737,3.15,466.3333333,109.1708142,361,Reheat
815,0,29.63333333,0.102111051,49.97666667,0.30663768,126.3333333,3.723797345,122,132,2.090833333,1.095954637,0.756,3.15,509.5,110.389764,366,Reheat
816,0,29.66666667,0.093950341,50.18666667,0.434679959,126,3.16227766,122,130,2.380166667,0.881187248,0.812,3.15,548.1666667,88.54245686,385,Reheat
817,0,29.7,0.061318839,50.29833333,0.44458595,127.3333333,3.326659986,122,131,2.615666667,0.472148988,1.947,3.15,583,38.46036921,509,Reheat
818,0,29.72833333,0.033115958,50.34333333,0.426505178,127.6666667,3.502380143,122,131,2.6555,0.410512241,2.186,3.15,598.6666667,13.01793634,580,Reheat
819,0,29.74666667,0.023380904,50.295,0.484344918,128.5,2.258317958,125,131,2.492833333,0.482702151,1.921,3.15,602.5,9.268225289,594,Reheat
820,0,29.755,0.025099801,50.295,0.484344918,128.8333333,1.722401424,127,131,2.288,0.402092527,1.921,2.983,594.6666667,23.61073202,550,Reheat
821,0,29.75833333,0.027141604,50.16333333,0.520256347,128.3333333,2.338090389,125,131,2.111,0.23327323,1.921,2.492,584.3333333,23.87188025,550,Reheat
822,0,29.78333333,0.052788888,49.85166667,0.549960605,127.8333333,2.228601953,125,131,1.921666667,0.310439473,1.356,2.225,582.1666667,22.95575454,550,Reheat
823,0,29.81833333,0.069402209,49.585,0.493750949,126.8333333,1.834847859,125,130,1.746,0.391969387,1.171,2.186,577,23.24650511,550,Reheat
824,0,29.84833333,0.077567175,49.41666667,0.34771636,126,1.095445115,125,127,1.572333333,0.388855586,1.144,1.921,570.5,19.70532923,550,Reheat
825,0,29.87666667,0.078655366,49.42833333,0.360855465,125.1666667,1.834847859,122,127,1.445666667,0.376139159,1.144,1.921,571.5,21.7324642,550,Reheat
826,0,29.90833333,0.069689789,49.505,0.468134596,124.1666667,2.228601953,121,127,1.365833333,0.297736405,1.144,1.921,591.1666667,42.16831354,558,Reheat
827,0,29.94,0.033466401,49.58166667,0.542196151,124.1666667,2.228601953,121,127,1.286,0.143238263,1.144,1.442,617.5,61.98951524,563,Reheat
828,0,29.96833333,0.043089055,50.365,1.714208272,123.8333333,1.834847859,121,125,1.704833333,1.069303215,1.144,3.869,681,151.9315635,563,Reheat
829,0,29.995,0.060580525,51.26666667,2.210046757,124.5,2.810693864,121,129,2.411666667,1.798748083,1.144,5.412,754.1666667,185.6948213,564,Reheat
830,0,30.2,0.053665631,49.31166667,1.042217188,121.8333333,3.656045222,119,129,1.943,0.619751886,1.363,2.872,518,85.00352934,438,No Activity
831,0,30.17,0.056920998,48.94,0.5330666,121.1666667,2.136976056,119,125,1.671166667,0.470502887,1.241,2.553,486.8333333,71.58887251,437,No Activity
832,0,30.14333333,0.048853523,48.66666667,0.251608161,120.5,2.42899156,118,125,1.4275,0.248832273,1.091,1.767,453.3333333,28.81434828,423,No Activity
833,0,30.12333333,0.039832985,48.57166667,0.214514957,119.8333333,3.060501048,116,125,1.300333333,0.235223865,1.004,1.627,438.1666667,19.13548188,413,No Activity
834,0,30.10833333,0.029944393,48.52666667,0.258817825,119.1666667,3.656045222,115,125,1.186666667,0.209132175,0.945,1.476,429.3333333,15.62903281,413,No Activity
835,0,30.095,0.017606817,48.43166667,0.326644557,118.5,3.834057902,115,125,1.092833333,0.177218979,0.913,1.363,422.8333333,12.00694244,413,No Activity
836,0,30.08333333,0.012110601,48.15166667,0.624545168,117.5,3.834057902,115,125,1.005,0.144026386,0.836,1.241,416.8333333,11.90658081,402,No Activity
837,0,30.08166667,0.011690452,47.83833333,0.639419007,116,1.095445115,115,118,0.933,0.105198859,0.809,1.091,410,9.549869109,396,No Activity
838,0,30.08166667,0.011690452,47.55833333,0.745370154,116,1.095445115,115,118,0.884333333,0.082601856,0.799,1.004,404.6666667,9.770704512,391,No Activity
839,0,30.08333333,0.013662601,47.24833333,0.70607129,116.3333333,1.366260102,115,118,0.848333333,0.065267654,0.788,0.945,400.6666667,10.55777754,389,No Activity
840,0,30.08833333,0.020412415,46.97,0.560606814,116.5,1.224744871,115,118,0.822333333,0.047789818,0.788,0.913,396.6666667,9.437513797,389,Reheat
841,0,30.095,0.023452079,46.725,0.238809548,116.5,1.224744871,115,118,0.801666667,0.018694028,0.788,0.836,393,5.099019513,389,Reheat
842,0,30.105,0.017606817,46.645,0.192015624,117.1666667,1.329160135,116,119,0.793833333,0.008495097,0.788,0.809,391.1666667,2.562550812,389,Reheat
843,0,30.11166667,0.013291601,46.565,0.036742346,117.5,1.224744871,116,119,0.7905,0.0041833,0.788,0.799,390.3333333,1.032795558,389,Reheat
844,0,30.11166667,0.013291601,47.23833333,1.68606544,118.6666667,3.326659986,116,125,1.524666667,1.802497896,0.788,5.204,457.1666667,164.0370893,389,Reheat
845,0,30.115,0.012247449,47.92666667,2.132722829,127.1666667,20.75973667,116,169,2.3085,2.355748183,0.789,5.491,530.1666667,216.6549484,389,Reheat
846,0,30.15666667,0.105198226,48.93833333,2.710493805,338,511.3558448,116,1381,3.179666667,2.63176121,0.789,6.016,638,283.1494305,391,Reheat
847,0,30.21833333,0.168691039,49.75,2.578200923,512.3333333,592.4125815,118,1381,3.981166667,2.486341523,0.789,6.016,731,277.3755577,391,Reheat
848,0,30.28,0.191624633,50.56166667,2.089578107,665.3333333,589.0455557,118,1381,4.782666667,1.973792255,0.789,6.016,827,232.157705,391,Reheat
849,0,30.38833333,0.256001302,51.155,0.875208547,734.1666667,533.8383338,125,1381,5.2985,0.740405767,3.884,6.016,899.3333333,97.98095053,792,Reheat
850,0,30.51333333,0.264171661,51.11,0.910735966,784.8333333,475.7219426,169,1381,5.155666667,0.83845302,3.884,6.016,906.5,89.79031128,825,Reheat
851,0,30.645,0.222508427,50.97833333,1.034087359,815.1666667,432.4342339,351,1381,4.972833333,0.869728329,3.884,6.016,908.8333333,87.46294453,825,Reheat
852,0,30.74666667,0.210776343,51.08,1.237707558,637,368.1157427,312,1162,4.753166667,0.704265977,3.884,5.598,882.5,61.4288206,825,Reheat
853,0,30.84166667,0.200141617,51.415,1.574366539,491.5,281.4261893,289,1037,4.685666667,0.621663146,3.884,5.598,870.6666667,52.20217109,825,Reheat
854,0,30.96,0.155563492,51.99166667,2.116793959,365.1666667,97.80473744,279,531,4.860666667,0.976419514,3.884,6.648,886.8333333,89.61566083,825,Reheat
855,0,31.03833333,0.159049259,53.04833333,2.531437668,323.3333333,58.44883803,279,429,5.313333333,1.059144498,4.347,6.648,933.6666667,119.3359404,835,Reheat
856,0,31.11,0.14832397,54.135,2.571472341,297.6666667,29.32348319,275,351,5.721166667,1.083470427,4.394,6.794,988,138.1578807,841,Reheat
857,0,31.165,0.117260394,54.96666667,1.513098366,282.5,17.28293956,260,312,6.093166667,0.905161735,4.698,6.794,1030,121.8769872,878,Reheat
858,0,31.19833333,0.062742861,54.12666667,2.461127113,225.6666667,41.89828954,176,275,5.7015,1.350216094,3.447,6.794,1008.166667,180.9192269,771,Fry
859,0,31.16333333,0.072571804,53.39666667,2.084012156,210,37.05671329,176,260,5.172,1.454976288,3.447,6.626,955.6666667,173.240488,771,Fry
860,0,31.13333333,0.071740272,53.00833333,1.966076465,194.6666667,30.7224131,168,248,4.6705,1.369647801,3.447,6.515,914.5,163.131542,771,Fry
861,0,31.10833333,0.065548964,52.015,1.4344302,184.5,16.2080227,168,215,4.264166667,1.033353457,3.447,6.174,875.5,132.0571846,771,Fry
862,0,31.09666667,0.047609523,51.22833333,1.214683772,248,170.6001172,168,596,3.873,0.439244806,3.447,4.653,827.8333333,41.57122402,771,Fry
863,0,31.09666667,0.047609523,50.95,1.480878118,387.1666667,350.1379252,168,1015,3.641333333,0.285083613,3.263,4.077,836.5,35.00714213,771,Fry
864,0,31.11166667,0.058109093,50.61833333,1.538654174,549.3333333,445.1950883,168,1149,3.584333333,0.356863373,3.105,4.077,848,14.5327217,834,Fry
865,0,31.135,0.061237244,50.22,1.213589717,674,425.7276124,168,1149,3.453166667,0.469357185,2.83,4.077,842.1666667,21.05627381,811,Fry
866,0,31.155,0.050497525,50.06833333,0.873325064,775.8333333,346.1181398,187,1149,3.286333333,0.567183803,2.616,4.077,838,22.56546033,811,Fry
867,0,31.16833333,0.024013885,50.685,1.836417708,856.3333333,211.9355248,596,1149,3.0795,0.431150438,2.616,3.827,848.3333333,45.74130154,811,Fry
868,0,31.16333333,0.032659863,51.43833333,2.182103725,856.6666667,211.445186,598,1149,2.992166667,0.273819953,2.616,3.303,867.1666667,64.14800594,811,Fry
869,0,31.16,0.032863353,52.25666667,2.084280851,764.6666667,246.0346859,463,1149,3.093833333,0.450641062,2.616,3.873,896.5,83.32286601,811,Fry
870,0,31.16666667,0.040824829,53.255,1.971545079,636,202.9325011,377,929,3.375666667,0.828981705,2.616,4.796,938.5,108.7726988,811,Fry
871,0,31.20666667,0.120277457,54.33166667,1.686646574,520.5,200.0087498,236,779,3.769166667,1.049255244,2.616,5.191,976.6666667,94.30093672,821,Fry
872,0,31.26666667,0.179517873,55.34,1.559281886,427.6666667,184.7102235,222,670,4.227666667,1.045622048,2.836,5.367,1024.166667,68.44097213,938,Fry
873,0,31.34,0.205426386,56.20333333,2.026382656,350.1666667,158.370978,205,598,4.7495,0.992099945,3.303,5.967,1058.5,68.24001759,959,Fry
874,0,31.43,0.20278067,57.15833333,2.175917431,282.5,110.9319611,192,463,5.288833333,0.925848458,3.873,6.539,1093.333333,60.15535443,1010,Fry
875,0,31.51333333,0.163666327,58.11333333,1.781613501,236.3333333,71.37693372,186,377,5.733166667,0.729344477,4.796,6.539,1128.5,63.28901958,1040,Fry
876,0,31.60666667,0.115527774,59.39666667,2.27849658,203.3333333,22.08770397,179,236,6.244333333,0.974666849,5.191,7.863,1168.5,100.5062187,1040,Fry
877,0,31.66666667,0.104626319,60.61666667,2.44782897,195.1666667,15.74060566,179,222,6.7525,1.102148039,5.367,8.24,1220.5,101.4332293,1106,Fry
878,0,31.715,0.101341008,61.51166667,2.124037821,188.3333333,9.373722135,179,205,7.213333333,0.978044716,5.967,8.24,1262.5,96.59761902,1144,Fry
879,0,31.76166667,0.090645831,61.89333333,1.800162956,182.8333333,7.026141663,172,192,7.416,0.772526763,6.539,8.24,1287.833333,77.31084443,1168,Fry
880,0,31.79666667,0.078655366,62.11833333,1.557156597,179.1666667,7.026141663,170,187,7.405833333,0.786648948,6.478,8.24,1309,50.77006992,1221,Fry
881,0,31.835,0.038858718,62.49,1.097014129,176,7.589466384,167,187,7.333333333,0.895088301,6.104,8.24,1314,40.88520515,1251,Fry
882,0,31.84833333,0.02857738,62.33666667,1.030119734,172.8333333,9.745084231,160,187,7.05,0.960560461,6.104,8.24,1304,42.8905584,1251,Fry
883,0,31.85333333,0.019663842,61.97833333,0.672827368,168.5,7.765307463,160,181,6.7585,0.774587568,6.104,8.132,1290.666667,37.01711316,1251,Fry
884,0,31.85,0.025298221,62.305,1.393194172,166.6666667,5.046450898,160,172,6.544333333,0.411352728,6.104,7.183,1292.166667,40.32575686,1251,Fry
885,0,31.84166667,0.029268869,62.89833333,1.688187391,165.6666667,4.320493799,160,170,6.488333333,0.319672124,6.104,6.847,1311.166667,62.98386037,1251,Fry
886,0,31.83333333,0.030110906,63.54,1.630570452,163.6666667,4.676180778,158,170,6.549833333,0.351224382,6.104,6.847,1323.333333,66.20473296,1251,Fry
887,0,31.82166667,0.020412415,64.035,1.535835278,159.8333333,8.90879715,144,170,6.673666667,0.28786293,6.163,6.847,1298,112.390391,1099,Fry
888,0,31.81333333,0.008164966,64.48166667,1.318641978,158.1666667,9.765585833,144,170,6.787666667,0.145336391,6.491,6.847,1245.166667,180.7666083,955,Fry
889,0,31.81,0,63.04333333,4.841824725,159.6666667,10.91176735,144,170,6.426833333,1.02919394,4.326,6.847,1195.666667,210.2148108,955,Fry
890,0,31.81333333,0.008164966,60.91833333,6.360504435,161.3333333,13.30663995,144,180,5.947166667,1.398579625,3.969,6.847,1124,213.3954076,937,Fry
891,0,31.81166667,0.009831921,58.95666667,6.650878639,162.5,14.08190328,144,180,5.438333333,1.552616072,3.794,6.847,1045.333333,169.326509,937,Fry
892,0,31.80666667,0.016329932,57.06,6.182067615,167.1666667,16.69031655,144,186,4.951666667,1.478634731,3.794,6.847,979,60.85720993,937,Fry
893,0,31.8,0.021908902,55.16333333,4.854699441,176,15.98749511,150,197,4.482833333,1.171562959,3.794,6.847,962.1666667,23.57470396,937,Fry
894,0,31.795,0.02258318,53.46333333,0.832410155,189.1666667,21.77536835,170,229,4.012333333,0.176534038,3.794,4.326,969.3333333,27.21519184,937,Fry
895,0,31.79833333,0.026394444,53.65833333,0.882664527,201.8333333,29.22612986,173,246,3.881,0.189175051,3.538,4.034,971.5,28.25420323,937,Fry
896,0,31.8,0.028982753,53.82166667,0.628439867,206.3333333,27.20049019,173,246,3.723666667,0.38869148,3.025,4.034,962.3333333,45.40337726,882,Fry
897,0,31.805,0.031464265,53.75666667,0.713769337,208.3333333,24.57369868,185,246,3.529666667,0.586642878,2.63,4.034,949.6666667,61.35035996,862,Fry
898,0,31.81333333,0.030110906,53.62666667,0.804528848,205.6666667,28.09744947,170,246,3.3135,0.646824165,2.63,4.034,940.1666667,61.98198663,862,Fry
899,0,31.82333333,0.021602469,53.49666667,0.862847997,197.8333333,36.33960191,150,246,3.0795,0.585051023,2.63,4.024,912.3333333,68.01960502,831,Fry
900,0,31.83166667,0.004082483,53.17,0.589304675,181.8333333,40.740234,133,246,2.847166667,0.373502566,2.63,3.538,863,95.32261012,702,Fry
901,0,31.82,0.029664794,52.18833333,1.842915263,160.8333333,32.73784762,120,207,2.500833333,0.533820351,1.46,3.025,815.3333333,91.75547213,702,Fry
902,0,31.80666667,0.036147845,51.27333333,2.46744132,145.6666667,27.77528878,116,185,2.2165,0.64214134,1.319,2.63,771.8333333,113.1926087,621,Fry
903,0,31.80166667,0.034302575,50.325,2.805892015,133.1666667,22.99927535,110,170,1.979,0.717696315,1.205,2.63,728.5,121.2513917,602,Fry
904,0,31.79666667,0.031411251,49.36,2.754872048,123.3333333,15.48762947,110,150,1.73,0.70573111,1.136,2.63,674.6666667,90.84418895,590,Fry
905,0,31.79166667,0.027141604,48.395,2.251814824,116.3333333,9.266426855,108,133,1.481,0.57638737,1.136,2.63,637.1666667,51.18756359,590,Fry
906,0,31.78666667,0.020655911,48.02,1.376924108,112.6666667,4.457203907,108,120,1.269833333,0.132126328,1.136,1.46,632,44.45672053,590,Fry
907,0,31.78666667,0.020655911,48.52666667,1.986682327,111.6666667,2.875181154,108,116,1.265,0.124062887,1.136,1.431,626.8333333,35.61694353,590,Fry
908,0,31.78833333,0.018348479,49.26166667,2.415751781,111.6666667,2.875181154,108,116,1.294,0.155550635,1.136,1.493,635.1666667,39.60513435,590,Fry
909,0,31.77833333,0.025625508,50.24333333,2.586485389,112.1666667,2.786873995,108,116,1.349666667,0.175779028,1.136,1.539,646.6666667,38.03507153,590,Fry
910,0,31.76833333,0.027141604,51.30666667,2.31853977,113,3.098386677,108,116,1.4325,0.172015988,1.136,1.633,689.3333333,81.03497187,606,Fry
911,0,31.75833333,0.024013885,52.37,1.160913433,113.8333333,1.940790217,111,116,1.515333333,0.108689773,1.363,1.633,726.1666667,85.67477264,671,Fry
912,0,31.75166667,0.013291601,52.41833333,1.075907369,113,3.687817783,106,116,1.656333333,0.282045859,1.431,2.209,743.5,82.75203925,671,Fry
913,0,31.75833333,0.024013885,52.10833333,1.559582209,111.3333333,5.125101625,104,116,1.764833333,0.302500523,1.493,2.209,745.6666667,80.61678899,671,Fry
914,0,31.78333333,0.070898989,52.44833333,1.78219434,109,5.727128425,102,116,1.928666667,0.38166722,1.539,2.476,772.5,77.52870436,671,Fry
928,0,31.99,0.090553851,48.46666667,1.274184707,173,42.59577444,123,247,3.2795,0.442496893,2.565,3.886,856.3333333,89.36591446,749,Boil
929,0,32.03666667,0.10033278,48.725,1.536499268,229,117.9423588,141,459,3.6805,0.687731561,3.125,4.971,898.6666667,113.6391951,749,Boil
930,0,32.085,0.102713193,49.21166667,2.191779338,286.8333333,147.5268337,171,488,4.031333333,0.862408179,3.236,5.23,932.3333333,129.7407672,749,Boil
931,0,32.135,0.096695398,50.09,2.594409374,329,145.3093252,171,488,4.339333333,0.97870806,3.236,5.399,964,133.7310734,749,Boil
932,0,32.17166667,0.068239773,51.27833333,2.136777168,353.3333333,124.2588696,181,488,4.71,0.932789151,3.236,5.538,1014.666667,84.51429859,846,Boil
933,0,32.19166667,0.041190614,52.85833333,2.757850008,370.8333333,100.1986361,247,488,5.120166667,0.654606879,3.886,5.697,1052.666667,20.5977345,1014,Boil
934,0,32.19833333,0.031251667,54.165,2.857444663,374.1666667,95.47652417,267,488,5.495666667,0.402840746,4.971,6.139,1069.666667,24.0970261,1053,Boil
935,0,32.19333333,0.038297084,55.04666667,2.280532102,336,100.4250965,230,488,5.663333333,0.346161042,5.23,6.139,1078.166667,25.96471965,1053,Boil
936,0,32.18333333,0.040824829,55.29166667,2.018736403,279.8333333,92.32424745,151,428,5.4285,0.833627195,3.821,6.139,1084.666667,26.87501938,1053,Boil
937,0,32.15333333,0.047609523,54.69166667,3.040936807,230,75.5195339,129,317,5.157,1.075374353,3.77,6.139,1031.833333,144.8397966,740,Boil
938,0,32.12166667,0.063060817,54.5,3.165514176,198.8333333,70.8785346,129,286,4.767,1.308592374,3.198,6.139,978.6666667,187.7175183,734,Boil
939,0,32.09,0.074565408,53.655,2.827993989,172.3333333,60.77389791,127,267,4.408166667,1.29771575,3.198,6.139,933.3333333,192.8633368,734,Boil
940,0,32.04666667,0.092231593,52.30333333,2.475792129,147.1666667,42.13984654,116,230,3.951833333,1.018772873,3.198,5.977,869,183.9162853,730,Boil
941,0,31.98,0.142267354,50.85666667,2.524398278,127.6666667,13.4412301,113,151,3.2645,0.729209092,1.853,3.821,780.8333333,175.3264574,575,Boil
942,0,31.89833333,0.164123937,49.62166667,2.497345925,120,10.19803903,105,130,2.906166667,0.90750899,1.671,3.77,683.5,109.9559003,520,Boil
943,0,31.81833333,0.179935174,49.07333333,2.840645467,115.1666667,11.82229532,100,130,2.518833333,0.959539351,1.446,3.544,641,131.014503,485,Boil
944,0,31.735,0.183602832,47.905,2.664498077,109.8333333,10.98028536,98,127,2.200166667,1.005275965,1.286,3.544,593.8333333,141.3696101,451,Boil
945,0,31.65666667,0.150288611,46.70333333,1.547975021,104.3333333,8.687155269,94,116,1.823833333,0.804108305,1.286,3.401,535.1666667,106.4244646,450,Boil
946,0,31.56666667,0.12832251,46.36833333,0.906121773,101.3333333,6.742897498,94,113,1.449333333,0.265582881,1.154,1.853,493.8333333,47.42748851,450,Boil
947,0,31.505,0.116747591,46.68333333,1.422134546,99.16666667,3.600925807,94,105,1.334,0.196494275,1.154,1.671,486,33.03937045,450,Boil
948,0,31.46,0.095078915,47.375,2.17286677,98.33333333,2.338090389,94,100,1.254833333,0.110381913,1.154,1.446,495.5,49.07443326,450,Boil
949,0,31.42666667,0.072846871,48.11166667,2.468703438,97.83333333,2.228601953,94,100,1.213166667,0.05902683,1.154,1.286,516.1666667,66.70956953,450,Boil
950,0,31.38833333,0.074408781,49.21166667,2.451713007,97,2.966479395,93,100,1.192333333,0.049463791,1.154,1.286,543.6666667,68.45923361,450,Boil
951,0,31.34666667,0.052788888,50.27833333,1.703084457,97.33333333,2.658320272,93,100,1.189666667,0.043472597,1.154,1.27,575.6666667,60.30809785,482,Boil
952,0,31.33166667,0.057416606,51.165,1.297686403,96.66666667,2.943920289,93,100,1.2135,0.057078017,1.161,1.297,607.5,50.60731172,528,Boil
953,0,31.315,0.058566202,51.775,0.913712209,95.83333333,2.483277404,93,100,1.2375,0.060744547,1.161,1.305,633.5,40.69766578,577,Boil
954,0,31.285,0.058566202,51.91,0.778228758,95.16666667,1.471960144,93,97,1.238666667,0.059848698,1.161,1.305,652.6666667,35.51713202,609,Boil
955,0,31.25666667,0.0332666,52.45333333,0.91552535,95.16666667,1.471960144,93,97,1.263833333,0.069317867,1.161,1.347,668.1666667,32.84153874,616,Boil
956,0,31.245,0.031464265,52.92666667,1.260137559,95.5,1.048808848,94,97,1.3785,0.235363336,1.203,1.849,698.1666667,52.17822023,642,Boil
957,0,31.235,0.031464265,53.255,1.1365694,95,1.414213562,93,97,1.518666667,0.369833296,1.203,2.111,720.3333333,51.7944656,673,Boil
958,0,31.225,0.02258318,53.845,1.658393801,94.83333333,1.602081979,93,97,1.705,0.495951611,1.203,2.415,754.3333333,75.87006436,684,Boil
959,0,31.63166667,0.078081154,43.99,1.112276944,3272.333333,1492.580941,1803,5704,2.715333333,0.804420205,1.673,4.069,601.6666667,102.0267939,471,Fry
960,0,31.64833333,0.08998148,43.925,1.042971716,2866.833333,920.8047386,1803,4345,2.463166667,0.45758165,1.673,3.098,587.8333333,86.19609427,471,Fry
961,0,31.67333333,0.100730664,43.81,0.916558782,2696.333333,646.0936981,1803,3322,2.447,0.431645225,1.673,3.001,591.5,89.91051107,471,Fry
962,0,31.705,0.095236548,44.19833333,0.376638642,2743.166667,593.383996,1803,3322,2.5395,0.487271074,1.673,3.001,625.5,78.52579194,471,Fry
963,0,31.795,0.133078924,44.68,1.121766464,2686.833333,705.8723445,1465,3322,2.859,0.430676677,2.442,3.59,671.3333333,42.13628682,632,Fry
964,0,31.86833333,0.177473003,45.145,1.227464867,2430.5,889.3176598,1314,3322,3.157166667,0.648457683,2.556,4.231,701.8333333,66.91611664,643,Fry
965,0,31.93666667,0.196129209,45.53,1.128432541,2113.5,1006.120619,1030,3322,3.409833333,0.666216006,2.556,4.231,726,68.45144264,643,Fry
966,0,32.00833333,0.188299407,45.71833333,1.058327297,1699.166667,944.0833473,785,3322,3.553333333,0.522816475,3.001,4.231,734.3333333,58.67083319,675,Fry
967,0,32.065,0.149365324,45.77666667,0.979135673,1244.666667,600.4400608,595,2279,3.427166667,0.732182878,2.244,4.231,724.6666667,73.34484758,617,Fry
968,0,32.12166667,0.038166303,46.04833333,0.719010895,946.8333333,391.6822266,492,1465,3.3325,0.828666097,2.244,4.231,719.8333333,77.17879674,617,Fry
969,0,32.125,0.032093613,45.95166667,0.622138784,773.6666667,343.4895438,426,1314,3.221,0.832090139,2.244,4.231,714.6666667,76.1069423,617,Fry
970,0,32.11666667,0.036696957,45.85833333,0.556575841,613.6666667,253.173985,354,1030,3.001666667,0.670337726,2.244,4.08,698,58.69923339,617,Fry
971,0,32.10833333,0.033115958,45.895,0.592815317,487.6666667,182.9039821,274,785,2.761666667,0.416932449,2.244,3.417,681.3333333,37.84529914,617,Fry
972,1,30.96666667,0.010327956,35.91,0.0464758,74,1.264911064,73,76,0.372666667,0.007966597,0.364,0.382,310.5,0.547722555,310,No Activity
973,1,30.97,0.010954451,35.91,0.0464758,74,1.264911064,73,76,0.37,0.006811755,0.364,0.382,310.5,0.547722555,310,No Activity
974,1,30.97333333,0.010327956,35.91,0.0464758,74,1.264911064,73,76,0.367333333,0.00350238,0.364,0.374,310.3333333,0.816496579,309,No Activity
975,1,30.97666667,0.008164966,35.925,0.036742346,73,2.28035085,69,76,0.366,0.001264911,0.364,0.368,310.1666667,0.752772651,309,No Activity
976,1,30.98166667,0.01602082,35.925,0.036742346,72.83333333,2.316606714,69,76,0.362833333,0.006823977,0.349,0.366,310,0.89442719,309,No Activity
977,1,30.99166667,0.018348479,35.975,0.134721936,72.83333333,2.316606714,69,76,0.3615,0.007314369,0.349,0.366,309.5,1.048808847,308,No Activity
978,1,30.99333333,0.017511901,36.04166667,0.198031984,72.16666667,1.722401424,69,74,0.3605,0.006978539,0.349,0.366,309,0.89442719,308,No Activity
979,1,30.99833333,0.017224014,36.10833333,0.222747989,72,1.673320053,69,74,0.3595,0.006442049,0.349,0.366,308.8333333,0.752772651,308,No Activity
980,1,31.00833333,0.021369761,36.14166667,0.206921885,72.5,2.34520788,69,76,0.357,0.006324555,0.349,0.366,309,0.89442719,308,No Activity
981,1,31.01833333,0.019407902,36.20833333,0.192916217,72.66666667,2.065591118,70,76,0.3545,0.00484768,0.349,0.36,308.8333333,0.752772651,308,No Activity
982,1,31.01833333,0.019407902,36.305,0.100747209,72.83333333,2.041241452,70,76,0.3585,0.008167007,0.351,0.373,309,0.89442719,308,No Activity
983,1,31.01666667,0.019663842,36.33666667,0.105955966,72.83333333,2.041241452,70,76,0.363666667,0.013995237,0.351,0.387,309.3333333,0.816496579,308,No Activity
984,1,31.01666667,0.019663842,36.35166667,0.112679487,73.16666667,2.041241452,70,76,0.366333333,0.014665151,0.351,0.387,310.5,2.258317958,309,No Activity
985,1,31.01333333,0.022509257,36.43333333,0.224558827,73.33333333,1.96638416,70,76,0.378333333,0.029944393,0.351,0.432,314.3333333,8.914407813,309,No Activity
986,1,31.005,0.019748418,36.54833333,0.22094494,73,1.549193338,70,74,0.391833333,0.033235022,0.351,0.432,340.6666667,62.97830314,309,No Activity
987,1,31.01333333,0.038815804,37.03833333,1.115534252,73.5,0.547722556,73,74,1.067,1.634025214,0.373,4.402,387,115.4365627,310,No Activity
988,1,31.035,0.064420494,37.56,1.454510227,73.5,0.547722556,73,74,1.980333333,2.480696891,0.376,5.853,468,194.2235825,310,No Activity
989,1,31.06166667,0.082563107,38,1.443578886,73,1.095445114,71,74,2.899833333,2.776791416,0.376,5.904,540.1666667,203.9739362,315,Boil
990,1,31.09833333,0.092610295,38.58666667,1.392273919,73.16666667,1.329160135,71,75,3.834333333,2.699973827,0.432,5.983,625.3333333,197.7409079,332,Boil
991,1,31.13666667,0.08617811,39.09,1.156044982,73.16666667,1.329160135,71,75,4.933166667,2.358353953,0.432,7.025,707.6666667,147.6870565,468,Boil
992,1,31.18,0.058651513,39.75666667,0.622178967,72.83333333,1.329160135,71,75,6.135333333,1.116376042,4.402,7.645,767.3333333,94.08435931,587,Boil
993,1,31.21333333,0.053913511,39.68833333,0.702350815,72.33333333,1.751190071,70,75,6.596666667,0.777251225,5.853,7.645,800,33.41257248,743,Boil
994,1,31.24166667,0.05231316,39.50833333,0.862053749,72,1.788854382,70,75,6.588,0.787425171,5.801,7.645,797.8333333,34.1374672,743,Boil
995,1,31.265,0.044609416,39.72166667,0.889818334,72.16666667,1.722401424,70,75,6.671333333,0.724503324,5.801,7.645,821.8333333,38.24874726,783,Boil
996,1,31.28666667,0.044121046,39.65666667,0.884028657,72.16666667,1.722401424,70,75,7.054166667,0.87854002,5.801,8.28,848.6666667,77.79117345,783,Boil
997,1,31.31666667,0.050464509,39.37666667,1.05923872,72,1.673320053,70,75,7.240166667,0.983050643,5.801,8.28,882,104.4260504,783,Boil
998,1,31.34666667,0.056095157,39.21,0.841023186,72.16666667,1.722401424,70,75,7.057,0.994848732,5.801,8.28,894.6666667,100.8219553,783,Boil
999,1,31.37666667,0.066833126,39.20666667,0.84267827,72.83333333,1.471960144,71,75,7.1115,1.01110133,5.801,8.28,915.8333333,84.73822435,783,Boil
1000,1,31.40666667,0.071180522,39.26833333,0.790807604,73,1.264911064,72,75,7.3525,0.782827376,6.404,8.28,929.6666667,62.59925452,866,Boil
1001,1,31.43666667,0.059217115,39.165,0.648991525,72.5,2.073644135,69,75,7.414333333,0.703563406,6.546,8.28,927.6666667,64.40082815,866,Boil
1002,1,31.46166667,0.038166303,39.19333333,0.672953688,71.66666667,1.861898672,69,74,7.1635,0.592768336,6.546,8.141,935.3333333,74.77878487,866,Boil
1003,1,31.50333333,0.075542483,39.54833333,0.58063471,71.83333333,1.940790217,69,74,7.263166667,0.802990017,6.546,8.739,931.1666667,69.20525028,866,Boil
1004,1,31.54,0.085556999,39.66,0.698169034,71.16666667,2.136976056,69,74,7.523833333,0.77705609,6.775,8.739,943.3333333,69.46845807,866,Boil
1005,1,31.57833333,0.098471654,40.23,1.152718526,70.5,1.643167672,69,73,7.626333333,0.812559331,6.775,8.739,957,69.66491226,866,Boil
1006,1,31.615,0.099949987,40.89666667,1.33694677,70.33333333,1.505545305,69,73,7.917666667,0.950932945,6.775,8.995,986.3333333,60.07883709,875,Boil
1007,1,31.65166667,0.084003968,41.66166667,1.776732019,70.66666667,1.366260102,69,73,8.350333333,0.917022937,6.775,9.371,1020,37.60850968,975,Boil
1008,1,31.69833333,0.044907312,42.60833333,2.035951047,71.5,2.167948339,69,75,8.720666667,0.51347392,8.11,9.371,1024.5,40.94264281,975,Boil
1009,1,31.72333333,0.053541261,43.835,2.525396998,72.5,3.78153408,69,79,8.730166667,0.514407394,8.11,9.371,1029.833333,39.32132585,975,Boil
1010,1,31.755,0.057532599,45.20833333,2.588771266,75.16666667,5.879342367,70,85,8.864666667,0.415892614,8.112,9.371,1049.5,35.75891497,992,Boil
1011,1,31.77833333,0.059132619,46.28666667,2.464578395,78.16666667,7.167054253,71,88,8.998833333,0.196499788,8.796,9.371,1061.666667,22.08770397,1033,Boil
1012,1,31.8,0.052535702,47.26833333,1.938911206,81.33333333,7.554248253,71,90,8.985833333,0.199363404,8.796,9.371,1053.666667,35.34779578,994,Boil
1013,1,31.82166667,0.029944393,48.005,1.342680156,83.5,5.61248608,75,90,8.910166667,0.064437308,8.796,8.997,1030,57.31317475,935,Boil
1014,1,31.85333333,0.054650404,49.22666667,1.774560979,88.33333333,8.547904226,79,104,9.064666667,0.423758736,8.796,9.924,1036.666667,63.49383172,935,Boil
1015,1,31.87833333,0.05946988,49.55,1.600187489,92.16666667,8.681397737,84,104,9.265333333,0.54017059,8.917,10,1058.833333,82.36848103,935,Boil
1016,1,31.89666667,0.062182527,49.36666667,1.765974707,94.5,8.24014563,84,104,9.214,0.592038512,8.609,10,1043.166667,83.50189619,935,Boil
1017,1,31.915,0.058223707,48.725,2.56010742,94.66666667,8.091147426,84,104,8.7325,1.443875445,6.028,10,1010.333333,108.2601804,868,Boil
1018,1,31.92833333,0.045350487,48.62333333,2.57147947,95,7.899367063,84,104,8.094666667,2.059934918,5.09,10,988,124.8535142,860,Boil
1019,1,31.93666667,0.026583203,48.88166667,2.661814544,97,5.796550698,89,104,7.649833333,2.133698424,5.09,10,998,122.1327147,860,Boil
1020,1,31.92,0.037947332,48.60333333,2.229956651,94.16666667,5.845225972,87,102,6.972833333,1.899362253,5.09,10,980.8333333,111.7236173,860,Boil
1021,1,31.905,0.041352146,48.91333333,2.508152042,91.5,5.167204273,86,99,6.268166667,1.211347748,5.09,8.609,959,75.09727026,860,Boil
1022,1,31.885,0.044158804,49.39166667,2.490352719,89.5,3.834057902,86,96,5.759666667,0.402546726,5.09,6.248,967,82.41116429,860,Boil
1023,1,31.86666667,0.0332666,50.36,1.168760027,88.33333333,4.926120854,82,96,5.6,0.460629135,5.07,6.248,994,68.9231456,860,Boil
1024,1,31.85333333,0.021602469,50.78833333,0.417584323,87,4.816637831,82,96,5.596666667,0.465108446,5.07,6.248,1019.833333,21.13212405,995,Boil
1025,1,31.845,0.012247449,50.85666667,0.347371079,84.33333333,2.875181153,80,87,5.400333333,0.375097676,5.07,5.862,1023.666667,17.50047618,997,Boil
1026,1,31.83,0.030983867,50.91,0.406251154,82.33333333,4.412104562,75,87,5.085166667,0.622473908,3.971,5.772,1024.333333,16.31767957,1001,Boil
1027,1,31.815,0.035071356,50.78333333,0.306768099,81.33333333,4.082482904,75,87,4.770166667,0.680865454,3.882,5.558,1020,16.37070554,1001,Boil
1028,1,31.8,0.045166359,50.93,0.356314468,80.33333333,3.011090611,75,84,4.462,0.671339258,3.709,5.07,1014.833333,9.662642841,1001,Boil
1029,1,31.78166667,0.04792355,51.045,0.377928565,79.83333333,2.926886856,75,84,4.219666667,0.67040008,3.616,5.07,1014,8.197560613,1001,Boil
1030,1,31.76333333,0.041793141,50.81666667,0.802936278,78.66666667,2.250925735,75,81,3.932,0.599064938,3.344,5.07,1011.166667,10.41953294,998,Boil
1031,1,31.74166667,0.024013885,50.94666667,0.842440898,78.16666667,2.228601953,75,81,3.6095,0.319537635,3.135,3.971,1007,12.01665511,993,Boil
1032,1,31.735,0.019748418,50.8,0.826268721,78.83333333,1.602081978,77,81,3.4625,0.322832929,3.089,3.882,1006.666667,12.24200419,993,Boil
1033,1,31.72833333,0.009831921,50.685,0.888633783,78.33333333,1.632993161,77,81,3.294333333,0.323405422,2.873,3.709,1005,12.53794241,993,Boil
1034,1,31.72666667,0.008164966,50.21,1.157462742,77.83333333,0.98319208,77,79,3.134166667,0.314822754,2.748,3.616,998.6666667,15.18771433,978,Boil
1035,1,31.72833333,0.009831921,49.68666667,1.225114961,77.33333333,1.032795558,76,79,2.948666667,0.301765914,2.503,3.344,983,26.70580461,931,Boil
1036,1,31.73,0.010954451,49.425,1.461406856,76.5,2.42899156,72,79,2.791833333,0.299732158,2.403,3.135,971.8333333,32.5479134,931,Boil
1037,1,31.73833333,0.011690452,48.64166667,1.397847154,75.5,3.271085447,71,79,2.624166667,0.347018395,2.129,3.089,952.6666667,47.85255131,878,Boil
1038,1,31.75166667,0.03060501,48.06833333,1.164223633,74.83333333,2.786873995,71,78,2.495333333,0.276194617,2.129,2.873,932.8333333,49.44255926,878,Boil
1039,1,31.77333333,0.051251016,47.445,0.884279368,74.5,2.588435821,71,78,2.495,0.275648327,2.129,2.871,912.5,41.18616272,877,Boil
1040,1,31.81,0.082945765,47.605,1.164487012,73.83333333,1.940790217,71,76,2.824666667,0.963450189,2.129,4.726,901.6666667,26.40959422,877,Boil
1041,1,31.84666667,0.093737221,48.02666667,1.753735062,74.33333333,2.804757862,71,79,3.376166667,1.525579158,2.129,5.812,898.6666667,23.24363712,877,Boil
1042,1,31.88833333,0.092394084,48.61,2.178054177,75.83333333,3.600925807,71,81,4.048166667,1.862088227,2.129,6.435,922,74.95065043,877,Boil
1043,1,31.93166667,0.080353386,49.42333333,2.267339116,78.33333333,4.633213428,74,86,4.828166667,1.877522987,2.316,6.809,955.1666667,93.35612817,877,Boil
1044,1,31.96666667,0.059888786,50.38333333,2.290927032,81.66666667,7.840068027,74,95,5.6055,1.569674202,2.871,6.98,988,96.23097215,877,Boil
1045,1,31.99333333,0.03204164,51.47666667,1.27562795,85.66666667,9.667816024,74,99,6.290333333,0.885117544,4.726,6.98,1021.333333,83.94680856,913,Boil
1046,1,30.94166667,0.018348479,38.31666667,0.098319208,43.83333333,2.136976056,42,48,0.325833333,0.006615638,0.319,0.334,385.3333333,2.732520204,383,No Activity
1047,1,30.945,0.012247449,38.38166667,0.18004629,43.16666667,0.752772652,42,44,0.326166667,0.007139094,0.319,0.336,386.8333333,3.544949459,383,No Activity
1048,1,30.945,0.012247449,38.43,0.192249838,43.83333333,2.136976056,42,48,0.327833333,0.006853223,0.319,0.336,387.8333333,3.060501048,384,No Activity
1049,1,30.94166667,0.013291601,38.53,0.204352636,43.83333333,2.136976056,42,48,0.330833333,0.008975894,0.319,0.343,389.1666667,2.786873995,385,No Activity
1050,1,30.93833333,0.013291601,38.44833333,0.356169435,44.33333333,2.250925735,42,48,0.333166667,0.006853223,0.322,0.343,390.3333333,2.065591118,387,No Activity
1051,1,30.93,0.018973666,38.49666667,0.351662717,44.5,2.167948339,42,48,0.339166667,0.010107753,0.331,0.358,390.6666667,1.505545305,389,No Activity
1052,1,30.92,0.015491933,38.44666667,0.37184226,45.16666667,1.834847859,43,48,0.3425,0.01129159,0.331,0.358,390,2.449489742,386,No Activity
1053,1,30.915,0.016431677,38.43,0.360832371,45.16666667,1.834847859,43,48,0.344666667,0.011039324,0.331,0.358,388.6666667,3.204163957,384,No Activity
1054,1,30.905,0.02258318,38.44666667,0.37184226,44.83333333,1.329160135,43,46,0.348166667,0.008975894,0.333,0.358,387.8333333,3.710345896,384,No Activity
1055,1,30.90166667,0.019407902,38.39666667,0.332966465,44.83333333,1.329160135,43,46,0.346166667,0.011373947,0.331,0.358,386.3333333,3.502380143,383,No Activity
1056,1,30.89833333,0.014719601,38.51166667,0.168216131,44.5,1.224744871,43,46,0.344,0.015033296,0.32,0.358,384.8333333,2.316606713,383,No Activity
1057,1,30.90333333,0.019663842,38.51166667,0.168216131,44.5,1.224744871,43,46,0.338166667,0.015302505,0.32,0.354,384.1666667,1.169045194,383,No Activity
1058,1,30.90833333,0.02228602,38.64333333,0.183920273,44.5,1.224744871,43,46,0.335166667,0.013197222,0.32,0.352,384.5,1.870828693,383,No Activity
1059,1,30.91666667,0.027325202,38.66,0.182647201,45,1.549193338,43,47,0.333166667,0.011478966,0.32,0.352,385.5,2.880972058,383,No Activity
1060,1,30.93,0.017888544,38.61166667,0.209515314,44.5,1.643167672,43,47,0.327166667,0.008750238,0.316,0.337,386.5,3.271085446,383,No Activity
1061,1,30.93833333,0.018348479,38.595,0.22367387,44.16666667,2.136976056,41,47,0.324,0.010373042,0.312,0.337,387.6666667,3.011090611,383,No Activity
1062,1,30.94666667,0.013662601,38.57833333,0.235577305,43.66666667,2.503331114,41,47,0.322666667,0.011448435,0.312,0.337,388.8333333,2.041241452,385,No Activity
1063,1,30.95166667,0.011690452,38.54666667,0.24622483,43.66666667,2.503331114,41,47,0.320833333,0.012237919,0.312,0.337,390.1666667,1.602081978,388,No Activity
1064,1,30.95666667,0.005163978,38.44833333,0.118392004,43.33333333,2.250925735,41,47,0.316833333,0.01000833,0.312,0.337,391.6666667,2.875181153,390,No Activity
1065,1,30.88,0.191102067,41.7,8.083316151,44.83333333,5.636192568,41,56,1.670166667,3.324856112,0.312,8.457,552.3333333,392.744531,390,Reheat
1066,1,30.80333333,0.242706956,45,10.22467603,47,7.09929574,41,56,3.027,4.206059914,0.312,8.457,714.5,498.8549889,390,Reheat
1067,1,30.73333333,0.248971217,48.20166667,10.73934899,49,6.752777206,41,56,4.2265,4.302069211,0.312,8.457,875.3333333,528.018434,390,Reheat
1068,1,30.675,0.225099978,51.43666667,10.10073397,51.66666667,6.08824003,44,57,5.405166667,3.971144994,0.312,8.457,1034.5,495.389039,393,Reheat
1069,1,30.63333333,0.180517774,54.63333333,7.957360534,54.33333333,5.537749242,44,60,6.784,3.212907344,0.312,8.585,1219.5,407.3503406,397,Reheat
1070,1,30.6,0.114542569,57.81333333,0.318098517,56.33333333,2.250925735,53,60,8.147833333,0.54669129,7.384,8.585,1405.666667,79.93413956,1345,Reheat
1071,1,30.65,0.122147452,57.89,0.45563143,56.83333333,2.483277404,53,60,8.123833333,0.533403568,7.384,8.585,1436.666667,91.16724558,1345,Reheat
1072,1,30.70833333,0.113739468,58.015,0.627972929,57.5,2.738612787,53,60,8.178,0.587737356,7.384,8.782,1467.5,92.54350328,1345,Reheat
1073,1,30.77,0.104115321,58.07166667,0.598779314,58.66666667,1.751190071,56,60,8.424166667,0.560159055,7.384,8.986,1503.166667,81.03682291,1345,Reheat
1074,1,30.83166667,0.099883265,58.60166667,1.308088937,59.33333333,1.751190071,56,61,8.638166667,0.233076311,8.313,8.986,1538.5,25.39881887,1503,Reheat
1075,1,30.88166667,0.101865925,59.17,1.50185219,60.16666667,2.926886856,56,65,8.550166667,0.334689956,8.057,8.986,1535.5,30.89822001,1485,Reheat
1076,1,30.92333333,0.092879851,59.67333333,1.316854839,61.16666667,2.136976056,59,65,8.238333333,0.858338084,6.624,8.986,1508.333333,82.36908805,1351,Reheat
1077,1,30.96,0.070427267,59.99666667,1.255000664,61,2.366431913,58,65,7.781166667,1.381603477,5.57,8.986,1467.5,116.9850418,1295,Reheat
1078,1,30.995,0.016431677,59.84666667,0.561521742,57.33333333,2.658320271,55,62,5.121333333,0.884959359,4.257,6.624,1220,82.54695633,1151,Reheat
1079,1,30.99166667,0.014719601,59.68333333,0.468259187,57.66666667,3.386246693,55,64,4.9865,0.637157987,4.257,5.815,1196.166667,52.2395125,1151,Reheat
1080,1,30.99666667,0.024221203,59.53666667,0.160208198,59.66666667,6.08824003,55,70,5.214166667,1.017736394,4.257,6.936,1197.166667,54.51758126,1151,Reheat
1081,1,31.00333333,0.032659863,59.685,0.283813319,62,6.603029608,55,70,5.647166667,1.213078137,4.257,7.149,1217,67.54850109,1151,Reheat
1082,1,31.02,0.042426407,59.94666667,0.622693076,63.33333333,6.439461675,55,70,6.174666667,1.175221284,4.509,7.422,1243.333333,72.00185183,1151,Reheat
1083,1,31.03833333,0.045350487,60.30666667,0.842796931,65.83333333,5.913261931,55,71,6.755833333,1.04134594,5.217,7.996,1280.333333,72.10455372,1181,Reheat
1084,1,31.05666667,0.038815804,60.61666667,0.922185809,67.66666667,2.732520204,64,71,7.219,0.813003321,5.815,7.996,1318.166667,69.04901641,1208,Reheat
1085,1,31.10666667,0.048442406,61.81833333,1.205345041,69,2.529822128,66,72,7.707166667,0.34589271,7.149,7.996,1366.5,46.47902753,1300,Reheat
1086,1,31.12333333,0.041793141,62.30333333,0.996045514,70.5,4.460941604,66,78,7.848833333,0.224235962,7.422,7.999,1380.166667,33.16273008,1319,Reheat
1087,1,31.135,0.036742346,62.315,0.979259925,71.33333333,3.881580434,66,78,7.950166667,0.089925339,7.8,8.03,1384.333333,24.33652947,1344,Reheat
1088,1,31.15,0.032863353,62.11333333,1.248481745,70.16666667,4.915960401,64,78,8.035333333,0.246931299,7.8,8.507,1376.833333,33.67145181,1328,Reheat
1089,1,31.19,0.025298221,60.015,0.853035755,63.83333333,3.816630276,60,71,8.376666667,0.30538413,7.945,8.621,1308.5,27.68934813,1263,Reheat
1090,1,31.19,0.025298221,59.835,0.653781309,62.66666667,1.632993161,60,64,8.391666667,0.286582391,7.945,8.621,1288.833333,37.57348356,1226,Reheat
1091,1,31.18833333,0.026394444,59.63833333,0.637947229,63,2.097617696,60,66,8.402333333,0.292856051,7.945,8.621,1271.166667,40.29598822,1222,Reheat
1092,1,31.18,0.029664794,59.44166667,0.541937881,62.83333333,2.041241452,60,66,8.345666667,0.277842881,7.945,8.621,1256.666667,37.80828833,1222,Reheat
1093,1,31.17,0.027568098,59.32666667,0.526219219,62.33333333,2.581988897,59,66,8.252666667,0.260069734,7.945,8.571,1247.333333,30.23684287,1222,Reheat
1094,0,29.975,0.191389655,51.71333333,1.356918077,135.1666667,6.615638039,123,141,3.292833333,1.076325121,1.735,4.881,676.3333333,105.0079362,499,No Activity
1095,0,30.06166667,0.222388549,51.525,1.528329153,134,7.615773106,123,141,3.0545,1.302511843,1.518,4.881,651.6666667,131.9858578,482,No Activity
1096,0,30.14333333,0.20519909,51.33666667,1.656872556,131.6666667,7.174027228,123,140,2.790833333,1.476838165,1.366,4.881,610.1666667,144.0436277,473,No Activity
1097,0,30.205,0.186627972,50.71,1.285425999,129.3333333,6.121002096,123,138,2.172,1.172375196,1.168,4.063,553,116.7287454,462,No Activity
1098,0,30.265,0.140392307,50.24833333,0.890335143,127.3333333,4.457203907,123,136,1.6895,0.762576619,1.168,3.182,508.3333333,81.37485279,462,No Activity
1099,0,30.32,0.015491933,49.915,0.100149888,125.5,1.378404875,123,127,1.348166667,0.240661103,1.134,1.735,471.1666667,17.63424698,449,No Activity
1100,0,30.31,0.018973666,49.99666667,0.147060078,125.1666667,2.136976056,121,127,1.251166667,0.155938984,1.134,1.518,463.1666667,12.67149031,449,No Activity
1101,0,30.3,0.015491933,49.965,0.174441967,124.8333333,2.136976056,121,127,1.184,0.091496448,1.115,1.366,457.3333333,10.05319186,447,No Activity
1102,0,30.3,0.015491933,49.86666667,0.299377131,124.5,1.870828693,121,126,1.1095,0.095558882,0.919,1.168,450.5,11.14899099,432,No Activity
1103,0,30.30166667,0.017224014,49.735,0.438850772,124.6666667,2.065591118,121,127,1.056833333,0.135571998,0.852,1.168,439.3333333,23.75429786,395,No Activity
1104,0,30.30333333,0.018618987,49.58666667,0.525877045,124.8333333,2.228601953,121,127,0.997,0.154584605,0.809,1.153,425.5,30.98225298,379,No Activity
1105,0,30.30833333,0.024013885,49.30833333,0.652055724,125.6666667,3.076794869,121,130,0.928666667,0.171595649,0.724,1.153,413.1666667,34.30694779,375,No Activity
1106,0,30.32,0.024494897,49.01333333,0.523016889,127,2.28035085,124,130,0.854333333,0.150255338,0.707,1.115,399,33.08776209,366,No Activity
1107,0,30.33166667,0.017224014,48.83333333,0.375588427,127.6666667,1.751190071,125,130,0.786333333,0.088203552,0.707,0.919,385.5,25.16147849,366,No Activity
1108,0,30.33666667,0.013662601,48.76833333,0.287570281,128.1666667,1.169045194,127,130,0.758,0.059792976,0.707,0.852,375.3333333,10.89342309,366,No Activity
1109,0,30.34,0.010954451,48.75166667,0.268135538,128.6666667,1.211060141,127,130,0.755333333,0.054920549,0.707,0.836,372.1666667,5.419102016,366,No Activity
1110,0,30.34333333,0.005163978,48.75166667,0.268135538,129.1666667,0.983192079,128,130,0.759833333,0.060970211,0.707,0.836,372,5.176871642,366,No Activity
1111,0,30.34333333,0.005163978,48.85,0.211092397,128.5,1.516575088,126,130,0.7785,0.064828235,0.707,0.836,372.8333333,6.08002193,366,No Activity
1112,0,30.32666667,0.037771241,49.01333333,0.252005291,128.3333333,1.505545305,126,130,0.7945,0.054709231,0.707,0.836,376,6.723094525,366,No Activity
1113,0,30.31,0.0464758,49.16,0.280642121,127.5,2.664582519,123,130,0.811666667,0.034003921,0.749,0.836,379.3333333,5.645056835,371,No Activity
1114,0,30.295,0.04929503,49.275,0.329287109,127.1666667,2.714160398,123,130,0.820333333,0.017420295,0.801,0.836,382.1666667,4.833908012,376,No Activity
1115,0,30.27833333,0.04792355,49.39,0.326128809,126.6666667,2.338090389,123,130,0.810333333,0.022966642,0.776,0.836,384.5,4.636809248,378,No Activity
1116,0,30.26166667,0.038686776,49.505,0.269351072,126.1666667,1.722401424,123,128,0.800333333,0.022615629,0.776,0.836,387.1666667,4.750438576,380,No Activity
1117,0,30.24666667,0.005163978,49.66833333,0.163757952,125.8333333,1.940790217,123,128,0.7925,0.01446029,0.776,0.81,391,6.693280212,385,No Activity
1118,0,30.245,0.005477226,49.75,0.16721244,125.1666667,1.722401424,123,127,0.793,0.01493988,0.776,0.81,394.1666667,7.704976747,386,No Activity
1119,0,30.24333333,0.005163978,49.8,0.146150607,125.1666667,1.722401424,123,127,0.796166667,0.020311737,0.776,0.829,397.5,7.791020472,388,No Activity
1120,0,30.24166667,0.004082483,49.71833333,0.294714551,124.8333333,1.722401424,123,127,0.816666667,0.056319328,0.776,0.924,400.1666667,6.524313501,390,No Activity
1121,0,30.24333333,0.005163978,49.685,0.312073709,124.1666667,1.471960144,123,127,0.865666667,0.113117049,0.776,1.07,401.5,4.549725266,394,No Activity
1122,0,30.245,0.005477226,49.70166667,0.313778053,123.8333333,0.752772652,123,125,0.914,0.128104645,0.789,1.07,404.5,4.549725266,398,No Activity
1123,0,30.24333333,0.005163978,49.65333333,0.287239737,123.8333333,0.752772652,123,125,0.9565,0.120408887,0.806,1.07,407.1666667,7.332575718,398,No Activity
1124,0,30.24333333,0.005163978,49.50666667,0.321910961,123,2.097617696,119,125,1.000833333,0.101379321,0.829,1.072,409.1666667,7.909909397,398,No Activity
1125,0,30.24333333,0.005163978,49.42333333,0.269493352,122.3333333,2.658320271,119,125,1.045,0.061380779,0.924,1.094,410.8333333,8.158839787,398,Boil
1126,0,30.24166667,0.007527727,49.43833333,0.25537554,122.1666667,2.562550812,119,125,1.076833333,0.024563523,1.044,1.115,411.3333333,7.737355276,398,Boil
1127,0,30.24,0.006324555,49.37333333,0.292620346,122.3333333,2.658320271,119,125,1.088833333,0.035645009,1.044,1.142,412.6666667,5.278888772,406,Boil
1128,0,30.23666667,0.005163978,49.29,0.218997717,122.1666667,2.483277404,119,124,1.109666667,0.05227874,1.044,1.191,411.5,6.156297589,405,Boil
1129,0,30.235,0.005477226,49.22333333,0.117586847,121.5,2.42899156,119,124,1.134166667,0.049732954,1.072,1.191,409,5.513619501,404,Boil
1130,0,30.23333333,0.005163978,49.255,0.09460444,122.1666667,2.136976056,119,124,1.182333333,0.095953461,1.094,1.361,406.1666667,5.564770136,399,Boil
1131,0,30.23333333,0.005163978,49.20666667,0.098115578,122.5,1.643167672,120,124,1.271333333,0.194589482,1.115,1.628,406.6666667,6.653319973,399,Boil
1132,0,30.24166667,0.019407902,49.06,0.341174442,121.8333333,2.136976056,119,124,1.472,0.451860155,1.142,2.319,414.8333333,21.23597576,399,Boil
1133,0,30.26,0.048166378,48.86333333,0.582259965,120.8333333,2.316606714,118,124,1.764333333,0.696708165,1.191,2.896,432.6666667,44.50917508,399,Boil
1134,0,30.29333333,0.081158282,48.64666667,0.639708267,120.6666667,2.065591118,118,123,2.227666667,1.065796541,1.191,3.971,463.8333333,75.76124779,399,Boil
1135,0,30.33166667,0.097860445,48.56166667,0.570453036,121.6666667,2.943920289,118,126,2.880666667,1.438649459,1.361,5.109,502.3333333,95.41837699,399,Boil
1136,0,30.37166667,0.097039511,48.59166667,0.617913155,121.3333333,2.875181153,118,126,3.6385,1.658797968,1.628,5.908,556.6666667,115.5104613,419,Boil
1137,0,30.41333333,0.081649658,48.65333333,0.690584294,121.1666667,2.926886856,118,126,4.465833333,1.693057756,2.319,6.592,616.6666667,122.9579874,456,Boil
1138,0,30.455,0.061237244,48.715,0.67878568,121.5,2.738612787,118,126,5.150333333,1.466583876,2.896,6.592,666.5,103.9379623,513,Boil
1139,0,30.49666667,0.060553007,48.875,0.548989982,121.8333333,2.316606714,120,126,5.616666667,0.965722044,3.971,6.592,698.8333333,71.86213653,592,Boil
1140,0,30.52833333,0.067946057,49.07166667,0.326031696,122,2.449489742,120,126,5.981833333,0.538922041,5.109,6.592,724.1666667,50.19329304,635,Boil
1141,0,30.555,0.067156534,49.25166667,0.407500511,121.3333333,1.505545305,120,124,6.252666667,0.403979537,5.694,6.734,742.3333333,24.73593877,707,Boil
1142,0,30.585,0.061562976,49.28,0.429371634,121.6666667,1.632993161,120,124,6.4675,0.512259212,5.694,7.197,767.8333333,58.75854548,707,Boil
1143,0,30.62166667,0.059132619,49.16166667,0.469144612,121.8333333,1.471960144,120,124,6.440166667,0.508650142,5.694,7.197,768.6666667,58.98361354,707,Boil
1144,0,30.66,0.062289646,49.075,0.590516723,122,1.414213562,120,124,6.252666667,0.689954685,5.301,7.197,763.3333333,61.84388949,707,Boil
1145,0,31.26333333,0.031411251,44.305,0.370661571,114.3333333,2.160246899,113,118,1.171166667,0.142491286,1.038,1.425,388,6.782329983,381,No Activity
1146,0,31.24833333,0.045789373,44.15666667,0.190333041,113.1666667,2.857738033,109,118,1.092666667,0.097237167,0.954,1.24,385.6666667,4.760952286,381,No Activity
1147,0,31.22833333,0.058793424,44.27,0.445555833,111.8333333,1.834847859,109,113,1.047333333,0.075867428,0.954,1.15,384,2.449489742,381,No Activity
1148,0,31.215,0.053572381,44.28666667,0.447422247,111.3333333,1.861898672,109,113,1.007333333,0.074161086,0.91,1.087,383.3333333,1.505545305,381,No Activity
1149,0,31.20333333,0.043204938,44.36833333,0.424377976,110.3333333,2.338090389,107,113,0.976833333,0.072455274,0.904,1.087,384.6666667,2.943920288,381,No Activity
1150,0,31.19666667,0.030110906,44.48333333,0.390213617,109.6666667,1.96638416,107,113,0.948666667,0.050622788,0.904,1.038,386.1666667,2.994439291,384,No Activity
1151,0,31.19833333,0.03060501,44.615,0.396572818,109.8333333,2.316606714,107,114,0.932333333,0.025718994,0.904,0.968,385.5,3.674234614,381,No Activity
1152,0,31.20333333,0.029439203,44.845,0.416929251,110.5,2.588435821,107,114,0.980333333,0.130312957,0.904,1.242,389.6666667,10.1324561,381,No Activity
1153,0,31.21833333,0.017224014,44.895,0.474794692,111.3333333,3.141125064,107,115,1.209833333,0.571147763,0.904,2.345,408,43.24349662,381,No Activity
1154,0,31.22166667,0.014719601,44.96,0.410950119,112,3.224903099,107,115,1.547333333,0.875661046,0.904,2.935,427.8333333,55.56767646,381,No Activity
1155,0,31.22166667,0.014719601,45.27,0.617187168,113.3333333,2.250925735,109,115,2.069166667,1.26290608,0.918,4.035,456.3333333,73.3039335,381,No Activity
1156,0,31.215,0.013784049,45.66166667,0.8586831,114.5,1.048808847,113,116,2.656833333,1.429489058,0.94,4.444,502.5,103.9802866,381,No Activity
1157,0,31.22,0.016733201,46.235,1.320647568,115.1666667,1.722401424,113,118,3.454166667,1.603916883,1.242,5.724,581.8333333,159.5022466,409,Boil
1158,0,31.23,0.025298221,46.69333333,1.463224749,116.3333333,2.250925735,114,120,4.4265,1.755798935,2.345,7.076,659.3333333,171.2643181,494,Boil
1159,0,31.245,0.048476799,47.12,1.400042856,117,2.366431913,114,120,5.196,1.670777424,2.935,7.076,722.3333333,167.7708755,503,Boil
1160,0,31.27833333,0.083765546,47.83666667,0.991255097,119.3333333,4.633213428,115,128,5.847166667,1.342428608,4.035,7.076,786.6666667,138.2558016,561,Boil
1161,0,31.33666667,0.133666251,48.60166667,1.314418756,131.6666667,28.3877908,116,189,6.702333333,1.571840916,4.444,9.166,877.1666667,138.7132534,667,Boil
1162,0,31.41,0.161493034,48.69333333,1.195887397,140.8333333,31.07035028,118,189,7.2805,1.158740998,5.724,9.166,927,94.89783981,857,Boil
1163,0,31.48833333,0.175888222,48.24333333,1.721030699,147.1666667,29.30813311,119,189,7.374166667,1.022457905,6.286,9.166,945.1666667,89.07169397,872,Boil
1164,0,31.57666667,0.177388463,47.71166667,2.171003608,151.6666667,26.21195656,119,189,7.003833333,1.460585967,4.854,9.166,929.3333333,110.1919537,779,Boil
1165,0,31.67333333,0.1740881,47.60166667,2.169584446,157.3333333,20.86783809,128,189,6.727666667,1.618223306,4.854,9.166,920.1666667,117.9311946,779,Boil
1166,0,31.75833333,0.148245292,47.72333333,2.285114147,161,16.0623784,147,189,6.561833333,1.65473447,4.854,9.166,938.3333333,120.5365781,779,Boil
1167,0,31.82333333,0.128010416,47.81333333,2.441480425,155.5,8.360621986,147,171,6.073,1.056733647,4.854,7.913,931.6666667,110.2046581,779,Boil
1168,0,31.88,0.103537433,48.2,2.575282509,152,3.633180425,147,156,5.783,0.583648867,4.854,6.286,928.6666667,109.3245931,779,Boil
1169,0,31.92666667,0.068896057,48.98166667,2.368142028,149.3333333,5.501514943,140,156,5.646833333,0.536203102,4.854,6.233,924.1666667,108.0285456,779,Boil
1170,0,31.96,0.035777088,49.86166667,1.366139329,147,8.717797887,133,156,5.606333333,0.611897595,4.611,6.233,947.3333333,82.57764023,817,Boil
1171,0,31.97333333,0.027325202,49.86166667,1.366139329,142.3333333,11.80960061,125,156,5.212333333,1.261259476,2.941,6.233,942.6666667,91.70314426,789,Boil
1172,0,31.995,0.036193922,49.405,1.78777795,137.5,13.80941708,121,156,4.681833333,1.572036694,2.664,6.233,896.6666667,122.4608781,722,Boil
1173,0,32.02666667,0.062503333,48.83,1.531012737,131.6666667,11.65618577,121,150,4.143833333,1.484956891,2.664,6.173,847.3333333,98.9296046,722,Boil
1190,0,33.005,0.063796552,47.74166667,0.547555172,284,56.41985466,207,353,4.808833333,0.262680351,4.453,5.222,874.5,28.14782407,840,Curry
1191,0,33.025,0.037815341,47.67666667,0.570461801,278.3333333,49.37070656,207,319,4.786833333,0.30115273,4.321,5.222,871.5,31.64016435,835,Curry
1192,0,33.03,0.030331502,47.25333333,0.915700096,269.1666667,49.64843066,207,319,4.693833333,0.349945377,4.319,5.222,855,38.2936026,802,Curry
1193,0,33.03,0.030331502,47.025,1.121280518,265.1666667,54.72263395,200,319,4.608166667,0.371324342,4.319,5.222,844.8333333,45.41108528,795,Curry
1194,0,33.02333333,0.03204164,46.50333333,1.494251206,257.8333333,65.88601268,163,319,4.547166667,0.400107194,4.243,5.222,825.5,46.50483846,775,Curry
1195,0,32.99666667,0.040824829,45.64,1.589440153,229.3333333,76.49488,136,319,4.385333333,0.234777909,4.243,4.859,803,29.20958747,771,Curry
1196,0,32.965,0.066257075,45.07,1.461656594,200.3333333,71.23388707,136,319,4.2875,0.036495205,4.243,4.321,791.1666667,25.34889873,769,Curry
1197,0,32.92333333,0.096471066,44.61666667,0.942797256,169,45.17964143,131,245,4.293166667,0.044499064,4.243,4.355,780.3333333,14.38981121,769,Curry
1198,0,32.875,0.120124935,44.44,0.788060911,148.6666667,28.51432389,123,200,4.341333333,0.137428769,4.243,4.608,778.3333333,11.27238514,769,Curry
1199,0,32.81666667,0.131706745,44.28,0.542807517,136.1666667,14.51091543,123,163,4.412333333,0.212901542,4.243,4.745,777.1666667,9.410986487,769,Curry
1200,0,32.74833333,0.123679694,44.74,1.311030129,127.1666667,10.81511288,109,139,4.452166667,0.196618836,4.251,4.745,777.5,9.354143467,769,Curry
1201,0,32.69166667,0.105908766,45.74166667,2.091223725,122.3333333,12.4365054,107,139,4.598333333,0.310286749,4.272,5.128,778.5,8.826097665,769,Curry
1202,0,32.64833333,0.077567175,46.65833333,2.330067953,117,10.58300524,107,131,4.944333333,0.737283301,4.355,6.348,813,80.20473801,770,Curry
1203,0,32.62666667,0.050066622,47.8,2.773445511,113.3333333,8.33466656,107,125,5.528333333,1.32812389,4.482,7.859,881.1666667,165.1610325,777,Curry
1204,0,32.625,0.046797436,49.07333333,2.780781665,137.5,64.29852253,107,268,6.286333333,1.880698452,4.482,9.156,972.3333333,239.1632636,777,Curry
1205,0,32.64166667,0.069689789,50.47666667,2.218212494,272.3333333,330.4080306,107,934,6.952333333,1.93253602,4.482,9.156,1061.5,255.8435069,777,Curry
1206,0,32.67333333,0.083346666,51.34,1.600574897,420.5,427.5608729,107,998,7.645333333,1.583518572,5.128,9.156,1154,231.5910188,777,Curry
1207,0,32.71333333,0.087101473,51.63,1.296688089,579.5,463.5328467,107,1061,8.1285,0.994550904,6.348,9.156,1241.333333,142.7510654,976,Curry
1208,0,32.75333333,0.073120904,51.85833333,0.888040915,748.3333333,440.9465576,109,1120,8.238666667,0.768887161,7.009,9.156,1285.5,62.9023052,1179,Curry
1209,0,32.79166667,0.06112828,52.14833333,1.014838247,897.5,314.7327438,268,1120,7.871666667,1.316712522,5.657,9.156,1287,59.88989898,1188,Curry
1210,0,32.82333333,0.052788888,52.45333333,1.295031531,971.1666667,142.554434,710,1120,7.464,1.214204596,5.657,8.741,1286.333333,59.24075174,1188,Curry
1211,0,32.85333333,0.053913511,52.66166667,1.511904979,915.3333333,209.7767067,599,1120,7.266333333,1.050198394,5.657,8.64,1292.833333,65.84046375,1188,Curry
1212,0,32.885,0.057879185,52.96833333,1.621140545,836.1666667,256.7172894,523,1120,7.134666667,0.879121531,5.657,8.027,1300.166667,73.12295581,1188,Curry
1213,0,32.92166667,0.075476266,53.48666667,1.379661794,726.3333333,281.101168,402,1120,7.14,0.885690239,5.657,8.059,1316.833333,83.94621294,1188,Curry
1214,0,32.95833333,0.075476266,53.79166667,0.703545782,599.6666667,235.8174435,360,1004,7.3825,1.03006927,5.657,8.464,1346.166667,82.89129428,1188,Curry
1215,0,32.99833333,0.082563107,53.80333333,0.692666346,486.6666667,150.2287145,326,710,7.8175,0.628466944,6.71,8.464,1385.666667,35.18901344,1333,Curry
1216,0,33.03666667,0.075277265,53.66833333,0.702151456,416.1666667,120.8394251,287,599,8.060666667,0.321580265,7.555,8.464,1399.5,25.25668228,1362,Curry
1217,0,33.06833333,0.059805239,53.48333333,0.611151918,358.5,96.18055937,253,523,8.163,0.20507267,7.85,8.464,1411.666667,20.76214504,1376,Curry
1218,0,33.10166667,0.048751068,53.16833333,0.653495728,304.5,73.67156846,199,402,8.146833333,0.236151152,7.753,8.464,1419.333333,11.29011367,1401,Curry
1219,0,33.12,0.040987803,52.985,0.41807894,269.3333333,67.960773,191,360,8.046666667,0.370246765,7.458,8.464,1418,14.02854233,1393,Curry
1220,0,33.13666667,0.023380904,53.03,0.385486705,239,59.48781388,178,326,7.853,0.410057069,7.302,8.267,1414,17.3896521,1393,Curry
1221,0,33.08833333,0.089312187,51.47333333,2.521187551,152.6666667,29.25519897,120,191,6.006833333,1.72390515,3.547,7.458,1196.333333,218.9964992,957,Fry
1222,0,33.04666667,0.110574259,50.48333333,2.893445466,139.8333333,25.75590547,114,178,5.352,1.806664219,3.529,7.302,1121.333333,215.1963445,943,Fry
1223,0,33.00833333,0.107408876,49.41166667,3.007852501,130,18.5148589,114,160,4.774833333,1.600507347,3.529,6.824,1052.333333,172.8799198,943,Fry
1224,0,32.97666667,0.086871553,48.48833333,2.40617054,145,52.65738315,114,250,4.434333333,1.258048595,3.529,6.824,1000.333333,59.96888082,943,Fry
1225,0,32.95333333,0.040824829,47.76,0.868308701,340,481.0309761,114,1316,4.1945,0.743178512,3.529,5.385,1018.666667,93.39307612,943,Fry
1226,0,32.95666667,0.045898439,47.84166667,0.910635309,572.8333333,659.0005817,114,1518,4.357666667,0.818270045,3.529,5.385,1050,105.0161892,943,Fry
1227,0,32.97166667,0.056715665,47.615,0.876647021,802.6666667,708.1236239,114,1518,4.571166667,0.726411568,3.529,5.385,1079.166667,98.09468215,943,Fry
1228,0,32.995,0.049699095,47.71166667,0.847948505,1016.5,649.8949915,119,1518,4.7725,0.517019826,3.839,5.385,1108.833333,72.16762894,979,Fry
1229,0,33.01666667,0.037237973,47.90833333,0.604166092,1213.166667,480.427067,250,1518,4.985166667,0.249426876,4.737,5.385,1134.5,34.10425193,1081,Fry
1230,0,33.03166667,0.018348479,48.03833333,0.621141422,1341.5,181.5805606,1020,1518,5.28,0.662801328,4.737,6.55,1163.666667,50.22217306,1121,Fry
1231,0,33.03833333,0.009831921,48.2,0.919739093,1272.5,256.4377117,902,1518,5.502333333,0.889902392,4.737,6.719,1177,64.37080083,1121,Fry
1237,0,33.06333333,0.046761808,49.19833333,1.048587939,605.6666667,172.6460734,406,841,6.188,0.670601819,5.36,6.861,1206.5,65.16364017,1114,Fry
1238,0,33.07666667,0.050066622,48.54333333,1.507311072,527.5,149.3931056,372,748,6.116,0.604895693,5.36,6.861,1192.5,57.34718825,1114,Fry
1239,0,33.095,0.039874804,48.26166667,1.40217569,460.3333333,117.6514627,345,641,5.984166667,0.484211696,5.36,6.56,1179,44.73030293,1114,Fry
1248,0,33,0.036331804,45.26333333,1.758609299,383.1666667,64.07937786,291,486,4.2175,1.505673371,2.833,6.12,997,139.0539464,838,Fry
1249,0,32.98833333,0.039707262,44.66,1.501758969,391.5,51.76388703,341,486,3.669666667,1.251548428,2.833,6.12,939.5,115.0195636,838,Fry
1250,0,32.96166667,0.061779177,43.76333333,1.135987089,346.5,67.99632343,216,413,2.991,0.582066319,2.048,3.724,870,94.52195512,722,Fry
1251,0,32.92666667,0.067724934,43.58666667,1.037471285,315.5,73.76923478,216,373,2.684,0.603507084,1.882,3.453,832.6666667,90.32090935,722,Fry
1252,0,32.89166667,0.070261417,43.62333333,1.026599565,288.8333333,77.643845,213,370,2.423833333,0.538681136,1.882,3.055,792.8333333,66.01338248,722,Fry
1253,0,32.86,0.075894664,43.46333333,0.77592955,263.3333333,70.44619696,213,366,2.221,0.479347056,1.838,2.833,772.8333333,52.59055682,722,Fry
1254,0,32.82333333,0.076854842,43.28833333,0.820863367,233.8333333,53.99413548,189,341,2.023666667,0.416621011,1.649,2.833,759.5,41.79832533,722,Fry
1255,0,32.78333333,0.057850382,43.34,0.86290208,214.5,13.61983847,189,227,1.8025,0.193564201,1.506,2.048,738,19.15202339,711,Fry
1256,0,32.75666667,0.052025635,43.70166667,0.583315238,229,38.71950413,189,303,1.740666667,0.154838841,1.506,1.892,738.5,18.68421794,711,Fry
1257,0,32.735,0.041352146,44.045,1.002471945,278.8333333,127.1226442,189,526,1.759666667,0.180515558,1.506,1.996,754.1666667,46.67940302,711,Fry
1258,0,32.73666667,0.091796877,41.595,2.114518858,652.8333333,284.5989576,269,968,2.777333333,0.445282682,2.358,3.543,860.5,35.14398953,816,Curry
1259,0,32.77833333,0.123193615,42.865,3.012253309,750.8333333,219.8703406,336,968,3.007333333,0.784125415,2.358,4.337,875,59.35654976,816,Curry
1260,0,32.82333333,0.129254271,44.06833333,3.231200499,820.6666667,89.87250228,733,968,3.337166667,0.868090183,2.358,4.337,889.1666667,72.36965294,816,Curry
1261,1,32.84833333,0.108888322,44.23,3.024400767,696.6666667,300.1923828,111,968,3.179666667,1.128070506,1.413,4.337,869.3333333,105.2628456,697,Boil
1262,1,32.86833333,0.092610295,43.885,3.32716546,553.8333333,345.7030036,111,857,2.937666667,1.355532319,1.36,4.337,832.5,130.5369679,673,Boil
1263,1,32.89166667,0.054558837,43.865,3.349559673,448.3333333,375.4025395,100,857,2.725,1.504261015,1.36,4.337,798.6666667,151.0359781,643,Boil
1264,1,32.88,0.054772256,43.08333333,3.467660114,337.3333333,364.5417214,90,857,2.361166667,1.530611566,1.36,4.337,751.8333333,181.0728214,546,Boil
1265,1,32.845,0.066858059,41.34,3.401676057,208.5,267.9513015,84,755,1.775333333,1.274344642,0.822,4.337,669.3333333,170.4167441,482,Boil
1266,1,32.805,0.063166447,39.61333333,1.930136437,96.66666667,12.5485723,84,111,1.184,0.294087742,0.789,1.413,587.1666667,96.29416736,482,Boil
1267,1,32.785,0.072041655,38.83,2.058193383,91.16666667,12.23791921,78,111,1.069166667,0.320148976,0.724,1.36,543.8333333,95.48071358,437,Boil
1268,1,32.76166667,0.069402209,38.115,2.023509328,85,9.186947262,74,100,0.951166667,0.321986594,0.652,1.36,501.3333333,82.3350877,418,Boil
1269,1,32.73833333,0.056005952,37.4,1.651084492,80,7.375635566,70,90,0.833166667,0.267278444,0.652,1.36,461,53.16389752,401,Boil
1270,1,32.715,0.012247449,36.685,0.361427724,76.16666667,7.111024305,67,84,0.715166667,0.076043189,0.652,0.822,431.6666667,44.77797077,370,Boil
1271,1,32.71,0,36.57166667,0.312308608,73.5,6.565059025,67,84,0.686833333,0.057745707,0.652,0.789,412.8333333,43.10645737,369,Boil
1272,1,31.70666667,0.015055453,38.81333333,0.132916014,77,2.683281573,74,80,0.722333333,0.017511901,0.703,0.753,342.3333333,2.943920289,339,No Activity
1273,1,31.70333333,0.016329932,38.81333333,0.132916014,77,2.683281573,74,80,0.712,0.01366748,0.691,0.729,341.1666667,2.562550812,339,No Activity
1274,1,31.69666667,0.010327956,38.78166667,0.173253187,76.83333333,2.483277404,74,79,0.7035,0.016537835,0.678,0.723,340.1666667,1.834847859,339,No Activity
1275,1,31.69333333,0.008164966,38.75,0.199899975,77,2.683281573,74,80,0.698833333,0.017255917,0.678,0.723,339.1666667,1.602081978,337,No Activity
1276,1,31.68333333,0.016329932,38.78333333,0.212194879,77.83333333,3.920034013,74,84,0.700333333,0.019033304,0.678,0.723,338.3333333,1.032795558,337,No Activity
1277,1,31.68333333,0.016329932,38.8,0.211092397,79.33333333,4.718756898,74,85,0.701666667,0.021106081,0.678,0.731,338.1666667,0.983192079,337,No Activity
1278,1,31.67666667,0.020655911,38.76666667,0.181181309,81.5,4.7644517,74,87,0.704166667,0.022157768,0.678,0.731,338,0.89442719,337,No Activity
1279,1,31.67,0.021908902,38.76666667,0.181181309,84,3.898717738,79,89,0.710166667,0.022745696,0.678,0.731,337.8333333,0.752772652,337,No Activity
1280,1,31.66333333,0.020655911,38.83166667,0.151051868,85.33333333,3.141125064,80,89,0.718333333,0.016943042,0.685,0.731,337.6666667,0.516397778,337,No Activity
1281,1,31.655,0.017606817,38.84833333,0.113210718,85.5,2.810693864,81,89,0.720166667,0.01267149,0.696,0.731,337.6666667,0.516397778,337,No Activity
1282,1,31.65,0.022803509,38.815,0.113798067,84.83333333,3.600925807,80,89,0.716666667,0.014787382,0.696,0.731,337.6666667,0.516397778,337,No Activity
1283,1,31.63833333,0.014719601,38.815,0.113798067,83.33333333,5.085928299,76,89,0.714333333,0.013079246,0.696,0.727,337.3333333,0.81649658,336,No Activity
1284,1,31.63333333,0.015055453,38.815,0.113798067,81.83333333,5.115336418,76,89,0.713333333,0.012971764,0.696,0.727,336.8333333,1.169045194,335,No Activity
1285,1,31.62666667,0.015055453,38.84833333,0.169754725,80.33333333,3.723797345,76,87,0.712166667,0.011754432,0.696,0.727,336,1.788854382,333,No Activity
1286,1,31.61666667,0.016329932,38.85166667,0.171862348,79.16666667,1.834847859,76,81,0.712333333,0.012011106,0.696,0.728,335.1666667,1.834847859,333,No Activity
1287,1,31.60833333,0.014719601,38.95333333,0.19976653,79.16666667,1.834847859,76,81,0.717833333,0.010496031,0.701,0.729,335,1.673320053,333,No Activity
1288,1,31.60333333,0.015055453,39.055,0.217784297,79.16666667,1.834847859,76,81,0.7245,0.010368221,0.712,0.741,335.1666667,1.940790217,333,No Activity
1289,1,31.59666667,0.015055453,39.17333333,0.259897416,79.5,1.224744871,78,81,0.730666667,0.014988885,0.712,0.754,336,3.098386677,333,No Activity
1290,1,31.585,0.019748418,39.30833333,0.256235569,80.16666667,1.329160135,78,82,0.7475,0.034215494,0.72,0.813,337.3333333,4.131182236,333,No Activity
1291,1,31.57333333,0.022509257,39.44166667,0.339494723,80.16666667,1.329160135,78,82,0.764333333,0.041950765,0.728,0.821,339,4.049691346,333,Reheat
1292,1,31.56166667,0.029268869,39.63833333,0.339494723,80.33333333,1.366260101,78,82,0.780333333,0.043596636,0.729,0.824,340.8333333,3.188521078,336,Reheat
1293,1,31.55,0.029664794,39.86666667,0.46396839,80.66666667,1.751190071,78,83,0.835833333,0.116381127,0.741,1.062,344.1666667,6.177917664,338,Reheat
1294,1,31.53833333,0.024013885,40.08,0.467632334,80.66666667,1.751190071,78,83,0.889333333,0.136167054,0.754,1.062,376.6666667,76.77673259,341,Reheat
1295,1,31.54333333,0.035023801,40.665,1.230394246,82.83333333,4.16733328,80,91,1.713166667,1.95529245,0.813,5.697,450,178.560914,343,Reheat
1296,1,31.56,0.056213877,41.28333333,1.512212507,86.66666667,9.892758294,80,105,2.651833333,2.661173382,0.821,6.445,531.1666667,224.8745576,343,Reheat
1297,1,31.585,0.075564542,41.85333333,1.544288401,92.33333333,14.13742079,80,114,3.521333333,2.792390063,0.824,6.445,608.6666667,227.1718879,344,Reheat
1298,1,31.62,0.087177979,42.52,1.514648474,100.8333333,20.05409351,80,132,4.232666667,2.495701398,1.062,6.445,686,195.8764917,356,Reheat
1299,1,31.66833333,0.100083299,43.08833333,1.280849978,109,21.27909773,80,132,4.772166667,1.967106445,1.062,6.445,763.8333333,114.331827,533,Reheat
1300,1,31.725,0.09544632,43.47333333,0.499186004,113.5,16.15858905,91,132,5.363166667,0.838268076,4.299,6.445,806.5,18.89708972,781,Reheat
1301,1,31.795,0.138527976,43.945,1.051089911,114,15.34926708,94,132,5.272333333,0.824270506,4.299,6.445,676.3333333,331.6375532,0,Reheat
1302,1,31.86666667,0.158324561,44.005,1.020151949,111.1666667,18.5732783,88,132,4.949833333,0.629138591,4.299,6.038,651.1666667,323.2679487,0,Reheat
1303,1,31.93166667,0.151184214,44.065,0.983864828,106.5,21.06893448,86,132,4.695166667,0.34620596,4.299,5.152,629.6666667,314.9334321,0,Reheat
1304,1,31.99,0.122637678,43.995,0.993211961,98.66666667,18.23915203,85,132,4.598166667,0.289706346,4.299,5.152,608.1666667,304.556344,0,Reheat
1305,1,32.05666667,0.113607511,43.875,1.030917067,90.83333333,8.612007122,85,107,4.346333333,0.803284673,2.788,5.152,559.5,286.1340595,0,Reheat
1306,1,32.11333333,0.073665913,44.05166667,0.921616334,87.33333333,3.444802848,85,94,4.045833333,0.999176544,2.788,5.152,526.5,265.0099998,0,Reheat
1307,1,32.14333333,0.069474216,43.80166667,0.356898678,85.16666667,2.316606713,81,88,3.762833333,0.85298263,2.788,4.51,634.6666667,61.24595225,531,Reheat
1308,1,32.17666667,0.080166493,43.52166667,0.812020115,85,2.097617696,81,87,3.686,0.790709808,2.788,4.51,631.1666667,58.75514162,531,Reheat
1309,1,32.22333333,0.093094934,43.43333333,0.816251595,85.16666667,2.228601953,81,87,3.5595,0.686344738,2.788,4.51,634.1666667,62.05293439,531,Reheat
1310,1,32.27666667,0.085945719,43.65666667,1.055379868,85.66666667,2.503331114,81,88,3.480833333,0.573363207,2.788,4.049,644.5,74.85385762,531,Reheat
1311,1,32.32,0.108258949,44.09166667,1.373774605,86.16666667,2.639444386,81,88,3.808166667,0.653711073,2.805,4.752,686.1666667,68.33569102,591,Reheat
1312,1,32.365,0.104450945,44.33333333,1.476044263,86.16666667,2.639444386,81,88,4.144833333,0.544835908,3.454,4.825,717.8333333,58.76875587,649,Reheat
1313,1,32.51,0.036331804,46.775,1.112434268,87.66666667,1.861898672,86,91,4.876,0.368170069,4.331,5.43,788.8333333,57.80801559,693,Boil
1314,1,32.51666667,0.030767949,46.74333333,1.143899763,87,2.366431913,84,91,4.661,0.690567303,3.462,5.43,767.6666667,80.17397749,654,Boil
1315,1,32.52166667,0.023166067,46.71,1.191402535,86.83333333,2.483277404,84,91,4.403833333,0.878903047,3.282,5.43,744,95.03262598,639,Boil
1316,1,32.52166667,0.023166067,46.41666667,1.315882467,86.16666667,1.471960144,84,88,4.1485,0.955139309,3.282,5.43,720.3333333,101.4409516,639,Boil
1317,1,32.51333333,0.019663842,45.86166667,0.843478907,86,1.414213562,84,88,3.7905,0.761715367,3.282,5.104,698.1666667,83.53781579,639,Boil
1318,1,32.51833333,0.031251667,45.74666667,0.627556106,86.5,2.42899156,84,91,3.8835,0.961913458,3.282,5.662,688.1666667,60.98005138,639,Boil
1319,1,32.53666667,0.055377492,45.88833333,0.862076949,86.66666667,2.422120283,84,91,4.116166667,1.224730242,3.282,5.727,714.6666667,90.77150801,639,Boil
1320,1,32.46666667,0.023380904,61.02666667,1.165429821,106.6666667,2.581988897,104,109,7.799166667,0.148931416,7.589,7.943,1135,556.289493,0,Boil
1321,1,32.46166667,0.013291601,61.35333333,1.325921064,108,2.966479395,104,112,7.845,0.224958663,7.589,8.218,1134.166667,555.8346577,0,Boil
1322,1,32.46333333,0.015055453,61.85833333,1.044249332,108.5,2.588435821,104,112,7.943333333,0.340498262,7.589,8.466,1367.333333,21.74089848,1341,Boil
1323,1,32.465,0.016431677,61.79166667,0.969152551,108.8333333,1.940790217,106,112,8.0895,0.346160512,7.651,8.466,1380.166667,25.49052111,1349,Boil
1324,1,32.47,0.015491933,61.465,1.315214811,107.8333333,3.060501048,103,112,8.191666667,0.273742702,7.802,8.466,1393.166667,26.29385226,1363,Boil
1325,1,32.47833333,0.01602082,61.49833333,1.300790785,105.6666667,5.609515725,96,112,8.329833333,0.322541419,7.802,8.763,1411.333333,39.12373534,1363,Boil
1326,1,32.48666667,0.010327956,61.4,1.415824848,103.1666667,6.997618642,94,112,8.5185,0.280358164,8.218,8.934,1430.833333,39.37215598,1385,Boil
1327,1,32.49333333,0.016329932,60.95833333,1.348397815,101,5.585696017,94,108,8.648,0.292962114,8.264,8.995,1450.833333,41.83499333,1399,Boil
1328,1,32.5,0.017888544,60.535,1.120709597,99.83333333,4.44597196,94,106,8.736166667,0.306522049,8.264,8.995,1476.833333,50.71258884,1418,Boil
1329,1,32.51333333,0.027325202,60.095,0.518295283,98.66666667,3.265986323,94,103,8.773666667,0.279424886,8.264,8.995,1481,45.69026154,1427,Boil
1330,1,32.52666667,0.027325202,60.45333333,0.804827104,97.66666667,2.503331114,94,101,8.852333333,0.137781953,8.691,8.995,1486.666667,39.31751094,1443,Boil
1331,1,32.535,0.025099801,60.38833333,0.755418206,97.66666667,2.503331114,94,101,8.818833333,0.181382928,8.562,8.995,1481.5,42.87540087,1443,Boil
1332,1,32.53666667,0.022509257,60.585,0.734295581,97.66666667,2.503331114,94,101,8.643333333,0.411330848,7.881,8.995,1469.666667,52.16384444,1409,Boil
1333,1,32.53333333,0.026583203,60.73166667,0.687674826,97.16666667,2.483277404,94,101,8.339333333,0.683456704,7.171,8.995,1447.5,61.55891487,1372,Boil
1334,1,32.52666667,0.034448028,60.92833333,0.611372772,96.33333333,1.632993161,94,99,7.954666667,0.865801517,6.687,8.736,1415,41.73727351,1360,Boil
1335,1,32.51333333,0.034448028,60.84666667,0.780683461,95.16666667,1.834847859,92,97,7.633666667,0.894755311,6.687,8.736,1405,40.86563348,1360,Boil
1336,1,32.49833333,0.029268869,60.34166667,0.998146616,94,2.529822128,90,96,7.310666667,0.756328147,6.687,8.562,1395.666667,30.63113884,1360,Boil
1337,1,32.48166667,0.021369761,60.30833333,0.986253855,92.66666667,3.265986323,88,96,7.087333333,0.447866349,6.687,7.881,1397.833333,34.97094032,1360,Boil
1338,1,32.48,0.018973666,60.24333333,0.94264875,92,3.346640106,88,96,7.179333333,0.653153785,6.687,8.433,1421.333333,71.87674636,1360,Boil
1339,0,30.73666667,0.059553897,48.44166667,1.733821406,135.1666667,9.82683401,120,144,2.589166667,1.231856228,1.046,3.869,598.3333333,116.3901485,418,Boil
1340,0,30.745,0.051283526,47.62333333,1.884448637,132,10.23718711,120,144,2.139333333,1.252605551,0.967,3.869,548.5,127.1530574,402,Boil
1341,0,30.75333333,0.039327683,46.95333333,1.875181769,127.5,10.36822068,116,144,1.655666667,0.982254685,0.967,3.518,501.6666667,121.0779363,398,Boil
1342,0,30.75333333,0.039327683,46.18333333,1.261470042,122.5,7.71362431,114,135,1.2305,0.386134044,0.967,1.836,452.6666667,84.57580426,394,Boil
1343,0,30.735,0.038858718,45.675,1.103716449,118.6666667,5.715476066,112,127,1.052833333,0.283384838,0.77,1.6,417.8333333,40.18167078,394,Boil
1344,0,30.715,0.028106939,45.18333333,0.319541338,117,4,112,123,0.913333333,0.117800962,0.763,1.046,401,8.717797887,394,Boil
1345,0,30.70333333,0.018618987,45.135,0.26258332,116.5,3.728270376,112,123,0.866833333,0.109749563,0.763,0.967,397.5,2.588435821,394,Boil
1346,0,30.70333333,0.018618987,45.15,0.276115918,115.8333333,2.483277404,112,119,0.8315,0.105078542,0.755,0.967,408.8333333,29.99611086,394,Boil
1347,0,30.70666667,0.023380904,45.18333333,0.308069256,115.6666667,2.503331114,112,119,0.798833333,0.082589144,0.755,0.967,421,38.36143897,394,Boil
1348,0,30.71833333,0.041673333,45.01833333,0.460496109,115.6666667,2.503331114,112,119,0.743833333,0.052658966,0.637,0.771,431.8333333,38.38966875,397,Boil
1349,0,30.73666667,0.050066622,44.96833333,0.513864444,115.6666667,2.503331114,112,119,0.717166667,0.073245933,0.61,0.771,439.6666667,34.45383385,397,Boil
1350,0,30.76166667,0.053447794,44.83833333,0.621913713,114.6666667,3.011090611,111,119,0.693833333,0.077877896,0.61,0.771,446.1666667,27.83822312,397,Boil
1351,0,30.78333333,0.044121046,44.64166667,0.633195599,113.6666667,3.076794869,111,119,0.667833333,0.074534332,0.61,0.771,451.8333333,17.29065258,431,Boil
1352,0,30.80333333,0.036147845,44.445,0.528951794,112.6666667,1.632993161,111,115,0.644,0.063068217,0.61,0.771,444.8333333,16.96368671,428,Boil
1353,0,30.82333333,0.025819889,44.06666667,0.425049017,111.5,2.073644135,108,114,0.613666667,0.015895492,0.589,0.637,438.1666667,11.65189541,428,Boil
1354,0,30.84333333,0.038297084,43.86833333,0.548504026,110.3333333,2.338090389,107,113,0.645833333,0.090896461,0.589,0.83,436.8333333,8.931218655,428,Boil
1355,0,30.86833333,0.051153364,43.685,0.513994163,110.1666667,2.228601953,107,113,0.703166667,0.151835986,0.589,0.954,439.1666667,12.35178799,428,Boil
1356,0,30.89,0.058651513,43.63166667,0.47494912,110,2.19089023,107,113,0.7725,0.196359619,0.589,1.039,444,16,428,Boil
1357,0,30.91833333,0.059132619,43.645,0.492209305,109.5,2.258317958,107,113,0.890166667,0.275721176,0.589,1.317,451.1666667,18.45444842,428,Boil
1358,0,30.94666667,0.054650404,43.495,0.416977218,109.1666667,1.722401424,107,111,0.968333333,0.245963954,0.589,1.317,453.6666667,15.46178084,431,Boil
1359,0,30.96666667,0.035023801,43.37666667,0.577188588,108.5,2.738612787,104,111,1.002833333,0.190344337,0.796,1.317,452.6666667,17.30510522,425,Boil
1360,0,30.98,0.021908902,43.14666667,0.890071158,108,3.286335345,104,111,0.973166667,0.231985704,0.652,1.317,442.1666667,31.66964898,388,Boil
1361,0,30.985,0.016431677,42.9,1.029854359,106.8333333,3.250640962,104,111,0.912666667,0.280288899,0.591,1.317,429,39.27849284,379,Boil
1362,0,31.06333333,0.015055453,37.45,0.220363336,70,0.89442719,69,71,0.387333333,0.011961048,0.373,0.405,328,2.28035085,326,No Activity
1363,0,31.06666667,0.010327956,37.41666667,0.256177022,69.83333333,0.752772652,69,71,0.387166667,0.01205681,0.373,0.405,328.1666667,2.136976057,326,No Activity
1364,0,31.06666667,0.010327956,37.335,0.260288302,68.5,2.738612787,63,70,0.384333333,0.010948364,0.373,0.405,327.6666667,2.943920289,323,No Activity
1365,0,31.06666667,0.010327956,37.18833333,0.172094935,68,2.898275349,63,70,0.377666667,0.007474401,0.365,0.386,327.1666667,3.488074923,323,No Activity
1366,0,31.07166667,0.013291601,37.10666667,0.209348195,66.83333333,3.311595788,63,70,0.375666667,0.006314006,0.365,0.381,325.8333333,3.250640962,323,No Activity
1367,0,31.07166667,0.013291601,36.96,0.364691651,65.33333333,4.082482904,60,70,0.371666667,0.012706953,0.349,0.381,324.8333333,2.562550812,323,No Activity
1368,0,31.07666667,0.013662601,36.74666667,0.412972961,64.33333333,3.386246693,60,70,0.364,0.018994736,0.334,0.381,323.8333333,1.602081979,323,No Activity
1369,0,31.08166667,0.011690452,36.58333333,0.429262934,63.16666667,1.940790217,60,66,0.356166667,0.020232812,0.334,0.381,323.1666667,0.40824829,323,No Activity
1370,0,31.08666667,0.005163978,36.42,0.366005464,62.33333333,2.875181153,58,66,0.348333333,0.017625739,0.334,0.374,323.1666667,0.40824829,323,No Activity
1371,0,31.08833333,0.004082483,36.255,0.308787953,61.16666667,2.483277404,58,64,0.339166667,0.021169947,0.31,0.374,322.3333333,2.160246899,318,No Activity
1372,0,31.09166667,0.009831921,36.07166667,0.209801494,60.66666667,2.338090389,58,64,0.330166667,0.013482087,0.31,0.349,321.5,2.738612787,318,No Activity
1373,0,31.09666667,0.010327956,35.97,0.201395134,60.66666667,2.338090389,58,64,0.325333333,0.010171857,0.31,0.334,320.5,2.738612787,318,No Activity
1374,0,31.09666667,0.010327956,35.97,0.201395134,59.66666667,1.861898672,58,63,0.329166667,0.016473211,0.31,0.357,320.1666667,2.483277404,318,No Activity
1375,0,31.1,0.010954451,35.96666667,0.198158186,58,2.607680962,53,60,0.328333333,0.016305418,0.31,0.357,320.6666667,3.326659987,318,No Activity
1376,0,31.10333333,0.010327956,35.94666667,0.182610697,57.66666667,2.732520204,53,60,0.3265,0.016158589,0.31,0.357,320.6666667,3.326659987,318,No Activity
1377,0,31.11166667,0.01602082,35.945,0.182729308,58,3.033150177,53,61,0.328833333,0.014190372,0.32,0.357,322.1666667,3.868677638,318,No Activity
1378,0,31.11166667,0.01602082,36.09333333,0.298105127,57.16666667,3.060501048,53,61,0.333,0.014737707,0.32,0.357,323.8333333,3.868677638,318,Reheat
1379,0,31.11166667,0.01602082,36.24166667,0.302550271,56.83333333,2.786873995,53,61,0.337166667,0.013833534,0.323,0.357,325.6666667,3.076794869,321,Reheat
1380,0,31.125,0.025099801,36.28666667,0.304477695,56.5,2.738612787,53,61,0.3505,0.043505172,0.323,0.437,327.6666667,3.326659987,323,Reheat
1381,0,31.13666667,0.03204164,36.37,0.317867897,57.16666667,2.136976056,55,61,0.405333333,0.130780223,0.323,0.658,331.6666667,9.542885657,323,Reheat
1382,0,31.15333333,0.040331956,36.40333333,0.282323691,57.5,2.073644135,55,61,0.5525,0.343469795,0.324,1.206,340.3333333,19.01227674,327,Reheat
1383,0,31.17166667,0.055287129,36.45166667,0.197019458,56.83333333,1.169045194,55,58,0.822166667,0.637500562,0.345,1.942,357.6666667,40.11815881,328,Reheat
1384,0,31.20833333,0.075476266,36.5,0.268998141,57,0.89442719,56,58,1.1855,0.884524901,0.345,2.525,375.1666667,46.91446117,329,Reheat
1385,0,31.25,0.079246451,36.56166667,0.33606051,56.16666667,1.722401424,53,58,1.759166667,1.264810091,0.437,3.787,392.5,45.64099035,333,Reheat
1386,0,31.28833333,0.087958323,36.57666667,0.32988887,55.66666667,2.160246899,53,58,2.326666667,1.315785342,0.658,3.842,433.6666667,79.82898388,350,Reheat
1387,0,31.33166667,0.087958323,36.75333333,0.560773276,55.33333333,2.065591118,53,58,2.7985,1.08510511,1.206,3.842,472.1666667,86.80648977,375,Reheat
1388,0,31.37833333,0.084715209,36.865,0.496336579,54.83333333,1.602081978,53,57,3.202833333,0.782945571,1.942,3.842,505.3333333,80.00666639,431,Reheat
1389,0,31.43,0.085322916,37.23833333,0.710420064,54.5,1.224744871,53,56,3.362166667,0.532150135,2.525,3.842,525.3333333,72.33993825,433,Reheat
1390,0,31.47833333,0.098471654,37.38,0.716575188,54.66666667,1.505545305,53,57,3.426666667,0.422553981,2.898,3.842,545.1666667,56.55233564,433,Reheat
1391,0,31.53333333,0.110574259,37.85,1.182776395,55.66666667,2.065591118,53,59,3.307166667,0.401110666,2.898,3.842,574.5,21.54762168,551,Reheat
1392,0,31.595,0.123733585,38.53333333,1.409477445,58,4.69041576,55,67,3.303,0.394519455,2.898,3.817,598.6666667,65.47874973,551,Reheat
1393,0,31.68666667,0.177838878,38.72166667,1.34675041,81.16666667,55.45598856,55,194,3.386166667,0.484015874,2.898,3.988,618.3333333,75.98859564,551,Fry
1394,0,31.775,0.191702895,38.895,1.109968468,104.1666667,69.31786686,55,194,3.274,0.493539461,2.898,3.988,616.6666667,77.25455758,551,Fry
1395,0,31.84666667,0.174890442,38.725,1.258137512,125.8333333,71.16857921,57,194,3.177166667,0.622273064,2.317,3.988,608.8333333,87.01130195,504,Fry
1396,0,31.90833333,0.140913685,38.62333333,1.371271916,148.5,66.35585882,59,194,3.018833333,0.799001731,1.962,3.988,597.3333333,99.66477144,483,Fry
1397,0,31.95833333,0.09304121,38.18,1.340537206,173,52.36410985,67,206,2.834166667,0.905724774,1.962,3.988,575,110.9071684,475,Fry
1398,0,31.995,0.012247449,37.605,0.664221349,203,22.58317958,185,247,2.525,0.815217272,1.962,3.988,533.3333333,87.84683641,475,Fry
1399,0,31.995,0.012247449,37.32833333,0.316759636,233.6666667,74.09633369,185,378,2.187333333,0.403827521,1.962,2.959,494.5,36.40192303,466,Fry
1400,0,31.99,0,37.19833333,0.118392004,292.5,143.2351214,185,546,2.021166667,0.144928143,1.962,2.317,477.8333333,14.55220487,464,Fry
1401,0,31.99166667,0.004082483,37.15,0,353.1666667,164.1553126,193,549,1.918,0.107777549,1.698,1.962,469.1666667,10.87044924,452,Fry
1402,0,31.99333333,0.005163978,37.035,0.28169132,546.8333333,421.3575283,206,1355,1.890833333,0.114784,1.698,1.962,469.1666667,10.87044924,452,Fry
1403,0,31.995,0.005477226,36.855,0.473360328,702,441.674088,247,1355,1.784833333,0.249973132,1.326,1.962,466,11.5758369,452,Fry
1404,0,31.99666667,0.005163978,36.64166667,0.58829981,782.8333333,382.112767,378,1355,1.634166667,0.366913841,1.058,1.962,460.5,14.02497772,442,Fry
1405,0,31.99833333,0.004082483,36.46166667,0.566477419,801.5,360.5056172,490,1355,1.463333333,0.418710242,0.937,1.962,455,17.48141871,433,Fry
1406,0,32,0,36.28166667,0.466836874,781.3333333,380.4874067,425,1355,1.2925,0.382059027,0.937,1.799,449.5,19.19114379,431,Fry
1407,0,32,0,36.10166667,0.192916217,750.6666667,409.2836018,365,1355,1.165666667,0.345043572,0.937,1.799,446.5,20.10721264,431,Fry
1408,0,31.99166667,0.020412415,36.03666667,0.081649658,560.1666667,330.0808487,212,1137,0.9945,0.18619855,0.772,1.326,437.8333333,9.786044485,431,Fry
1409,0,31.97833333,0.034880749,35.98666667,0.132916014,398.1666667,205.2914189,165,732,0.883666667,0.142109348,0.661,1.058,429.1666667,12.98332264,404,Fry
1410,0,31.96,0.047749346,36.05333333,0.160208198,300.3333333,145.5632738,145,490,0.813833333,0.142256693,0.639,0.937,421.5,16.8849045,396,Fry
1411,0,31.94,0.052535702,35.85666667,0.499866649,236.5,128.7629605,107,425,0.770833333,0.136455732,0.639,0.937,414.8333333,19.17724346,393,Fry
1412,0,31.92,0.047749346,35.66,0.617446354,180.6666667,100.1252549,90,365,0.727833333,0.112097131,0.639,0.937,406.8333333,21.00872834,383,Fry
1430,0,32.20166667,0.04708149,38.225,1.123116201,54,3.346640106,51,59,2.3135,0.668739336,1.257,2.984,598,63.54525946,487,Curry
1431,0,32.225,0.045055521,37.93166667,1.484444902,54,3.346640106,51,59,2.009,0.790787456,1.004,2.984,570.1666667,86.50876642,449,Curry
1432,0,32.245,0.042308392,37.39166667,1.719714124,53.5,4.037325847,48,59,1.6405,0.760137027,0.773,2.698,534.1666667,90.49511957,436,Curry
1433,0,32.25833333,0.02786874,36.9,1.823238876,53.5,4.037325847,48,59,1.305666667,0.632994049,0.689,2.302,497.6666667,79.36413968,428,Curry
1434,0,32.26666667,0.015055453,36.09833333,0.94272831,51.83333333,4.355073669,47,59,1.036833333,0.437578983,0.689,1.809,462.5,53.73546315,415,Curry
1435,0,32.26,0.027568098,35.70666667,0.687594842,50,2.75680975,47,54,0.831833333,0.252426953,0.579,1.257,437.6666667,27.86873995,411,Curry
1436,0,32.24666667,0.042739521,35.34833333,0.324247848,49.66666667,2.250925735,47,52,0.7135,0.164282379,0.547,1.004,422.3333333,19.28384471,395,Curry
1437,0,32.225,0.053944416,35.38,0.387349971,49.16666667,1.940790217,47,52,0.6445,0.086301217,0.547,0.773,414.6666667,15.29269978,395,Curry
1438,0,32.20166667,0.050365332,35.39666667,0.393581842,49,2.097617696,47,52,0.695,0.195764144,0.547,1.076,416,17.68615278,395,Curry
1439,0,32.18333333,0.044572039,35.43,0.398296372,47.83333333,2.639444386,44,52,0.7595,0.249712435,0.547,1.076,422.8333333,28.10278752,395,Curry
1440,0,32.16833333,0.024013885,35.64333333,0.62917936,70.83333333,55.99077305,44,185,0.967166667,0.534763281,0.547,1.935,431.8333333,33.26509682,395,Curry
1441,0,32.16333333,0.015055453,35.69166667,0.595799183,107,94.87465415,44,265,1.194166667,0.619413082,0.547,1.941,449.8333333,46.3742026,395,Curry
1442,0,32.16166667,0.013291601,35.92,0.472228758,185.6666667,189.0710625,44,524,1.330333333,0.532378312,0.59,1.941,466.6666667,40.44090339,403,Curry
1443,0,32.17,0.018973666,36.1,0.688156959,283.3333333,246.8721667,44,635,1.473166667,0.389934054,1.076,1.941,494,44.06359041,444,Curry
1444,0,32.18833333,0.038686776,36.05166667,0.741765911,350,223.1573436,44,635,1.559,0.338284496,1.076,1.941,514.3333333,44.52265341,469,Curry
1445,0,32.21,0.048166378,36.2,0.712179753,402,166.8364469,185,635,1.5715,0.31762226,1.151,1.941,524.6666667,38.71261638,469,Curry
1446,0,32.23,0.052915026,36.00333333,0.729099902,408.1666667,157.6418938,222,635,1.429,0.313694756,1.08,1.941,526.6666667,35.43256506,481,Curry
1447,0,32.24666667,0.049665548,35.92166667,0.823466251,390.5,181.0908612,159,635,1.2965,0.202301508,1.08,1.591,521.8333333,38.53007483,481,Curry
1448,0,32.26833333,0.036009258,35.79,0.823626129,326.5,192.0007812,140,635,1.389333333,0.328135744,1.08,1.921,529.3333333,36.83838578,481,Curry
1449,0,32.28333333,0.013662601,35.725,0.703327804,234.5,139.755143,83,447,1.425166667,0.346895614,1.08,1.921,524.6666667,32.64761349,481,Curry
1450,0,32.29,0.008944272,36.26333333,1.282819811,174,103.1406806,83,356,1.5045,0.435515671,1.08,2.067,536.5,55.49684676,481,Curry
1451,0,32.29833333,0.017224014,36.98,2.246855581,127.8333333,57.10137185,79,222,1.749,0.58388492,1.08,2.618,568.6666667,94.14598593,481,Curry
1452,0,32.325,0.063482281,37.53333333,2.20609761,101.3333333,38.53656273,63,159,1.9885,0.548217019,1.146,2.618,599.3333333,89.74333773,490,Curry
1453,0,32.385,0.138383525,38.68666667,2.398463397,83.83333333,30.00944296,54,140,2.171333333,0.362520436,1.662,2.618,631.8333333,76.57262348,539,Curry
1454,0,32.46,0.193907194,39.645,1.960028061,68.66666667,15.37096831,49,84,2.289,0.379209177,1.662,2.627,670.8333333,80.54419077,539,Curry
1455,0,32.54833333,0.219946963,40.47,1.474299834,63.16666667,15.11842143,49,84,2.447833333,0.236971236,2.067,2.627,705.8333333,52.56773408,637,Curry
1456,0,32.64666667,0.218601616,41.16166667,1.331832072,57.33333333,11.87714893,49,79,2.573666667,0.190125923,2.243,2.822,729.8333333,47.4822774,665,Curry
1457,0,32.745,0.176266843,41.60833333,1.590451718,52.66666667,5.391351098,49,63,2.6865,0.352904378,2.243,3.295,744.8333333,58.26290987,665,Curry
1458,0,32.82333333,0.11147496,42.38333333,0.934123475,50.83333333,1.940790217,49,54,2.816166667,0.415540331,2.243,3.295,759.8333333,43.25004817,685,Curry
1459,0,32.875,0.075564542,42.49333333,0.902743965,50.16666667,1.169045194,49,52,2.973833333,0.323944697,2.615,3.295,776.6666667,23.39800561,749,Curry
1460,0,32.91166667,0.052694086,42.815,0.667105689,50.5,1.048808847,49,52,3.1165,0.329100441,2.615,3.483,791.3333333,42.18372514,749,Curry
1468,0,33.035,0.043243497,39.30166667,0.856677691,47.5,0.836660026,47,49,2.754333333,0.430648658,2.342,3.418,665,26.56313235,635,Boil
1469,0,33.02,0.035213634,39.22333333,0.908595987,47.83333333,0.98319208,47,49,2.904833333,0.484677797,2.342,3.418,681.1666667,36.64105166,635,Boil
1470,0,33.005,0.0083666,39.145,0.94998421,48.33333333,1.632993161,47,51,3.055333333,0.479589686,2.342,3.418,692.6666667,34.54079713,635,Boil
1471,0,33.00333333,0.008164966,39.145,0.94998421,49,1.788854382,47,51,3.234666667,0.340514708,2.571,3.418,703.1666667,20.03413753,689,Boil
1472,0,32.98,0.059329588,38.72166667,0.998647419,49.5,1.516575088,47,51,3.135333333,0.577382946,1.975,3.418,678.1666667,70.72034125,539,Boil
1473,0,32.95333333,0.072295689,38.29833333,0.4051872,49.5,1.516575088,47,51,2.922666667,0.767848857,1.889,3.418,653.1666667,90.00759227,539,Boil
1474,0,32.93166667,0.074944424,38.185,0.418939136,49.5,1.516575088,47,51,2.703166667,0.785959138,1.889,3.418,628.1666667,98.49551597,539,Boil
1475,0,32.91,0.069856997,38.21833333,0.458886333,49.66666667,1.505545305,47,51,2.48,0.730538979,1.889,3.418,599,84.36349922,539,Boil
1476,0,32.885,0.056833089,38.51166667,0.976369124,49.5,1.378404875,47,51,2.2765,0.569246432,1.889,3.418,576.5,61.94110106,539,Boil
1477,0,32.86,0.008944272,38.805,1.220454833,49.16666667,1.169045194,47,50,2.073,0.122500612,1.889,2.197,561.8333333,29.16447611,539,Boil
1478,0,32.85333333,0.018618987,39.02,1.06282642,49.5,1.643167672,47,52,2.025666667,0.19895192,1.691,2.197,573.6666667,32.28415504,539,Boil
1479,0,32.84333333,0.028047579,39.13666667,0.970807224,50.16666667,1.169045194,49,52,1.969833333,0.276765906,1.554,2.197,568.1666667,41.0044713,506,Boil
1480,0,32.835,0.025884358,39.4,0.742751641,50,1.414213562,48,52,1.923666667,0.273595078,1.554,2.197,571,39.13055072,506,Boil
1481,0,32.83833333,0.031885211,39.48166667,0.67995343,49.66666667,1.632993161,48,52,1.978333333,0.336399564,1.554,2.407,579,41.97141885,506,Boil
1482,0,32.845,0.038340579,39.30333333,0.550369573,49.83333333,1.722401424,48,52,2.013333333,0.372669648,1.554,2.407,583.5,43.64286883,506,Boil
1483,0,32.87333333,0.081404341,38.96166667,0.431342864,50.16666667,1.722401424,48,52,2.122666667,0.508723369,1.554,2.853,586.1666667,46.01050605,506,Boil
1484,0,32.91666667,0.111115555,38.84333333,0.546760155,50,1.549193338,48,51,2.3565,0.587040288,1.554,3.094,602.1666667,67.58821396,506,Boil
1485,0,32.96833333,0.117884124,38.60833333,0.822980356,50,1.549193338,48,51,2.569,0.45417926,1.824,3.094,622.3333333,48.5166638,556,Boil
1486,0,33.01666667,0.103473024,38.26,0.842638713,50.66666667,1.366260102,48,52,2.7365,0.274091773,2.407,3.094,633.3333333,36.45088019,608,Boil
1487,0,33.06333333,0.097911525,37.94666667,0.754762656,51.83333333,1.602081978,51,55,2.761,0.243625122,2.407,3.094,639.5,35.0185665,608,Boil
1488,0,33.11,0.056920998,37.63333333,0.440075751,52.16666667,1.602081978,51,55,2.7855,0.205279078,2.554,3.094,637.3333333,37.65988139,595,Boil
1489,0,33.135,0.039874804,37.48333333,0.326598632,53,2.097617696,51,56,2.735666667,0.221284131,2.554,3.094,627.6666667,47.34835442,568,Boil
1490,0,33.16666667,0.058537737,37.235,0.28169132,53.83333333,2.136976056,51,56,2.5955,0.215182481,2.253,2.829,615.8333333,29.28082421,568,Boil
1491,0,33.19666667,0.068896057,37.02333333,0.538281215,54.5,1.643167672,52,56,2.473166667,0.25988568,2.095,2.829,608.8333333,31.04459158,568,Boil
1492,0,33.22833333,0.064627136,36.76333333,0.701075364,54.83333333,1.169045194,53,56,2.297166667,0.321080312,1.773,2.554,602.6666667,31.57636247,568,Boil
1493,0,33.245,0.059245253,36.42166667,0.843123162,54.66666667,1.211060141,53,56,2.164833333,0.355801864,1.76,2.554,584.8333333,31.06391261,541,Boil
1494,0,33.24833333,0.054558837,36.17666667,0.72467004,54.83333333,0.98319208,54,56,2.067666667,0.304120809,1.76,2.554,575.8333333,35.09083451,541,Boil
1495,0,33.25166667,0.049159604,36.04666667,0.510359351,54.5,0.836660026,54,56,2.070833333,0.310235018,1.76,2.573,595.8333333,57.05582062,541,Boil
1525,0,33.27,0.132815662,40.29,3.349340234,69.16666667,7.332575718,61,79,2.175666667,0.635177351,1.706,3.26,649.8333333,132.4996855,540,Curry
1526,0,33.32,0.135055544,41.57333333,3.514618993,71.33333333,7.763160868,61,79,2.578,0.959777474,1.706,4.12,715.6666667,167.1665836,540,Curry
1527,0,33.37,0.113313724,42.85666667,3.08777374,79.5,17.79606698,61,113,2.980333333,1.024891344,1.706,4.12,782.8333333,163.387168,540,Curry
1528,0,33.44,0.072663608,43.31,2.210194562,124.3333333,101.9130348,69,330,3.1825,0.822996902,2.086,4.12,818.8333333,116.1488987,682,Curry
1529,0,33.48,0.084852814,42.885,2.771698036,167.5,125.8328256,77,330,3.336833333,0.643500557,2.59,4.12,828.3333333,104.4617952,716,Curry
1530,0,33.52166667,0.092826002,42.29666667,3.229524217,204.1666667,126.2401151,78,330,3.346833333,0.629895997,2.65,4.12,826.5,106.8957436,705,Curry
1531,0,33.56333333,0.094162979,41.38166667,2.95771139,229.3333333,110.3479346,78,330,3.217,0.724545651,2.481,4.12,799,114.4255216,705,Curry
1532,0,33.60833333,0.093683866,40.61333333,2.311118056,251.5,84.10648013,113,330,2.934833333,0.625430225,2.427,4.12,754.5,96.30732059,679,Curry
1533,0,33.665,0.080684571,39.95833333,0.885311621,276.3333333,50.19428918,211,330,2.652,0.258147245,2.423,3.012,716.5,27.34776042,679,Curry
1534,0,33.70166667,0.078845841,39.80833333,0.91791975,264.3333333,42.87034717,211,328,2.571,0.232596647,2.423,3.012,709,19.3494186,679,Curry
1535,0,33.72333333,0.061210021,39.93833333,0.846603016,258.6666667,34.12721299,211,297,2.427166667,0.161233268,2.149,2.65,699,15.94992163,679,Curry
1536,0,33.73666667,0.046332134,39.645,1.406438765,272.3333333,59.52030466,211,379,2.310833333,0.212089054,1.952,2.481,686.3333333,32.16623488,629,Curry
1537,0,33.73833333,0.043550737,39.20333333,1.708972401,298.3333333,70.4064391,211,386,2.224333333,0.23355656,1.952,2.433,669,45.39603507,601,Curry
1538,0,33.73,0.051768716,38.535,1.859190684,302,65.33911539,233,386,2.145166667,0.231616421,1.952,2.433,658.6666667,49.53248093,601,Curry
1539,0,33.715,0.043243497,37.85166667,1.361931227,288.6666667,81.33797801,182,386,2.065166667,0.196728663,1.943,2.433,642,43.206481,601,Curry
1540,0,33.705,0.025884358,37.835,1.341562522,272.3333333,97.04981539,160,386,2.050166667,0.163738104,1.943,2.343,638.3333333,36.60965264,601,Curry
1541,0,33.70833333,0.03060501,37.705,1.126672091,244.8333333,111.9203586,129,386,2.1125,0.254771074,1.943,2.523,643.1666667,44.18333019,601,Curry
1542,0,33.71333333,0.035023801,38.03166667,1.204581532,201.5,99.19425387,119,386,2.207666667,0.287385223,1.943,2.523,680,94.02127419,601,Curry
1543,0,33.71666667,0.03204164,38.19666667,1.135335486,152.3333333,50.7214616,91,233,2.339,0.32961614,1.943,2.75,721.5,106.3254438,615,Curry
1544,0,33.725,0.02258318,38.425,0.829740923,127.6666667,38.05084318,85,182,2.501333333,0.340564629,1.943,2.926,746.8333333,93.81986286,615,Curry
1545,0,33.725,0.02258318,38.57166667,0.598478627,110.1666667,31.67596355,77,160,2.657333333,0.230130977,2.343,2.926,766.1666667,70.19805315,689,Curry
1546,0,33.72833333,0.024832774,38.62166667,0.667065714,95,23.86629422,69,129,2.738,0.17648796,2.523,2.926,773.1666667,62.65274668,708,Curry
1547,0,33.72833333,0.024832774,38.68666667,0.736088763,85,18.80425484,69,119,2.788666667,0.142851905,2.523,2.926,782.3333333,54.73451075,731,Curry
1548,0,33.745,0.056124861,38.66666667,0.724808021,75.33333333,11.20119041,61,91,2.7765,0.170447353,2.45,2.926,759.3333333,49.34234152,712,Curry
1549,0,33.775,0.072869747,39.445,1.813402879,70.33333333,9.352361556,61,85,2.760166667,0.178021815,2.45,2.926,742.5,21.72325942,712,Curry
1550,0,33.81166667,0.092394084,40.01166667,1.764623661,66.83333333,6.145459028,61,77,2.762166667,0.180310196,2.45,2.938,741.5,20.35436071,712,Curry
1551,0,33.86333333,0.103473024,40.61166667,1.541783599,64.33333333,3.777124126,61,69,2.760333333,0.17893537,2.45,2.938,750.8333333,26.49087893,712,Curry
1552,0,33.92666667,0.132463832,40.73333333,1.460324165,62.33333333,3.983298465,57,69,2.699166667,0.211374943,2.45,2.938,766.5,37.7981481,712,Curry
1553,0,33.98666667,0.117075474,40.725,1.469091556,60.66666667,2.422120283,57,64,2.673666667,0.201884786,2.45,2.938,766.8333333,37.76991748,712,Curry
1554,0,34.02166667,0.097860445,41.31166667,1.318399282,60.66666667,2.422120283,57,64,2.754,0.190670396,2.46,2.938,785,31.8747549,749,Curry
1555,0,34.045,0.070071392,41.24666667,1.233055825,60.83333333,2.483277404,57,64,2.867833333,0.293661313,2.46,3.335,798,30.11312006,763,Curry
1556,0,34.05666667,0.052788888,41.57333333,1.484084454,60.83333333,2.483277404,57,64,2.995333333,0.453040248,2.46,3.703,818.6666667,41.63492124,765,Curry
1557,0,34.07666667,0.054283208,41.16166667,1.786890222,60,2.828427124,57,64,2.867666667,0.58485303,2.102,3.703,797.3333333,78.00940114,659,Curry
1558,0,33.995,0.048476799,36.19333333,0.742715737,212.6666667,67.94311346,94,277,2.269,0.374565348,1.838,2.676,697.5,32.23507407,656,Boil
1559,0,34.00166667,0.041673333,36.43666667,0.643728721,230.1666667,38.337536,181,277,2.229833333,0.333534656,1.838,2.676,707.6666667,49.52036618,656,Boil
1560,0,34.00833333,0.031885211,37.20166667,1.389466324,218.6666667,60.16865186,112,277,2.323166667,0.513277086,1.838,3.236,740.1666667,83.32926657,656,Boil
1561,0,33.99833333,0.024832774,37.85333333,1.626698087,193.5,72.70694602,103,277,2.591666667,0.684887339,1.838,3.582,778.1666667,95.00614015,656,Boil
1562,0,33.99166667,0.019407902,38.66666667,2.003134211,165.3333333,74.95776589,90,277,2.915166667,0.7154281,2.012,3.779,825.5,92.68602915,721,Boil
1563,0,33.99166667,0.019407902,39.01,1.851723521,132.6666667,57.15476066,81,211,3.256,0.6856028,2.441,4.057,855.6666667,82.74700397,721,Boil
1564,0,34,0.023664319,39.40166667,1.510396195,109.3333333,46.33213428,71,199,3.525333333,0.615205548,2.441,4.057,880,50.35076961,791,Boil
1565,0,31.515,0.005477226,73.72333333,0.051639778,72.5,2.073644135,70,76,1.144333333,0.093457299,0.987,1.25,450.6666667,2.422120283,448,No Activity
1566,0,31.51666667,0.005163978,73.72333333,0.051639778,72.16666667,1.471960144,70,74,1.119833333,0.107113802,0.987,1.25,451.1666667,2.041241452,449,No Activity
1567,0,31.51833333,0.004082483,73.74,0.054772256,72,1.414213562,70,74,1.124,0.101238333,1.012,1.25,451.6666667,1.751190071,449,No Activity
1568,0,31.52,0,73.75666667,0.051639778,73,2.828427124,70,78,1.099833333,0.108808854,1.012,1.25,452,1.264911063,451,No Activity
1569,0,31.52,0,73.77333333,0.040824829,73.33333333,2.658320271,70,78,1.060166667,0.083571327,1.012,1.216,451.6666667,1.751190071,449,No Activity
1570,0,31.51833333,0.004082483,73.78833333,0.060138728,74,2.097617696,72,78,1.017166667,0.044678481,0.958,1.097,451.1666667,1.722401424,449,No Activity
1571,0,31.51666667,0.005163978,73.78833333,0.060138728,74,2.097617696,72,78,1.007833333,0.027028997,0.958,1.041,450.3333333,1.211060141,449,No Activity
1572,0,31.515,0.005477226,73.78833333,0.060138728,74.5,2.42899156,72,78,1.024833333,0.05132803,0.958,1.114,450.1666667,1.169045193,449,No Activity
1573,0,31.51333333,0.005163978,73.77166667,0.072226496,74.66666667,2.250925735,73,78,1.064833333,0.10489312,0.958,1.252,450.1666667,1.169045193,449,No Activity
1574,0,31.51166667,0.004082483,73.755,0.078421936,73.16666667,2.562550812,69,77,1.104833333,0.124621694,0.958,1.252,450.3333333,1.366260101,449,No Activity
1575,0,31.51166667,0.004082483,73.72166667,0.100083299,73.66666667,2.804757862,69,77,1.095166667,0.13507393,0.954,1.252,450.8333333,1.329160135,449,No Activity
1576,0,31.51166667,0.004082483,73.69,0.063245553,73.83333333,2.857738033,69,77,1.094833333,0.135481979,0.954,1.252,451.1666667,1.329160135,449,No Activity
1577,0,31.51166667,0.004082483,73.67333333,0.075277265,74.33333333,2.943920289,69,77,1.089333333,0.138735239,0.954,1.252,451.6666667,0.81649658,450,No Activity
1578,0,31.51166667,0.004082483,73.65666667,0.051639778,74.33333333,2.943920289,69,77,1.0755,0.139916761,0.954,1.252,452,0,452,No Activity
1579,0,31.51333333,0.005163978,73.65666667,0.051639778,75,3.033150177,69,77,1.03,0.112802482,0.954,1.252,452,0,452,No Activity
1580,0,31.51333333,0.005163978,73.67333333,0.075277265,76,0.89442719,75,77,0.987,0.030133038,0.954,1.031,452,0,452,No Activity
1581,0,31.51166667,0.004082483,73.69,0.063245553,76,0.89442719,75,77,0.997,0.026758176,0.956,1.031,452,0,452,No Activity
1582,0,31.50833333,0.009831921,73.69,0.063245553,76.66666667,1.366260102,75,79,1.005,0.017686153,0.979,1.031,452.1666667,0.408248288,452,No Activity
1583,0,31.50833333,0.009831921,73.72333333,0.051639778,77,1.414213562,75,79,1.025333333,0.054220537,0.979,1.13,452.3333333,0.516397777,452,No Activity
1584,0,31.50833333,0.009831921,73.70666667,0.075277265,76.16666667,2.483277404,72,79,1.053833333,0.090559189,0.979,1.202,452.6666667,0.81649658,452,No Activity
1585,0,31.50833333,0.009831921,73.69,0.089442719,75.5,2.738612787,72,79,1.074333333,0.083908681,0.994,1.202,453,0.89442719,452,No Activity
1586,0,31.51,0.010954451,73.69,0.089442719,75.66666667,2.732520204,72,79,1.087666667,0.074408781,1.004,1.202,453.3333333,0.81649658,452,No Activity
1587,0,31.51,0.010954451,73.67333333,0.098319208,76.33333333,3.265986323,72,80,1.102,0.065078414,1.004,1.202,453.6666667,0.516397777,453,No Activity
1588,0,31.51333333,0.005163978,73.65666667,0.103279556,75.83333333,2.994439291,72,80,1.103,0.06329297,1.01,1.202,454,0.63245553,453,No Activity
1589,0,31.51333333,0.005163978,73.64,0.083666003,76.66666667,4.179314138,72,83,1.08,0.075429437,0.992,1.202,454.3333333,0.516397777,454,No Activity
1590,0,31.51333333,0.005163978,73.64,0.083666003,78.16666667,3.763863263,73,83,1.047166667,0.050439733,0.992,1.102,454.6666667,0.81649658,454,No Activity
1591,0,31.51166667,0.004082483,73.64,0.083666003,79.66666667,3.011090611,76,83,1.0375,0.042810046,0.992,1.1,455.3333333,1.505545305,454,No Activity
1592,0,31.51166667,0.004082483,73.62333333,0.051639778,81,2.828427124,76,84,1.032166667,0.039193962,0.992,1.1,456,1.673320052,454,No Activity
1593,0,31.51333333,0.005163978,73.64,0.054772256,82.16666667,3.656045222,76,87,1.019166667,0.020827066,0.992,1.044,456.5,1.378404874,455,No Activity
1594,0,31.51333333,0.005163978,73.64,0.054772256,84,2.529822128,81,87,1.0165,0.023132229,0.992,1.044,456.8333333,1.169045194,455,No Activity
1595,0,31.515,0.005477226,73.62333333,0.051639778,84.83333333,2.926886856,81,88,1.015333333,0.024735939,0.985,1.044,457.1666667,0.752772651,456,No Activity
1596,0,31.51666667,0.005163978,73.62333333,0.051639778,85.66666667,2.250925735,82,88,1.011833333,0.027787887,0.984,1.044,457.5,0.547722556,457,No Activity
1597,0,31.51833333,0.004082483,73.62333333,0.051639778,86.16666667,1.471960144,84,88,1.001833333,0.024498299,0.984,1.042,457.5,0.547722556,457,No Activity
1598,0,31.51833333,0.004082483,73.59,0.063245553,86.83333333,1.169045194,85,88,0.991333333,0.015794514,0.979,1.022,458,1.549193338,457,No Activity
1599,0,31.51833333,0.004082483,73.55666667,0.051639778,86.5,1.378404875,85,88,0.984166667,0.005492419,0.979,0.994,458.8333333,2.136976056,457,No Activity
1600,0,31.52,0,73.55666667,0.051639778,87.83333333,3.763863263,85,95,0.980666667,0.004589844,0.973,0.985,459.5,2.073644135,457,No Activity
1601,0,31.52,0,73.55666667,0.051639778,88.5,4.135214625,85,95,0.969833333,0.024750084,0.92,0.984,460.1666667,1.722401424,458,No Activity
1602,0,31.795,0.673609679,73.97166667,1.034029335,100.5,28.44468316,85,158,1.501833333,1.310284155,0.92,4.176,507.3333333,114.4808572,458,No Activity
1603,0,32.07,0.852056336,74.56666667,1.627374163,113.5,36.59918032,85,163,2.083666667,1.739230366,0.92,4.475,554.5,144.462798,461,Boil
1604,0,32.345,0.90374222,75.17833333,1.820059523,125.3333333,38.15057885,85,163,2.666333333,1.87540904,0.92,4.475,601.1666667,153.1801771,461,Boil
1605,0,32.62,0.852056336,75.79,1.754696555,137.1666667,33.91410719,92,163,3.249,1.787342944,0.92,4.475,664.6666667,162.6304605,461,Boil
1606,0,32.91,0.681909085,76.71,1.816524153,148.5,27.81905822,92,163,4.056166667,1.641534577,0.92,5.816,742.5,157.3273657,461,Boil
1607,0,33.20666667,0.058195074,77.97333333,1.848238801,160.3333333,3.076794869,156,163,4.932833333,0.841075363,4.176,6.18,820.3333333,92.28145354,741,Boil
1608,0,33.24166667,0.087502381,79.09166667,2.416256747,162.3333333,4.718756898,156,170,5.366833333,1.024317415,4.475,6.78,902,181.6127749,741,Boil
1609,0,33.29333333,0.121600439,79.88333333,2.434860708,163.6666667,5.921711464,156,171,5.977333333,1.406688831,4.475,8.138,996.6666667,223.9970238,741,Boil
1610,0,33.35166667,0.133927841,80.00666667,2.283354258,165.5,5.89067059,156,171,6.554333333,1.376922753,4.475,8.138,1075.5,197.7136819,843,Boil
1643,0,33.57666667,0.013662601,74.94166667,1.438880352,172.8333333,10.75949193,164,194,5.980166667,0.822551012,5.145,6.989,863.5,43.49137846,807,Boil
1644,0,33.56666667,0.015055453,75.24166667,1.450922695,168.6666667,2.875181153,164,173,5.991,0.838763375,5.145,7.054,896.1666667,92.56655263,807,Boil
1645,0,33.555,0.025884358,75.65,1.370751619,168.5,2.588435821,164,172,6.2565,0.856337025,5.145,7.054,938.1666667,100.8194756,839,Boil
1658,1,31.87333333,0.010327956,60.77333333,0.121764801,103.6666667,2.065591118,100,106,0.975333333,0.075234744,0.92,1.096,356.1666667,2.316606713,352,No Activity
1659,1,31.87833333,0.009831921,60.88833333,0.202031351,103.3333333,2.160246899,100,106,0.939666667,0.054441406,0.882,1.04,358.6666667,4.226897996,355,No Activity
1660,1,31.88333333,0.005163978,61.00333333,0.250333111,103.5,2.34520788,100,106,0.913166667,0.028216425,0.881,0.956,362.3333333,8.140434059,357,No Activity
1661,1,31.885,0.005477226,61.15166667,0.334090806,103.6666667,2.581988897,100,107,0.8965,0.027376998,0.856,0.92,366.1666667,10.70358195,357,No Activity
1662,1,31.89,0.010954451,61.3,0.378629106,104,2.75680975,100,107,0.884833333,0.030135804,0.85,0.92,371.3333333,13.1706745,357,No Activity
1663,1,31.89166667,0.009831921,61.46333333,0.367241973,104.6666667,2.943920289,100,107,0.867333333,0.035618347,0.815,0.92,376.8333333,12.87504045,357,No Activity
1664,1,31.89333333,0.008164966,61.64333333,0.270086406,105.3333333,1.96638416,102,107,0.848666667,0.031620668,0.808,0.882,384.1666667,11.80536601,367,No Activity
1665,1,31.89666667,0.010327956,61.77333333,0.240554914,105.8333333,1.169045194,104,107,0.835833333,0.031005913,0.805,0.881,390.3333333,10.65207335,377,No Activity
1666,1,31.9,0.010954451,61.96833333,0.311860011,105.8333333,1.169045194,104,107,0.824833333,0.022247846,0.805,0.856,400.3333333,19.83599422,381,No Activity
1667,1,31.905,0.012247449,62.08166667,0.300760148,105.1666667,1.471960144,103,107,0.818166667,0.016216247,0.805,0.85,410.8333333,23.82785485,389,No Activity
1668,1,31.90666667,0.013662601,62.17833333,0.268135538,104.8333333,1.471960144,103,107,0.8125,0.004764452,0.805,0.816,418.6666667,22.92305971,390,No Activity
1669,1,31.91666667,0.019663842,62.31,0.268626134,105,1.788854382,103,108,0.7795,0.079741457,0.617,0.816,423.3333333,18.30482632,401,No Activity
1670,1,31.92333333,0.015055453,62.45833333,0.275711202,106.1666667,2.926886856,103,111,0.744,0.107200746,0.595,0.816,423.8333333,17.60018939,404,No Activity
1671,1,31.92666667,0.013662601,62.63833333,0.306621373,107.1666667,3.430257522,103,111,0.704166667,0.123209442,0.566,0.816,423,18.80425484,399,No Activity
1672,1,31.93,0.010954451,62.73666667,0.358924319,106.8333333,3.656045222,103,111,0.658666667,0.124495248,0.542,0.816,415.6666667,20.73322615,393,No Activity
1673,1,31.935,0.012247449,62.86833333,0.327866843,107.3333333,3.204163957,104,111,0.608166667,0.10831328,0.513,0.816,406.6666667,17.43177176,390,No Activity
1674,1,31.93666667,0.010327956,63,0.211092397,108.1666667,2.786873995,104,111,0.554333333,0.047622124,0.493,0.617,398.5,11.36221809,387,No Activity
1675,1,31.93833333,0.013291601,63.08166667,0.118392004,108.1666667,2.786873995,104,111,0.534833333,0.04020655,0.493,0.595,392.6666667,7.763160868,383,No Activity
1686,1,32.36,0.044271887,66.47333333,1.067120737,112.3333333,2.503331114,110,117,3.909333333,1.760214835,2.381,6.384,680.8333333,132.8704883,551,Boil
1687,1,32.33833333,0.04070217,66.05333333,0.888429326,113,2.898275349,110,117,3.184333333,1.3950578,2.034,5.906,623.3333333,110.5217927,519,Boil
1688,1,32.31833333,0.033115958,65.66666667,0.3054614,112.8333333,2.639444386,110,116,2.607833333,0.417853762,2.034,3.173,576.8333333,49.59200204,519,Boil
1689,1,32.30666667,0.027325202,65.60666667,0.195209289,113,2.683281573,110,116,2.641166667,0.475901005,2.034,3.373,573.3333333,42.92629342,519,Boil
1690,1,32.30166667,0.019407902,65.72666667,0.427862906,114.6666667,3.444802849,111,120,3.037,1.224306988,2.034,5.366,603.6666667,97.58620121,519,Boil
1691,1,32.36833333,0.177698246,65.61833333,0.525372883,114.6666667,3.444802849,111,120,4.266833333,3.057123185,2.034,10,732,318.3683401,519,Boil
1692,1,32.44166667,0.227632745,65.72166667,0.568451112,115.6666667,3.011090611,111,120,5.536666667,3.643294754,2.034,10,867,389.9543563,519,Boil
1693,1,32.53,0.257837158,66.08666667,0.89269629,115.8333333,3.060501048,111,120,6.864333333,3.562147143,2.447,10,1036.666667,427.8778642,548,Boil
1694,1,32.62,0.247143683,66.435,0.996328259,116.1666667,3.188521078,111,120,8.123166667,2.975098816,3.373,10,1208.5,398.3886294,638,Boil
1695,1,32.75,0.243967211,67.185,1.815673429,116.8333333,3.060501048,111,120,9.227666667,1.891822578,5.366,10,1366.666667,303.7299239,785,Boil
1696,1,32.88833333,0.177698246,68.19,2.788720137,117,3.286335345,111,121,10,0,10,10,1505.166667,118.3189193,1351,Boil
1697,1,32.97333333,0.206462265,69.58166667,2.951165307,118.5,1.643167672,117,121,10,0,10,10,1550.833333,98.05797605,1361,Boil
1698,1,33.06833333,0.20875025,70.97166667,2.986746837,120,3.286335345,117,126,10,0,10,10,1595,34.60057803,1537,Boil
1699,1,33.16333333,0.202747791,72.01333333,2.61761469,121,3.098386677,118,126,10,0,10,10,1607.5,19.86705816,1579,Boil
1700,1,33.275,0.154628587,73.44666667,1.946870994,123,4.38178046,118,130,10,0,10,10,1607.666667,19.58230494,1580,Boil
1701,1,33.35666667,0.154099535,74.495,1.602482449,125.3333333,4.885352256,120,132,10,0,10,10,1607.166667,20.24269416,1580,Boil
1702,1,33.43333333,0.144867756,75.265,1.596705984,128.5,7.1484264,120,140,10,0,10,10,1604.5,19.89723599,1580,Boil
1703,1,33.49833333,0.127187526,75.72666667,1.302070147,131.1666667,6.274286148,123,140,10,0,10,10,1597.833333,18.29116362,1580,Boil
1704,1,33.55333333,0.097296797,75.65,1.398041487,132.5,5.787918451,123,140,10,0,10,10,1586.333333,18.72609587,1557,Boil
1705,1,33.59333333,0.058195074,75.89,1.108494475,133.5,4.086563348,129,140,9.994666667,0.013063945,9.968,10,1563,46.69047012,1472,Boil
1706,1,33.61666667,0.029439203,75.655,1.191264035,133.6666667,3.932768321,129,140,9.941,0.129477411,9.678,10,1535.666667,74.48131757,1416,Boil
1707,1,33.63,0.010954451,75.51833333,1.10062558,134.6666667,4.179314138,129,140,9.826666667,0.281082669,9.314,10,1505.833333,86.1798507,1405,Boil
1708,1,33.64,0.015491933,75.30666667,0.797537878,134.1666667,3.544949459,129,138,9.678333333,0.386416183,9.11,10,1473.5,79.95186052,1405,Boil
1709,1,33.64666667,0.018618987,75.27333333,0.760569962,133.6666667,3.444802849,129,138,9.53,0.408437021,9.11,10,1438.666667,65.96261567,1376,Boil
1710,1,33.65166667,0.020412415,75.58333333,0.494880457,132.6666667,4.131182236,128,138,9.381666667,0.36265337,9.11,9.968,1405.166667,39.63037556,1356,Boil
1711,1,33.65833333,0.018348479,75.69666667,0.475254318,132.6666667,4.131182236,128,138,9.238666667,0.230177902,9.11,9.678,1377.666667,41.19546901,1307,Boil
1712,1,33.66333333,0.012110601,75.40333333,1.192755912,131.3333333,5.750362307,123,138,8.8285,0.793676445,7.217,9.314,1355.333333,51.33290043,1282,Boil
1713,1,33.66333333,0.012110601,74.76833333,1.79506453,129.5,4.888762624,123,137,8.504333333,0.939525128,7.217,9.11,1332.666667,54.91690693,1269,Boil
1714,1,33.65666667,0.017511901,73.85666667,2.389792181,126,5.865151319,116,133,8.195,1.003585173,7.217,9.11,1306,50.88418222,1246,Boil
1715,1,33.645,0.027386128,72.945,2.491029907,122.8333333,6.431692364,114,129,7.831166667,1.001225932,6.927,9.11,1280.666667,46.73185923,1224,Boil
1761,0,31.93166667,0.135855315,76.59,0.66413854,142.1666667,2.483277404,139,146,5.3935,2.135559856,3.386,8.406,787.8333333,161.4724951,631,No Activity
1762,0,31.875,0.121778487,76.49833333,0.551812166,143.3333333,3.326659986,139,148,4.626166667,1.595493205,3.386,7.616,734.1666667,138.2684587,631,No Activity
1763,0,31.81333333,0.085479042,76.47166667,0.51054546,144.3333333,3.386246693,139,148,3.9065,0.699341905,3.298,5.211,676.5,73.9100805,631,No Activity
1764,0,31.77,0.066030296,76.64166667,0.519785212,145.8333333,5.564770136,139,155,3.5055,0.44545965,2.805,4.082,636,29.49576241,582,No Activity
1765,0,31.73,0.07293833,76.77833333,0.441289776,147.8333333,6.794605703,139,156,3.24,0.504013889,2.489,3.802,616,47.05316142,538,No Activity
1766,0,31.68333333,0.08477421,76.85,0.276043475,149.5,5.244044241,142,156,2.9555,0.799989187,1.679,3.802,594.5,64.91147818,502,No Activity
1767,0,31.64833333,0.085186071,76.75666667,0.373720038,150.3333333,4.082482905,147,156,2.596166667,0.898412248,1.504,3.802,564.5,69.98214058,480,No Activity
1768,0,31.61333333,0.072295689,76.73,0.36796739,150.6666667,3.932768321,147,156,2.212333333,0.761773632,1.499,3.298,535.8333333,60.58520171,480,No Activity
1769,0,31.58166667,0.062423286,76.58833333,0.365262463,151,3.633180425,147,156,1.933666667,0.565805503,1.499,2.805,511.6666667,40.68251057,480,No Activity
1770,0,31.55166667,0.038686776,76.44666667,0.288559641,151,3.633180425,147,156,1.722166667,0.38241413,1.499,2.489,495.5,22.23285857,480,No Activity
1771,0,31.53,0.027568098,76.43666667,0.270604262,150.1666667,2.714160398,147,155,1.5775,0.074610321,1.499,1.679,487.3333333,7.840068027,480,No Activity
1772,0,31.52333333,0.026583203,76.50166667,0.288957898,150.1666667,2.714160398,147,155,1.566333333,0.059955539,1.499,1.626,485.5,4.135214625,480,No Activity
1773,0,31.50833333,0.027141604,76.56833333,0.26133631,150.8333333,2.228601953,149,155,1.56,0.069157791,1.466,1.626,485.5,4.135214625,480,No Activity
1774,0,31.495,0.021679483,76.60166667,0.29647372,152.3333333,3.932768321,149,159,1.534333333,0.111772388,1.345,1.626,483.8333333,6.911343333,472,No Activity
1775,0,31.48166667,0.027141604,76.7,0.246089415,154.3333333,4.844240566,149,161,1.477666667,0.138899484,1.286,1.621,480.6666667,9.563820715,467,No Activity
1776,0,31.46333333,0.038815804,76.76666667,0.116733314,154.8333333,5.076087732,149,161,1.432333333,0.158987631,1.264,1.621,477.8333333,10.496031,467,No Activity
1777,0,31.44833333,0.043550737,76.75,0.11296017,155.5,4.722287581,149,161,1.377,0.136355418,1.264,1.612,474.3333333,9.479803092,467,No Activity
1778,0,31.425,0.041352146,76.83166667,0.221035442,157,3.521363372,151,161,1.329166667,0.0730956,1.264,1.466,470.5,4.969909455,467,No Activity
1779,0,31.41166667,0.036560452,76.91333333,0.22650975,160,4.816637831,155,169,1.4195,0.289774222,1.264,2.008,472.3333333,9.309493362,467,No Activity
1780,0,31.39833333,0.023166067,76.94666667,0.243529601,163,8.366600265,155,177,1.692166667,0.693757138,1.264,2.981,482.5,26.432934,467,No Activity
1781,0,31.39,0.010954451,76.99666667,0.245574157,165.6666667,9.99333111,155,177,1.974666667,0.827499527,1.264,2.981,492.8333333,30.90253496,468,No Activity
1782,0,31.39,0.010954451,77.15833333,0.280600546,167.8333333,9.389710681,155,177,2.576166667,1.352645765,1.289,4.873,536.3333333,98.5690959,468,No Activity
1783,0,31.4,0.030983867,77.45333333,0.545551709,170.8333333,7.054549359,158,177,3.344833333,1.732101662,1.325,5.901,606.1666667,165.9016777,468,No Activity
1784,0,31.43166667,0.068532231,77.76333333,0.837034448,172.6666667,3.669695718,169,177,4.4535,2.236214279,2.008,7.977,689.6666667,204.1280644,491,No Activity
1785,0,31.47,0.098386991,78.01833333,0.838556299,173.3333333,3.204163957,169,177,5.574166667,2.441024409,2.981,8.732,762.8333333,197.2373359,529,No Activity
1786,0,31.50833333,0.105530406,78.27333333,0.741395081,173.1666667,2.994439291,169,177,6.532666667,2.346404285,2.981,8.732,837.3333333,176.379893,529,No Activity
1787,0,31.57666667,0.140522833,78.59333333,0.534777212,173.1666667,2.994439291,169,177,7.619666667,1.824675058,4.873,9.503,910,94.96946878,729,No Activity
1788,0,31.64333333,0.134709564,78.85,0.274809025,173.3333333,2.875181154,169,177,8.006666667,1.294970682,5.901,9.503,929.5,53.19680442,846,No Activity
1789,0,31.695,0.106911178,78.89166667,0.22569153,174.1666667,3.430257522,169,178,7.959833333,1.388087233,5.62,9.503,904,96.60434773,734,No Activity
1790,0,31.725,0.084320816,78.69,0.451442134,175.3333333,2.338090389,172,178,7.446666667,1.866998625,4.898,9.503,859.3333333,119.7291388,701,No Activity
1791,0,31.73,0.077459667,78.445,0.762620482,174.6666667,3.444802849,169,178,6.506,2.427558032,3.088,9.503,802.8333333,154.6161915,591,No Activity
1792,0,31.73,0.077459667,78.1,1.057222777,172.3333333,6.08824003,162,178,5.538833333,2.517640754,2.929,9.503,734.3333333,151.4379961,569,No Activity
1793,0,31.7,0.079749608,77.74,1.036590565,170.6666667,5.921711464,162,178,4.383333333,1.831985116,2.57,7.195,666.5,113.9697328,558,No Activity
1794,0,31.66833333,0.069113433,77.34833333,0.818252202,169.5,6.284902545,162,178,3.626166667,1.298698182,2.57,5.62,618.8333333,78.01901478,558,No Activity
1795,0,31.63833333,0.053447794,76.97833333,0.496242548,167,5.099019513,162,176,3.087833333,0.921629517,2.39,4.898,588,57.1734204,549,No Activity
1796,0,31.60833333,0.03060501,76.755,0.259980769,165,2.607680962,162,169,2.648333333,0.314640536,2.261,3.088,562.6666667,15.78184611,549,No Activity
1797,0,31.59166667,0.03060501,76.79333333,0.341213521,164.6666667,2.065591118,162,167,2.559166667,0.229377782,2.261,2.929,556.3333333,7.685484153,549,No Activity
1798,0,31.57833333,0.033115958,76.83333333,0.326353591,165.5,1.760681686,163,167,2.518,0.161996296,2.261,2.682,553,4.939635614,549,No Activity
1799,0,31.56666667,0.027325202,76.84,0.328146309,165.6666667,1.96638416,163,168,2.459166667,0.199169693,2.217,2.682,546.6666667,13.75015151,520,No Activity
1800,0,31.55166667,0.023166067,76.86166667,0.329266862,167.3333333,4.226897996,163,175,2.332166667,0.278687938,1.89,2.682,537.1666667,20.65349042,503,No Activity
1801,0,31.53833333,0.019407902,76.92833333,0.286385521,169.5,4.847679857,164,176,2.219166667,0.372285598,1.712,2.682,523.8333333,33.38512643,469,No Activity
1802,0,31.53,0.018973666,76.97833333,0.221848297,171.1666667,4.262237284,167,176,2.1235,0.428840646,1.687,2.682,509.5,38.49025851,463,No Activity
1803,0,31.52,0.021908902,76.83,0.154919334,172.3333333,3.829708431,167,176,1.952166667,0.428280944,1.525,2.682,492,38.62641583,448,No Activity
1804,0,31.50666667,0.030110906,76.74833333,0.253015151,172.8333333,3.125166662,168,176,1.732833333,0.296450614,1.366,2.217,474.1666667,30.99300996,442,No Activity
1805,0,31.49166667,0.026394444,76.65,0.28135387,173,2.828427125,169,176,1.591,0.209219502,1.366,1.89,460.8333333,23.67628912,440,No Activity
1806,0,31.48166667,0.024832774,76.55166667,0.266639582,173.3333333,3.204163957,169,177,1.503666667,0.163905664,1.366,1.712,450.5,12.46996391,440,No Activity
1807,0,31.47333333,0.021602469,76.45333333,0.199566196,173,2.966479395,169,177,1.446,0.134105928,1.366,1.687,445.8333333,8.886319073,440,No Activity
1808,0,31.465,0.012247449,76.37166667,0.077567175,172.5,3.016620626,169,177,1.3925,0.064911478,1.366,1.525,442.1666667,2.926886855,440,No Activity
1809,0,31.45,0.024494897,76.37166667,0.077567175,170.8333333,4.44597196,164,177,1.345333333,0.050622788,1.242,1.366,440.6666667,1.032795556,439,No Activity
1810,0,31.43833333,0.033714487,76.42166667,0.131212296,170.1666667,4.875106836,164,177,1.321166667,0.069772249,1.221,1.366,440.3333333,0.816496578,439,No Activity
1811,0,31.43333333,0.03204164,76.52,0.236558661,170.3333333,4.844240566,164,177,1.2945,0.079154911,1.206,1.366,441.3333333,2.422120282,439,No Activity
1812,0,31.42833333,0.029268869,76.61833333,0.267388606,169,3.577708764,164,174,1.265,0.08015485,1.189,1.366,444,6.811754546,439,No Activity
1813,0,31.42333333,0.025033311,76.71666667,0.2526394,166.8333333,3.868677638,161,171,1.2355,0.06704849,1.189,1.366,447.8333333,10.34246908,439,No Activity
1814,0,31.42333333,0.025033311,76.83166667,0.198031984,166,3.286335345,161,170,1.310333333,0.248059401,1.189,1.815,452.1666667,12.18879267,439,No Activity
1815,0,31.86,0.06,77.41666667,0.210015872,160.6666667,3.669695718,155,164,7.558166667,0.376362281,7.235,8.218,1148.833333,100.8829355,1060,Boil
1816,0,31.88833333,0.070828431,77.395,0.220975112,158.6666667,4.633213428,152,164,7.5465,0.389247864,7.165,8.218,1190.166667,107.7764662,1060,Boil
1817,0,31.92333333,0.076070143,77.30833333,0.311474986,156.8333333,4.262237284,152,163,7.584,0.363202974,7.165,8.218,1230.5,93.68190861,1060,Boil
1818,0,31.955,0.06862944,77.23666667,0.31353894,155.6666667,4.179314138,152,163,7.529333333,0.420096021,7.053,8.218,1267.166667,42.88317463,1197,Boil
1819,0,31.99166667,0.051542862,76.95333333,0.534141055,155.3333333,4.03319559,152,163,7.369666667,0.499479996,6.78,8.218,1283.833333,26.43797773,1235,Boil
1820,0,32.01,0.038987177,76.725,0.525956272,153.5,1.643167672,152,156,6.983666667,0.597963433,5.902,7.542,1269.666667,44.7153963,1196,Boil
1821,0,32.02333333,0.025819889,76.61,0.516023255,152.5,2.258317958,149,156,6.6745,0.718874885,5.687,7.46,1266.333333,48.40936549,1196,Boil
1822,0,32.03166667,0.014719601,76.43,0.429185275,152.5,2.258317958,149,156,6.4365,0.759257203,5.687,7.46,1251.5,46.69368266,1196,Boil
1823,0,32.04,0.02,76.47833333,0.49809303,152.5,2.258317958,149,156,6.130333333,0.621958091,5.623,7.053,1241.833333,39.61523276,1196,Boil
1852,0,33.03666667,0.008164966,71.15833333,0.409800765,164.5,3.563705936,160,171,4.5705,0.083889809,4.443,4.624,931.3333333,56.70155789,872,Boil
1853,0,33.06166667,0.063377178,71.90333333,1.652944847,164.5,3.563705936,160,171,4.841166667,0.62482779,4.443,6.108,978.5,99.23053965,872,Boil
1854,0,33.10333333,0.101324561,73.03833333,2.597663694,166,4.939635614,160,173,5.434,1.390182146,4.624,8,1055.333333,160.088309,908,Boil
1855,0,33.17333333,0.170372142,73.89,2.791415412,167,5.059644256,160,173,6.33,2.237784261,4.624,10,1151.666667,217.3602233,961,Boil
1856,0,33.24,0.185364506,74.30166667,2.523580129,167.8333333,4.875106836,160,173,7.1185,2.347261702,4.624,10,1227,216.8049815,961,Boil
1857,0,33.30666667,0.170372142,74.71333333,2.130302013,168.8333333,3.311595788,164,173,7.907,2.125897269,4.624,10,1281.5,173.3006059,1013,Boil
1858,0,33.4,0.015491933,72.59,0.890056178,171.6666667,5.955389716,164,179,3.930166667,0.423671768,3.466,4.636,868.1666667,48.45375802,817,Boil
1859,0,33.39333333,0.013662601,72.59,0.890056178,174.3333333,5.391351098,166,180,3.824833333,0.260064928,3.466,4.118,854,26.48773301,817,Boil
1860,0,33.38,0.026832816,72.61166667,0.872477316,175.6666667,3.614784456,170,180,3.631333333,0.463809731,2.83,4.118,831,62.25431712,716,Boil
1861,0,33.37333333,0.028751812,72.65,0.898153662,176.8333333,2.316606714,174,180,3.5515,0.514144629,2.83,4.118,822.8333333,61.8463149,716,Boil
1862,0,33.36,0.026832816,72.63833333,0.875886218,176,2.28035085,174,180,3.42,0.43509861,2.83,4.004,819.3333333,57.37827696,716,Boil
1863,0,33.35,0.024494897,73.00166667,0.781163662,175.3333333,3.076794869,171,180,3.3945,0.41255436,2.83,4.004,828.8333333,65.08891355,716,Boil
1864,0,33.345,0.019748418,73.31666667,0.879424054,175.1666667,3.060501048,171,180,3.517,0.530339137,2.83,4.201,854.5,86.3730282,716,Boil
1865,0,33.34,0.010954451,73.61666667,0.86010852,174.6666667,2.250925735,171,177,3.549833333,0.571054609,2.83,4.201,876.1666667,104.5321322,716,Boil
1866,0,33.35333333,0.029439203,74.19833333,0.781445242,176.3333333,4.366539438,171,184,4.049833333,0.980970625,3.095,5.83,945.3333333,114.2079974,805,Boil
1867,0,33.365,0.039874804,74.86166667,1.313414126,178.1666667,6.493586579,171,188,4.494833333,1.063339723,3.329,5.83,999,110.676104,874,Boil
1868,0,33.38,0.040987803,75.18333333,1.3023466,180.5,7.176350047,171,188,4.944833333,1.042396933,3.643,6.029,1046,106.7857668,894,Boil
1869,0,33.39833333,0.038686776,75.53666667,1.101247777,183.3333333,5.921711464,175,188,5.3295,0.878947951,4.201,6.029,1081,77.36407435,971,Boil
1870,0,33.405,0.031464265,75.465,1.205333979,185.6666667,4.589843861,177,189,5.483166667,0.705719042,4.201,6.029,1085.333333,70.38371024,997,Boil
1871,0,33.41166667,0.019407902,75.80166667,1.098970731,187.1666667,1.834847859,184,189,5.577333333,0.511345154,4.766,6.029,1084.5,71.65682103,992,Boil
1872,0,33.40166667,0.031885211,75.75833333,1.115408744,186.3333333,3.723797345,179,189,5.307666667,0.730936842,4.212,6.029,1054,85.51257218,948,Boil
1873,0,33.38666667,0.041311822,75.30666667,0.940056736,186.3333333,3.723797345,179,189,4.980833333,0.903579862,3.804,6.029,1024.166667,86.17288823,948,Boil
1874,0,33.37166667,0.043089055,75.06666667,0.926685851,184.8333333,4.622409184,179,189,4.61,0.841838702,3.804,5.951,973,83.33546664,849,Boil
1875,0,33.35333333,0.029439203,74.84333333,0.859154623,184.5,4.415880433,179,189,4.252166667,0.570359331,3.804,5.123,930.5,66.48533673,849,Boil
1943,0,34.405,0.068044103,61.98166667,2.264415303,125.3333333,5.125101625,118,130,3.997333333,1.161536167,2.05,5.102,1072.666667,139.2317014,863,Fry
1944,0,34.44166667,0.050760877,62.95333333,1.531883372,127.1666667,3.763863263,121,130,4.632666667,0.895412233,3.547,5.862,1124.5,97.0726532,965,Fry
1945,0,34.46166667,0.044907312,63.23,1.018567622,127.1666667,3.763863263,121,130,4.969166667,0.777413768,3.709,5.862,1135.166667,77.60519742,1029,Fry
1946,0,34.475,0.028106939,63.11666667,1.176361622,127.1666667,3.763863263,121,130,5.213333333,0.472883354,4.474,5.862,1116.333333,105.7670396,955,Fry
1947,0,34.47833333,0.02228602,62.645,1.747704208,125.8333333,4.355073669,121,130,5.26,0.392275413,4.754,5.862,1087.166667,123.8312023,955,Fry
1948,0,34.405,0.056833089,59.80166667,1.296169999,119.1666667,1.602081979,117,121,4.559833333,0.343789713,4.297,5.174,869,71.63518688,777,Curry
1949,0,34.37166667,0.068532231,58.99166667,1.482719349,118.8333333,1.329160136,117,121,4.367833333,0.237418126,4.022,4.754,838.6666667,66.26814217,773,Curry
1950,0,34.33666667,0.07393691,58.59,1.484614428,136.8333333,45.1593475,117,229,4.2075,0.24902028,3.792,4.436,809,37.27197338,773,Curry
1951,0,34.30333333,0.068313005,57.97666667,1.596103589,178.8333333,104.0469445,117,371,4.179,0.244411129,3.792,4.436,800.5,30.4154566,773,Curry
1952,0,34.275,0.053944416,57.28166667,1.259784373,230.5,138.9212007,117,428,4.113,0.212518235,3.792,4.386,791,21.78990592,773,Curry
1953,0,34.25,0.039496835,56.49,1.064255608,276.3333333,139.3494409,119,428,3.984,0.245945522,3.612,4.297,783.8333333,10.59087658,773,Curry
1954,0,34.225,0.033316663,56.08333333,1.030080903,307.8333333,116.0920612,119,428,3.662833333,0.661904046,2.37,4.141,765.3333333,49.68970383,666,Curry
1955,0,34.21,0.028982754,55.84,1.027715914,331.1666667,78.54531601,229,428,3.425833333,0.755537535,2.37,4.141,757.3333333,52.01794562,666,Curry
1956,0,34.19833333,0.02857738,55.14,1.035857133,331.3333333,78.28580118,230,428,3.345333333,0.734149213,2.37,4.141,748.6666667,52.41628246,666,Curry
1957,0,34.18833333,0.025625508,54.66833333,1.093881468,300.5,94.32656042,186,428,3.226166667,0.629776601,2.37,4.04,735.8333333,45.74895263,666,Curry
1958,0,34.18,0.015491933,54.34166667,0.8359047,259.1666667,80.6236111,180,392,3.231666667,0.638390685,2.37,4.073,743.1666667,57.58616732,666,Curry
1959,0,34.17833333,0.011690452,54.22833333,0.815313846,218.8333333,58.33152378,150,308,3.444833333,0.935286783,2.37,4.891,750.5,66.41008959,666,Curry
1960,0,34.18333333,0.013662601,54.115,0.702730389,189.8333333,47.35574587,134,259,3.844833333,0.896058796,2.6,4.891,777,57.00526291,725,Curry
1961,0,34.18666667,0.015055453,53.985,0.494196317,167.1666667,39.52931402,123,230,4.202833333,0.708762701,3.309,4.891,792.8333333,52.70452226,725,Curry
1962,0,34.19666667,0.020655911,52.685,3.503117183,140.3333333,42.85168219,69,186,4.300166667,0.59193561,3.426,4.891,795.3333333,49.07409364,725,Curry
1963,0,34.20666667,0.019663842,51.45,4.400363621,120.3333333,45.21356729,66,180,4.357166667,0.500295679,3.768,4.891,794.3333333,50.8238789,719,Curry
1964,0,34.215,0.016431677,50.085,4.654523606,101.6666667,38.234365,66,150,4.306333333,0.548149858,3.768,4.891,777.5,52.93297649,719,Curry
1965,0,34.22,0.015491933,48.735,4.437137591,88.33333333,31.33475174,66,134,4.119166667,0.498020247,3.768,4.77,771.5,47.40780526,719,Curry
1966,0,34.22666667,0.013662601,48.36,3.921662913,78.33333333,22.04238342,66,123,4.122,0.502491791,3.768,4.787,773.8333333,50.79140347,719,Curry
1967,0,34.23333333,0.005163978,47.67666667,2.859564069,69.5,2.664582519,66,74,4.129833333,0.514426833,3.768,4.795,777,54.68820714,719,Curry
1968,0,34.23666667,0.008164966,48.66833333,3.014540872,70,2.828427125,66,74,4.258666667,0.539438844,3.768,4.795,793.8333333,56.53465014,719,Curry
1969,0,34.24,0.008944272,49.74166667,3.008125108,71.33333333,2.422120283,68,74,4.460333333,0.545461517,3.768,4.978,816.8333333,47.32194699,730,Curry
1970,0,34.24166667,0.007527727,51.01,2.686983439,72.83333333,2.714160398,70,77,4.742166667,0.553004671,3.768,5.459,838,22.72443619,795,Curry
1971,0,34.24166667,0.007527727,52.425,1.455125424,74.33333333,3.265986324,70,79,5.132666667,0.554767218,4.666,6.111,862.1666667,39.07130234,839,Curry
1972,0,34.24,0.008944272,53.125,2.16706945,75.5,4.23083916,70,81,5.418166667,0.748316355,4.666,6.5,884.6666667,57.55924484,839,Curry
1973,0,34.23833333,0.009831921,54.06833333,1.943063732,77.66666667,4.179314138,72,83,5.771166667,0.88299749,4.666,6.913,911.6666667,68.75948419,841,Curry
1974,0,34.23166667,0.013291601,54.68666667,1.517440828,79.83333333,4.020779361,74,85,6.1695,0.82168236,4.978,7.056,938,66.50112781,857,Curry
1975,0,34.22833333,0.009831921,54.58833333,1.702332713,81,2.828427125,77,85,6.243333333,0.704795195,5.421,7.056,946.1666667,56.87676737,857,Curry
1976,0,34.22833333,0.009831921,54.67,1.655391192,81.66666667,2.065591118,79,85,6.249,0.697324888,5.421,7.056,953.5,44.5903577,901,Curry
1977,0,34.23,0.010954451,54.865,1.69416351,81.33333333,2.658320272,77,85,6.264833333,0.694638155,5.421,7.056,959.5,44.83190828,901,Curry
1978,0,34.23,0.010954451,54.57166667,1.516171714,81.16666667,2.714160398,77,85,6.270666667,0.69715039,5.421,7.056,960.5,45.28465524,901,Curry
1979,0,34.22166667,0.023166067,54.45833333,1.407798518,81.16666667,2.714160398,77,85,6.121666667,0.624120394,5.421,7.056,946.6666667,43.06119676,901,Curry
1980,0,34.2,0.062928531,54.46333333,1.411179176,80.66666667,2.065591118,77,83,5.807833333,0.526055669,5.173,6.535,930.1666667,37.62135918,900,Curry
1981,0,34.165,0.093755,55.005,0.561702768,81.16666667,2.483277404,77,84,5.6635,0.731933262,4.555,6.535,922.3333333,47.30609545,859,Curry
1982,0,34.12166667,0.110709831,55.15666667,0.336432262,82.16666667,3.430257522,77,87,5.407833333,1.016138655,3.959,6.535,895.1666667,89.76060754,738,Curry
1983,0,34.07166667,0.114265772,54.99833333,0.289372885,83.16666667,2.316606714,80,87,4.9845,1.138800729,3.666,6.535,850.6666667,106.3271681,709,Curry
1984,0,34.01333333,0.106332811,54.93833333,0.394330657,83.33333333,2.065591118,81,87,4.446333333,1.015864886,3.306,6.019,801,103.3905218,682,Curry
1985,0,33.96333333,0.079414524,54.76333333,0.412972961,82.5,3.016620626,78,87,3.994166667,0.743001862,3.306,5.173,757,99.75169171,654,Curry
1989,1,31.935,0.012247449,44.46833333,0.381754721,58.5,2.073644135,56,61,0.6265,0.018780309,0.603,0.65,462.3333333,9.729679679,450,No Activity
1990,1,31.93333333,0.013662601,44.63,0.299666481,58.83333333,1.940790217,56,61,0.620833333,0.015025534,0.603,0.64,465.5,8.288546314,450,No Activity
1991,1,31.92666667,0.013662601,44.63,0.299666481,59.5,1.378404875,57,61,0.613833333,0.017279082,0.592,0.64,467.3333333,4.546060565,461,No Activity
1992,1,31.92,0.008944272,44.55,0.312217873,59.83333333,0.752772652,59,61,0.603833333,0.016448911,0.58,0.626,465.6666667,7.659416862,452,No Activity
1993,1,31.91333333,0.013662601,44.55,0.312217873,60,0.894427191,59,61,0.598166667,0.012718753,0.58,0.616,462.8333333,8.400396816,452,No Activity
1994,1,31.91,0.010954451,44.53333333,0.318035637,59.33333333,1.366260102,57,61,0.596666667,0.0125645,0.58,0.616,460.1666667,8.207719943,452,No Activity
1995,1,31.90333333,0.015055453,44.485,0.271643148,59.16666667,1.329160136,57,61,0.638166667,0.106868923,0.58,0.855,457,7.26636085,451,No Activity
1996,1,31.89666667,0.015055453,44.37166667,0.201734149,59.66666667,1.751190071,57,62,0.643,0.106320271,0.58,0.855,453.8333333,3.763863263,451,No Activity
1997,1,31.88833333,0.019407902,44.405,0.162573061,59.66666667,1.751190071,57,62,0.643833333,0.105859183,0.58,0.855,452.1666667,1.471960143,451,No Activity
1998,1,31.87666667,0.024221203,44.50666667,0.255473417,59.5,1.870828693,57,62,0.647166667,0.103740863,0.592,0.855,451.8333333,1.722401424,450,No Activity
1999,1,31.86833333,0.027141604,44.56,0.307050484,58.83333333,1.940790217,57,62,0.652833333,0.101017655,0.594,0.855,451,1.673320052,449,No Activity
2000,1,31.85666667,0.019663842,44.64666667,0.325678778,59.66666667,2.065591118,57,62,0.658166667,0.098092643,0.597,0.855,450.3333333,0.816496579,449,No Activity
2001,1,31.85,0.016733201,44.7,0.34228643,59.66666667,2.065591118,57,62,0.62,0.01823184,0.597,0.645,450.3333333,0.816496579,449,No Activity
2002,1,31.83833333,0.01602082,44.93166667,0.408334014,59.33333333,1.751190071,57,62,0.617666667,0.015002222,0.597,0.631,450.3333333,0.816496579,449,No Activity
2003,1,31.83,0.015491933,45.13,0.326863886,59.33333333,1.751190071,57,62,0.622666667,0.011272385,0.6,0.631,450.5,1.048808847,449,No Activity
2004,1,31.82833333,0.014719601,45.30833333,0.455825259,60.33333333,2.422120283,57,64,0.711833333,0.20731755,0.626,1.135,457.3333333,16.52472894,449,Reheat
2005,1,31.835,0.025884358,45.565,0.603183223,61,1.788854382,59,64,1.066666667,0.851660183,0.626,2.755,496.1666667,92.43682527,450,Reheat
2006,1,31.84166667,0.031885211,45.82166667,0.601478733,60.16666667,2.316606714,57,64,1.4215,1.05142451,0.626,2.755,540,123.3531516,451,Reheat
2007,1,31.85666667,0.04802777,46.17666667,0.591360014,60.66666667,2.338090389,57,64,2.217,1.839469054,0.627,5.399,601.8333333,157.9511528,451,Reheat
2008,1,31.88833333,0.069113433,46.33666667,0.530911166,61.16666667,2.483277404,57,64,3.227666667,2.380194838,0.627,6.695,671.8333333,170.3190144,452,Reheat
2009,1,31.93,0.085790442,46.62833333,0.454551061,61.16666667,2.483277404,57,64,4.373833333,2.52855725,1.135,7.504,762,173.8298018,491,Reheat
2010,1,31.98166667,0.104769588,46.915,0.510401803,60.5,2.073644135,57,63,5.636166667,2.47833512,2.755,8.709,867.8333333,169.076807,682,Reheat
2011,1,32.03666667,0.125326241,46.945,0.482856086,60.16666667,2.136976057,57,63,6.815166667,2.515917679,2.755,9.829,943.1666667,170.4082353,713,Reheat
2012,1,32.1,0.126332894,47.05666667,0.42188466,60.5,1.643167672,59,63,7.936333333,1.716634343,5.399,9.829,1014.333333,141.8261847,822,Reheat
2013,1,32.155,0.108027774,47.07,0.422894786,60.5,1.643167672,59,63,8.616833333,1.257514281,6.695,9.829,1084,130.6797612,871,Reheat
2014,1,32.23,0.132363137,47.50333333,0.880401424,60.16666667,1.169045194,59,62,9.167666667,0.927999282,7.504,10,1157.166667,108.6027931,993,Reheat
2015,1,32.30333333,0.140949163,48.18,1.763791371,60.83333333,1.940790217,59,64,9.531333333,0.450172263,8.709,10,1191,73.02328396,1126,Reheat
2016,1,32.37333333,0.147738508,49.09,2.655763544,61.16666667,1.940790217,59,64,9.688,0.201802874,9.482,10,1228.666667,89.26962903,1134,Reheat
2017,1,32.44666667,0.159206365,50.35333333,3.033273259,62,1.897366596,59,64,9.7165,0.235036806,9.482,10,1263.333333,85.46032218,1140,Reheat
2018,1,32.52,0.157353106,51.03,2.591007526,63.16666667,1.834847859,61,66,9.369666667,0.986002164,7.401,10,1260.166667,91.10964091,1121,Reheat
2019,1,32.59333333,0.106144556,51.69,1.774632356,64,2.28035085,61,67,8.960166667,1.366726222,7.025,10,1218.333333,144.3116997,989,Reheat
2020,1,32.64,0.090994505,52.15833333,1.273427134,65.16666667,2.228601953,62,68,8.425,1.500266243,6.789,10,1166.5,159.8208372,989,Reheat
2021,1,32.68,0.066633325,52.285,1.208300459,65.83333333,2.401388487,62,68,7.9785,1.447647989,6.789,10,1134.333333,171.6783815,989,Reheat
2022,1,32.70333333,0.031411251,51.67833333,1.542626548,66,2.097617696,63,68,7.293,1.472018886,5.536,10,1068.833333,144.9060615,959,Reheat
2023,1,32.70666667,0.025033311,50.815,1.259138594,66,2.097617696,63,68,6.445666667,0.98474721,4.916,7.401,977.8333333,104.9960317,796,Reheat
2024,1,32.69666667,0.037237973,50.45666667,1.425954651,65.5,2.42899156,63,68,5.986166667,1.087670431,4.644,7.025,919,107.5973977,768,Reheat
2025,1,32.68833333,0.041673333,50.05,1.55160562,64.16666667,3.430257522,59,68,5.631166667,1.026689323,4.644,7.007,885.5,112.6174942,768,Reheat
2026,1,32.67333333,0.039832985,49.49666667,1.301839724,62.66666667,3.386246693,59,68,5.3945,0.855866987,4.644,7.007,858,98.63670716,768,Reheat
2027,1,32.66666667,0.028047579,49.07333333,0.39439405,62,2.366431913,59,64,5.394666667,0.856243813,4.644,7.008,844.6666667,78.45933129,768,Reheat
2028,1,32.675,0.043243497,49.20333333,0.63200211,62,2.366431913,59,64,5.850166667,1.460322076,4.644,8.269,838.6666667,68.74202984,768,Reheat
2029,1,32.705,0.08312641,49.60666667,1.103352467,61.83333333,2.228601953,59,64,6.6975,2.130882892,4.644,10,918,185.3763739,768,Reheat
2030,1,32.75333333,0.115700763,50.09166667,1.403259301,62.33333333,2.804757862,59,66,7.590166667,2.218640612,4.895,10,1008.5,225.667676,788,Reheat
2031,1,32.8,0.121983605,50.64166667,1.371545357,63.16666667,2.316606714,59,66,8.441,1.939675231,5.369,10,1105.333333,236.5203303,834,Reheat
2032,1,32.84833333,0.101669399,51.19166667,1.033023072,63.83333333,1.169045194,63,66,9.212833333,1.283014952,7.008,10,1203.166667,222.8474067,923,Reheat
2033,1,32.88666667,0.074206918,51.595,0.659325413,64,1.264911064,63,66,9.7115,0.706677791,8.269,10,1275.833333,180.2292059,923,Reheat
2034,1,32.94833333,0.08998148,52.06,0.545893763,64.66666667,1.632993162,63,67,10,0,10,10,1348,51.18593557,1272,Reheat
2035,1,33.00166667,0.112145739,52.41333333,0.733666591,65,1.414213562,63,67,10,0,10,10,1364,35.17953951,1311,Reheat
2036,1,33.05,0.13520355,52.85,1.093965265,64.83333333,1.329160136,63,67,10,0,10,10,1386.333333,37.27555052,1356,Reheat
2037,1,33.11,0.150332964,53.35166667,1.274039508,65.66666667,2.065591118,63,69,10,0,10,10,1408,57.48738992,1356,Reheat
2038,1,33.18,0.147512711,53.86833333,1.219334518,75.16666667,22.02195874,65,120,10,0,10,10,1426.5,77.04219623,1356,Reheat
2039,1,33.26666667,0.121764801,54.26666667,0.777731745,124.3333333,117.4285598,65,360,10,0,10,10,1461.833333,87.76198873,1356,Reheat
2040,1,33.32333333,0.118939761,54.60333333,0.585035611,194.3333333,183.1869719,65,487,9.934,0.161666323,9.604,10,1493.666667,75.47626559,1368,Reheat
2047,1,33.33333333,0.087101473,54.37666667,1.300471709,277.6666667,90.66348034,186,423,6.6405,1.203751428,5.163,8.493,1287.833333,110.6425174,1140,Reheat
2048,1,33.28833333,0.077824589,54.42833333,1.272154341,234,66.55524021,161,347,5.980666667,1.061922157,4.534,7.629,1227,94.18917135,1098,Reheat
2049,1,33.24166667,0.06615638,54.04166667,1.299221562,200.8333333,45.11060481,148,263,5.520666667,0.759946489,4.534,6.335,1191.5,76.04669618,1098,Reheat
2050,1,33.205,0.080187281,54.05833333,1.289797142,178.6666667,40.93735051,130,242,5.186833333,0.770547187,4.332,6.121,1155,71.74956446,1071,Reheat
2051,1,33.16833333,0.078336879,53.78666667,0.752719514,159.5,31.09179956,127,205,4.885333333,0.690609779,4.293,6.121,1127,58.88972746,1071,Reheat
2052,1,33.135,0.068337398,53.88833333,0.66080002,145.8333333,24.39193856,123,186,4.562,0.381223294,4.181,5.163,1103.166667,29.49858754,1071,Reheat
2053,1,33.09666667,0.061860057,53.58166667,0.756846528,133.5,17.85217074,112,161,4.315666667,0.392556578,3.685,4.869,1087.166667,31.49232711,1044,Reheat
2054,1,33.06666667,0.050066622,53.35833333,0.814823089,125.1666667,13.61494277,111,148,4.174166667,0.447312158,3.685,4.869,1069.666667,48.7264473,993,Reheat
2055,1,33.025,0.074766303,53.18333333,0.999092922,117.5,10.85817664,102,130,3.857333333,0.523485498,2.968,4.332,1034.166667,63.47099075,926,Reheat
2056,1,32.98833333,0.089087972,52.92666667,1.097518413,112.8333333,10.41953294,102,127,3.610166667,0.599176908,2.849,4.293,1010,73.4601933,926,Reheat
2057,1,32.94166667,0.103617888,52.555,0.609319292,106.8333333,10.98028536,91,123,3.333333333,0.604283598,2.632,4.181,983.5,70.9274277,923,Reheat
2058,1,32.90666667,0.085479042,52.45666667,0.424625325,101.1666667,9.662642841,89,112,3.198166667,0.446985197,2.632,3.685,971.5,53.44436359,923,Reheat
2059,1,32.88166667,0.069689789,52.52166667,0.482386429,97,9.444575162,87,111,3.145666667,0.393690572,2.632,3.685,984.5,78.30900331,923,Reheat
2060,1,32.88333333,0.073393914,52.81666667,0.911891806,92.66666667,7.501111029,85,102,3.63,1.479657393,2.632,6.591,1024,127.6698868,923,Reheat
2061,1,32.915,0.109132946,53.51666667,1.521692041,90,6.260990337,85,102,4.319833333,1.987108192,2.632,7.107,1081.333333,150.1248369,923,Reheat
2062,1,32.96,0.138564065,54.32666667,1.790683296,87,2.607680962,84,91,5.114666667,2.22112527,2.632,7.618,1145.5,152.7098556,923,Reheat
2076,1,33.075,0.049699095,55.72333333,1.963839776,81.5,1.378404875,80,83,4.647,0.657718177,3.87,5.815,1116.333333,125.161762,959,Reheat
2077,1,33.10666667,0.081158282,56.55,1.610440933,81.16666667,1.940790217,78,83,5.207166667,1.12725976,4.214,7.231,1186.166667,136.2224896,1039,Reheat
2078,1,33.15333333,0.115354526,57.14833333,1.488010977,81.33333333,2.065591118,78,83,5.781,1.564422321,4.214,8.07,1227.666667,152.3032064,1039,Reheat
2079,1,33.23833333,0.188617779,57.775,1.01168671,82.5,2.949576241,78,87,6.612833333,2.072498918,4.214,9.618,1323.166667,186.213229,1065,Reheat
2080,1,33.33333333,0.210966032,58.315,0.539694358,84.33333333,4.718756898,78,92,7.568166667,2.066682696,4.729,9.946,1422.166667,179.279019,1192,Reheat
2081,1,33.43166667,0.212359758,58.68,0.613742617,86.83333333,7.194905605,78,98,8.446666667,1.707527999,5.815,10,1506.833333,168.4688893,1314,Reheat
2082,1,33.53333333,0.20800641,58.94666667,0.781886607,89.33333333,8.140434059,78,98,9.144166667,1.195524724,7.231,10,1578.333333,161.1367949,1378,Reheat
2083,1,33.62333333,0.168839174,59.28,0.710408333,93,6.870225615,83,100,9.605666667,0.766909034,8.07,10,1641.333333,139.6018147,1378,Reheat
2084,1,33.74333333,0.174432413,59.46166667,0.557042787,96.5,6.058052492,87,104,9.927333333,0.153073403,9.618,10,1703.833333,58.53346621,1612,Reheat
2085,1,33.83833333,0.206825208,59.61,0.343161769,99.33333333,4.501851471,92,104,9.991,0.022045408,9.946,10,1731,43.206481,1659,Reheat
2086,1,33.93333333,0.211817532,59.66666667,0.260128174,102.3333333,4.633213428,98,110,10,0,10,10,1754.166667,32.92061158,1700,Reheat
2087,1,34.02666667,0.200964342,59.60833333,0.291233011,104.5,5.205766034,98,111,10,0,10,10,1770.333333,23.45776346,1743,Reheat
2088,1,34.12666667,0.202944984,59.26833333,0.689301579,106.6666667,4.633213428,100,111,9.955666667,0.108594045,9.734,10,1778.833333,20.64380456,1753,Reheat
2089,1,34.21666667,0.122092861,58.78666667,1.02199152,108.5,3.507135583,104,111,9.783666667,0.413516465,8.968,10,1753,76.45913941,1601,Reheat
2090,1,34.26333333,0.096471066,58.60166667,0.972839487,110.1666667,3.311595788,104,114,9.586166667,0.549992151,8.815,10,1713.833333,122.6791207,1518,Reheat
2091,1,34.29166667,0.071110243,58.53666667,0.917053252,111.6666667,1.505545305,110,114,9.416333333,0.55396125,8.815,10,1662.333333,152.9819161,1466,Reheat
2092,1,34.31166667,0.045789373,58.47166667,0.851713958,113,2.75680975,111,118,9.2465,0.491966157,8.815,10,1599.666667,162.9781171,1422,Reheat
2093,1,34.305,0.059245253,58.48833333,0.872821097,112.3333333,3.669695718,107,118,9.001333333,0.399138405,8.529,9.734,1536.666667,143.3145724,1419,Reheat
2094,1,34.26833333,0.070545494,58.67333333,0.850709508,111.3333333,4.760952286,105,118,8.760666667,0.289215952,8.29,8.981,1474.166667,73.32507529,1419,Reheat
2095,1,34.23666667,0.084063468,59.47166667,1.2304701,110.6666667,5.085928299,105,118,8.701833333,0.274114149,8.29,8.981,1453.166667,40.3753225,1419,Reheat
2096,1,34.19166667,0.095585912,59.51,1.191889257,108.6666667,5.819507425,102,118,8.681833333,0.268526659,8.29,8.981,1444.333333,26.90477033,1419,Reheat
2097,0,32.59166667,0.004082483,32.36,0.357435309,61.5,1.643167672,60,64,0.416833333,0.007026142,0.403,0.421,379.1666667,2.041241451,378,No Activity
2098,0,32.59166667,0.004082483,32.36,0.357435309,61,1.095445115,60,63,0.412833333,0.01238413,0.392,0.421,378,1.264911062,376,No Activity
2099,0,32.59333333,0.005163978,32.295,0.457460381,60.16666667,1.169045194,58,61,0.406166667,0.024028455,0.363,0.421,376.8333333,2.041241451,373,No Activity
2100,0,32.6,0.015491933,32.05,0.527598332,59.83333333,1.471960144,58,61,0.393833333,0.032871974,0.346,0.421,375.1666667,4.02077936,368,No Activity
2101,0,32.615,0.035071356,31.64166667,0.744027329,59.33333333,1.861898672,57,61,0.376166667,0.042939104,0.314,0.421,371.1666667,9.217736526,354,No Activity
2102,0,32.63333333,0.046332134,31.35,0.78112739,58.5,2.073644135,56,61,0.3595,0.041437905,0.314,0.421,367.1666667,10.74088761,354,No Activity
2103,0,32.65333333,0.049665548,30.99333333,0.754179466,57.16666667,2.639444386,53,61,0.3395,0.034133561,0.301,0.392,363.1666667,10.36178878,354,No Activity
2104,0,32.66666667,0.042739521,30.78166667,0.571153803,56,2.097617696,53,58,0.328833333,0.022444747,0.301,0.363,359.8333333,8.447879418,354,No Activity
2105,0,32.68,0.027568098,30.635,0.404610924,55.33333333,1.96638416,53,58,0.323,0.015152558,0.301,0.346,357,5.477225575,354,No Activity
2106,0,32.68833333,0.013291601,30.48833333,0.22728103,54.83333333,1.471960144,53,57,0.320833333,0.011754432,0.301,0.333,355.1666667,1.329160134,354,No Activity
2107,0,32.68666667,0.015055453,30.58666667,0.27325202,54.16666667,1.169045194,53,56,0.320833333,0.011754432,0.301,0.333,355.8333333,1.602081977,354,No Activity
2108,0,32.67833333,0.019407902,30.74833333,0.461927123,54,0.894427191,53,55,0.3245,0.014842507,0.301,0.343,357.1666667,2.714160397,354,No Activity
2109,0,32.66833333,0.014719601,31.41666667,1.390563435,54.16666667,0.752772652,53,55,0.3455,0.041010974,0.314,0.427,365.3333333,18.58673362,356,No Activity
2110,0,32.66166667,0.017224014,31.90666667,1.602106946,54,0.894427191,53,55,0.359666667,0.047865088,0.314,0.427,373.5,23.72129845,356,No Activity
2111,0,32.655,0.016431677,32.39666667,1.619748952,54.33333333,1.211060141,53,56,0.368,0.045545582,0.314,0.427,381,24.19090738,357,No Activity
2112,0,32.64833333,0.011690452,33.09666667,1.508769918,54.33333333,1.211060141,53,56,0.377833333,0.042761743,0.314,0.427,388,21.81742423,358,No Activity
2113,0,33.68833333,0.100083299,40.25166667,3.239150609,338.5,181.1173653,155,548,3.852,1.556106809,2.302,5.898,1001.666667,214.5308059,796,Boil
2114,0,33.645,0.098336158,39.7,2.882464224,273,160.0362459,155,510,3.232166667,1.2973045,2.179,5.379,932.6666667,186.5214912,796,Boil
2115,0,33.60166667,0.069402209,39.165,2.357462619,213.8333333,113.8497548,155,444,2.698833333,0.801073634,2.179,4.224,871,135.4163949,796,Boil
2116,0,33.56166667,0.055287129,38.20666667,1.849471997,156.1666667,32.5479134,98,189,2.290333333,0.384290342,1.773,2.955,798.6666667,44.61240485,712,Boil
2117,0,33.53,0.05585696,38.405,1.517086023,137.3333333,41.27307435,76,185,2.022166667,0.389075528,1.346,2.354,781.1666667,62.76756062,691,Boil
2118,0,33.5,0.058991525,37.51166667,2.743963678,116.3333333,44.12557837,59,155,1.809833333,0.502782425,1.08,2.302,749,82.24354078,632,Boil
2119,0,33.475,0.055045436,37.055,2.673834325,97.83333333,47.78877135,44,155,1.5665,0.566243322,0.842,2.179,727.1666667,82.42916151,632,Boil
2120,0,33.455,0.048062459,36.43666667,2.26219952,79.33333333,42.41540601,44,155,1.343666667,0.539439215,0.842,2.179,701.1666667,67.51715831,632,Boil
2121,0,33.43833333,0.024013885,35.98,1.579962025,60.33333333,22.68626604,41,98,1.116666667,0.380892461,0.817,1.773,680.1666667,28.49853797,632,Boil
2162,0,34.77666667,0.024221203,37.95833333,3.325094986,122.8333333,67.30354126,74,247,3.453166667,1.307542185,2.318,5.574,912.1666667,198.8742484,718,Curry
2163,0,34.785,0.035637059,36.96333333,1.47069598,187.3333333,183.1443875,74,536,3.409166667,1.223651326,2.318,5.31,904.8333333,186.42684,718,Curry
2164,0,34.79333333,0.044572039,37.22166667,1.329547542,307.6666667,297.5874101,74,799,3.871833333,1.417664335,2.318,5.49,966.8333333,189.265334,718,Curry
2165,0,34.80666667,0.04802777,37.67333333,0.605497041,458.6666667,375.0779475,79,980,4.3,1.236711284,2.318,5.49,1020.666667,145.1215582,772,Curry
2166,0,34.82,0.035213634,37.38,1.235265154,604.1666667,367.5940243,111,980,4.5695,0.826606738,3.35,5.49,1040.5,107.6285278,891,Curry
2167,0,34.83,0.02,36.90833333,1.422327904,728.6666667,284.1982876,247,980,4.540666667,0.879008684,3.177,5.49,1033.333333,117.1489081,891,Curry
2168,0,34.78333333,0.129717642,36.61833333,1.270707152,733,275.4487248,273,980,4.461333333,0.911965058,3.177,5.49,851.8333333,432.5840573,0,Curry
2169,0,34.72833333,0.165821189,36.64,1.303748442,684.1666667,336.553958,243,980,4.3095,0.812863027,3.177,5.49,807.8333333,407.8089831,0,Curry
2170,0,34.67166667,0.173829418,36.97,1.679416565,581.6666667,384.781843,184,980,4.265833333,0.740587987,3.177,5.228,774.3333333,383.6924115,0,Curry
2171,0,34.615,0.158839542,37.44833333,2.193895318,442.3333333,362.4045621,144,952,4.279166667,0.75493481,3.177,5.228,753.8333333,369.6232767,0,Curry
2180,0,34.235,0.035071356,37.70166667,1.157798198,73.33333333,17.54612968,60,106,3.188333333,0.354427802,2.702,3.639,820.8333333,36.11878551,792,Fry
2181,0,34.20833333,0.04445972,37.57166667,1.042466626,65.5,7.867655305,59,79,3.230833333,0.362806514,2.702,3.639,804.3333333,12.62801119,792,Fry
2182,0,34.16666667,0.101126983,37.86833333,0.54444161,61.5,5.319774431,55,71,3.232166667,0.360481576,2.71,3.639,781.6666667,56.13792539,670,Fry
2183,1,32.34166667,0.060138729,42.665,0.891195826,82.16666667,2.041241453,80,85,1.211166667,0.055391034,1.108,1.271,383.5,14.94991639,377,No Activity
2184,1,32.31666667,0.075277265,43.01166667,1.137900113,82,1.788854382,80,84,1.233166667,0.022912151,1.21,1.271,389.6666667,18.85382366,377,No Activity
2185,1,32.29166667,0.078845841,43.35833333,1.193221131,82.5,1.516575089,80,84,1.242333333,0.022791811,1.21,1.271,396.1666667,20.28217608,377,No Activity
2186,1,32.26333333,0.075542483,43.80333333,1.217220878,82.83333333,0.983192081,82,84,1.243333333,0.021162861,1.216,1.271,403.5,19.91732914,378,No Activity
2187,1,32.235,0.057183914,44.28,1.010999505,82.83333333,0.983192081,82,84,1.253333333,0.026074253,1.216,1.288,411.1666667,16.73817991,378,No Activity
2188,1,32.21166667,0.009831921,44.80666667,0.428563492,82.33333333,1.861898673,79,84,1.258333333,0.032277959,1.216,1.301,419.8333333,6.400520812,414,No Activity
2189,1,32.21,0.008944272,44.97,0.464413609,81.5,2.073644136,79,84,1.2685,0.034852547,1.216,1.301,422.5,6.804410334,414,No Activity
2190,1,32.21,0.008944272,45.19833333,0.509879071,80.83333333,1.722401425,79,83,1.279,0.034029399,1.216,1.303,425.5,6.25299928,416,No Activity
2191,1,32.215,0.018708287,45.47666667,0.422074243,80.16666667,1.471960145,79,82,1.285833333,0.034764445,1.216,1.306,428.5,4.969909455,421,No Activity
2192,1,32.225,0.024289916,45.67166667,0.411310912,79.83333333,1.169045195,79,82,1.294166667,0.015118421,1.266,1.306,431.3333333,4.676180777,424,No Activity
2193,1,32.23333333,0.022509257,45.88333333,0.363794814,80,1.549193339,79,83,1.281,0.038257025,1.209,1.306,434.5,5.128352562,430,No Activity
2194,1,32.24,0.02,46.04666667,0.355621522,80.66666667,1.861898673,79,83,1.2695,0.041292857,1.209,1.306,436.6666667,5.573747991,430,No Activity
2195,1,32.25166667,0.019407902,46.225,0.257274173,81.16666667,1.722401425,79,83,1.257333333,0.040908027,1.209,1.306,439,5.138093031,432,No Activity
2196,1,32.26166667,0.014719601,46.38833333,0.281525606,82.16666667,2.483277404,79,86,1.239666667,0.040123144,1.197,1.306,441.1666667,4.262237284,434,No Activity
2197,1,32.26666667,0.015055453,46.68166667,0.597776435,83.66666667,2.875181154,80,88,1.2135,0.039399239,1.149,1.266,444.6666667,5.609515724,438,No Activity
2198,1,32.27166667,0.017224014,46.96,0.678468864,84.33333333,2.250925736,82,88,1.188,0.047337089,1.113,1.232,447.5,5.856620185,443,No Activity
2199,1,32.28,0.016733201,47.205,0.675211078,84.66666667,2.1602469,82,88,1.1695,0.057981894,1.098,1.232,450.3333333,7.201851613,443,No Activity
2200,1,32.28833333,0.009831921,47.45,0.60517766,84.66666667,2.1602469,82,88,1.143666667,0.059085249,1.077,1.228,452.5,6.473020933,444,No Activity
2201,1,32.295,0.015165751,47.69666667,0.43204938,85,1.788854382,83,88,1.115,0.051182028,1.056,1.197,454,4.979959839,445,No Activity
2202,1,32.30166667,0.01602082,47.89333333,0.098319208,84.66666667,1.751190072,83,88,1.0915,0.03617043,1.056,1.149,455.3333333,2.581988897,453,No Activity
2203,1,32.30833333,0.013291601,48.04,0.330756708,83.83333333,0.752772653,83,85,1.078833333,0.022868464,1.056,1.113,455.1666667,2.639444385,453,No Activity
2204,1,32.31333333,0.010327956,48.155,0.353935022,83.33333333,1.366260102,81,85,1.0675,0.019086645,1.045,1.098,455.3333333,2.658320271,453,No Activity
2205,1,32.31333333,0.010327956,48.28666667,0.346794848,83.66666667,1.966384161,81,87,1.0625,0.012177849,1.045,1.077,454.3333333,1.366260101,453,No Activity
2206,1,32.31333333,0.010327956,48.45,0.36425266,83.5,2.073644136,81,87,1.0675,0.021732464,1.045,1.107,454.5,1.643167671,453,No Activity
2207,1,32.31,0.010954451,48.59666667,0.326904675,83.16666667,2.136976057,81,87,1.076,0.025907528,1.045,1.107,455.1666667,1.722401423,453,No Activity
2208,1,32.31,0.010954451,48.71,0.156076904,83.16666667,2.136976057,81,87,1.0895,0.033417062,1.045,1.137,456,1.673320052,454,No Activity
2209,1,32.31,0.010954451,48.72666667,0.158829049,83,2.19089023,81,87,1.104166667,0.042738351,1.045,1.161,456.6666667,1.505545304,454,No Activity
2210,1,32.31,0.010954451,48.75833333,0.118392004,83.33333333,1.966384161,82,87,1.123666667,0.03659326,1.068,1.162,456.8333333,1.471960143,454,Reheat
2211,1,32.31333333,0.010327956,48.77333333,0.098319208,83,1.264911064,82,85,1.130333333,0.02674073,1.107,1.162,456.1666667,3.060501048,450,Reheat
2218,1,32.73,0.329241553,51.86833333,4.124795348,85.83333333,1.471960145,84,88,8.657666667,1.730685259,5.955,10,673.3333333,533.1805198,0,Boil
2219,1,32.86,0.336273698,52.88333333,4.01379953,86.33333333,1.211060142,85,88,9.331833333,1.161619975,7.162,10,748,590.1826836,0,Boil
2220,1,32.98,0.300066659,53.88166667,3.595816551,86.66666667,1.032795559,85,88,9.804833333,0.478058748,8.829,10,797.5,626.3870209,0,Boil
2221,1,33.08666667,0.225358973,54.71666667,2.692624494,86.66666667,1.032795559,85,88,10,0,10,10,829.5,643.9496098,0,Boil
2222,1,33.18666667,0.034448029,55.31166667,1.588941996,87,1.095445115,85,88,9.9785,0.052664029,9.871,10,829.1666667,643.724294,0,Boil
2223,1,33.20333333,0.031411251,54.56166667,1.272295825,87,1.095445115,85,88,9.8785,0.240028123,9.4,10,1025.333333,504.8737136,0,Boil
2224,1,33.21666667,0.018618987,53.90833333,0.975877383,87,1.095445115,85,88,9.679666667,0.486664018,8.807,10,1216.833333,60.72698467,1149,Boil
2225,1,33.21166667,0.026394444,53.43666667,0.997389927,86.66666667,1.366260102,85,88,9.139166667,1.254650137,6.757,10,1175.5,80.51024779,1044,Boil
2226,1,33.20333333,0.036696957,52.9,0.803044208,86.16666667,1.722401425,84,88,8.469333333,1.697743051,5.981,10,1129.166667,80.04852695,1014,Boil
2227,1,33.21333333,0.043204938,52.55833333,0.684029726,86,1.897366596,84,88,8.147833333,1.523628093,5.981,9.871,1148.666667,109.5639844,1014,Boil
2228,1,33.21833333,0.04708149,52.29666667,0.541873294,85.33333333,1.751190072,84,88,7.847833333,1.273091735,5.981,9.4,1169.666667,129.5525633,1014,Boil
2229,1,33.22833333,0.057763887,52.085,0.329590655,84.83333333,1.169045195,84,87,7.632,1.047016905,5.981,8.807,1199.5,150.4961794,1014,Boil
2230,1,33.26333333,0.104051269,51.87,0.261992366,85.5,2.738612788,84,91,7.502166667,0.911731631,5.981,8.105,1234.333333,160.3354816,1014,Boil
2231,1,33.32833333,0.147026075,51.62166667,0.479642228,92.33333333,16.71725655,84,126,7.732833333,0.85905353,5.981,8.141,1289.166667,136.7470902,1014,Boil
2232,1,33.39833333,0.145109154,51.6,0.471211205,163,169.7904591,84,508,7.931333333,0.373915855,7.172,8.141,1332.166667,37.37066586,1272,Boil
2233,1,33.45666667,0.148683108,51.60833333,0.47838966,365.3333333,485.9002641,84,1298,7.815333333,0.42622279,7.172,8.141,1325.333333,43.88013977,1272,Boil
2234,1,33.515,0.122433656,51.56833333,0.456658151,686.8333333,799.4971962,85,2013,7.659833333,0.480970443,7.138,8.141,1316,51.33030294,1261,Fry
2235,1,33.56166667,0.063060817,51.38666667,0.503216322,1043.833333,942.4643052,91,2227,7.352333333,0.685665419,6.26,8.141,1276.333333,90.92561062,1118,Fry
2236,1,33.58166667,0.023166067,51.20833333,0.658829771,1466.166667,996.3130867,126,2625,6.859666667,1.061862264,5.072,8.141,1201.166667,165.6350406,907,Fry
2237,1,33.58166667,0.023166067,51.11,0.777791746,1841.833333,794.4168721,508,2625,6.219333333,1.272226028,4.299,7.375,1116.5,188.4916444,865,Fry
2238,1,33.58166667,0.023166067,50.85,0.801498596,2117.666667,452.3324736,1298,2625,5.772,1.340305488,4.299,7.375,1050.5,192.4419393,865,Fry
2239,1,33.575,0.018708287,50.44666667,0.730962835,2257.833333,216.2150935,2013,2625,5.352333333,1.112923118,4.299,7.138,985.8333333,164.7026614,865,Fry
2240,1,33.56833333,0.007527727,50.12333333,0.452224133,2347.5,205.6732846,2139,2625,5.003666667,0.688304196,4.299,6.26,925,95.69116992,865,Fry
2241,1,33.60333333,0.091578746,49.93833333,0.309994624,3020,1600.422444,2139,6262,4.911,0.495859658,4.299,5.704,902.6666667,42.48136847,865,Fry
2242,1,33.64166667,0.114963762,49.835,0.246069096,3679.333333,2131.813,2139,6581,5.006666667,0.581166987,4.299,5.704,915.3333333,53.84298159,865,Fry
2243,1,33.68666667,0.128633847,49.77833333,0.195797514,4386.833333,2311.210974,2139,6625,5.284333333,0.573374805,4.488,5.965,936,54.45365002,876,Fry
2244,1,33.73,0.125219807,49.52666667,0.447109233,4966.166667,2064.810153,2139,6625,5.516333333,0.456403623,4.857,5.965,950.5,46.24608092,888,Fry
2245,1,33.64,0.264650713,49.55333333,0.696036398,4363,2985.921566,470,6625,5.245666667,0.865468351,4.077,5.965,901.3333333,127.4875157,685,Curry
2246,1,33.56666667,0.275511645,49.855,1.072916586,3414.166667,3161.175884,470,6625,5.013166667,0.904225064,4.077,5.965,875.6666667,122.9368402,685,Curry
2247,1,33.495,0.261361818,50.235,1.376382941,2415.333333,2896.119519,470,6625,4.839666667,0.857160817,4.077,5.965,856.3333333,111.2468726,685,Curry
2248,1,33.41666667,0.205296534,50.60166667,1.522595372,1409.166667,2072.73572,470,5639,4.613,0.656361181,4.077,5.88,836,91.55544768,685,Curry
2249,1,33.34333333,0.040824829,51.26,1.34293708,567.8333333,49.03638105,470,601,4.448833333,0.305476949,4.077,4.895,823.3333333,74.05583479,685,Curry
2250,1,33.36333333,0.023380904,51.875,0.7580963,566.1666667,47.83896599,470,591,4.564333333,0.323937443,4.077,4.895,857,33.28062499,804,Curry
2251,1,33.37333333,0.018618987,52.09833333,0.411262285,612.3333333,66.49411001,569,747,4.718333333,0.259061897,4.309,5.001,871.5,22.906331,830,Curry
2252,1,33.37333333,0.018618987,51.96833333,0.66922094,776,384.8646515,588,1551,4.606666667,0.501628415,3.639,5.001,853.1666667,66.08605501,720,Curry
2253,1,33.35,0.066030296,51.67833333,0.964581084,843.1666667,380.6354774,588,1551,4.263666667,0.979232897,2.547,5.001,817,104.9514173,650,Curry
2254,1,33.32166667,0.092177365,51.535,0.971097317,886.6666667,359.9964815,591,1551,3.9815,1.097931828,2.547,5.001,788.1666667,111.9953868,650,Curry
2255,1,33.28833333,0.098471654,51.295,0.828679673,929.6666667,331.9317199,591,1551,3.651,1.065949155,2.547,5.001,756,105.4571003,650,Curry
2268,1,33.44,0.213541565,53.48333333,2.425849679,185.8333333,48.1473433,128,247,4.929333333,1.322807116,2.793,6.401,1038.666667,111.9994048,936,Curry
2269,1,33.515,0.220794022,53.215,2.611748456,166,42.03332012,128,221,4.5635,1.435158354,2.793,6.401,1036.333333,114.3375121,936,Curry
2270,1,33.585,0.178745629,52.915,2.879866316,149,35.45137515,119,195,4.158666667,1.550232585,2.793,6.401,1010.666667,150.9141036,789,Curry
2271,1,33.62666667,0.129871732,51.99833333,2.709298187,136.3333333,28.65426088,119,194,3.617333333,1.4564665,2.481,6.401,947.5,173.1724574,742,Curry
2272,1,33.65833333,0.069976186,50.90666667,1.482749698,123.8333333,5.344779386,119,130,2.964,0.56353527,2.481,3.94,870.8333333,135.7474371,742,Curry
2273,1,33.63,0.058991525,50.29166667,0.391224573,122,4.647580017,119,128,2.720833333,0.320559771,2.481,3.296,814.5,95.85770705,742,Curry
2274,1,33.61333333,0.062822501,50.425,0.452537291,120.6666667,3.614784459,119,128,2.684833333,0.322954125,2.481,3.296,779.3333333,79.7136542,725,Curry
2275,1,33.575,0.054313902,50.28333333,0.314812113,119,0.632455545,118,120,2.567,0.121530243,2.481,2.793,736.8333333,34.81043905,681,Curry
2276,1,33.54666667,0.044572039,50.30333333,0.306050105,118.8333333,0.752772664,118,120,2.533,0.057131427,2.481,2.589,718.8333333,30.0360894,681,Curry
2277,1,33.525,0.055407581,50.205,0.436153643,117.6666667,2.875181157,112,120,2.538666667,0.052435357,2.481,2.589,707,32.93022927,671,Curry
2278,1,33.505,0.053197744,50.05833333,0.584958688,116.5,3.563705939,112,120,2.560666667,0.051075108,2.481,2.613,691.3333333,35.22877612,648,Curry
2279,1,33.47666667,0.050464509,49.7,1.020960332,115.1666667,3.920034016,111,120,2.539,0.097816154,2.351,2.613,657.3333333,63.58196809,538,Curry
2280,1,33.45166667,0.036009258,49.21166667,1.021438528,113.6666667,3.386246696,111,118,2.501333333,0.121018456,2.351,2.613,626.1666667,69.34959745,538,Curry
2281,1,33.43333333,0.040331956,49.03166667,0.890784299,112.1666667,3.060501051,109,118,2.375833333,0.287648686,1.836,2.613,603,70.57478303,538,Curry
2292,1,33.585,0.088487287,54.765,1.661743061,114,3.03315018,109,117,6.290833333,0.694567035,5.239,7.082,1014.166667,170.5138313,860,Curry
2293,1,33.625,0.073688534,55.135,1.664412809,113.3333333,3.669695721,109,117,6.372,0.563075839,5.726,7.082,1046.833333,152.9410562,860,Curry
2294,1,33.64666667,0.061860057,54.57833333,2.645928319,111.5,4.183300135,106,117,6.164333333,0.875326149,4.744,7.082,1042,160.3072051,831,Curry
2295,1,33.65833333,0.04070217,54.15166667,3.056268422,110,3.346640109,106,115,5.704666667,1.492072742,3.232,7.082,1011.833333,210.5596511,679,Curry
2296,1,33.66333333,0.035023801,53.42,2.637058968,108.8333333,2.316606717,106,113,5.168833333,1.721849751,3.232,7.082,929.5,230.5677775,679,Curry
2297,1,33.64666667,0.055015149,52.31666667,2.590626694,108.8333333,2.316606717,106,113,4.470666667,1.638195552,2.893,6.974,824.1666667,224.9252468,571,Curry
2298,1,33.6,0.100598211,51.68666667,2.434671778,109,2.366431917,106,113,3.6385,1.356110431,1.981,5.726,724.6666667,192.8695587,532,Curry
2299,0,32.61833333,0.029268869,52.09166667,0.458493911,216.1666667,2.483277407,213,218,1.398,0.039829637,1.325,1.433,522.3333333,24.98532903,480,No Activity
2300,0,32.60666667,0.028047579,51.91666667,0.444147123,216.8333333,1.940790221,213,218,1.38,0.044926607,1.325,1.433,511.1666667,26.6714579,480,No Activity
2301,0,32.595,0.019748418,51.74166667,0.332891374,217.5,0.547722572,217,218,1.362,0.040899878,1.325,1.409,500,22.34278407,480,No Activity
2302,0,32.59166667,0.020412415,51.63166667,0.265210608,217.3333333,0.516397795,217,218,1.3505,0.039788189,1.325,1.409,494.5,21.66794868,480,No Activity
2303,0,32.585,0.0083666,51.58333333,0.300577222,217.8333333,1.602081984,217,221,1.323,0.04753525,1.244,1.394,483.3333333,17.88481665,461,No Activity
2304,0,32.58333333,0.005163978,51.43666667,0.113607512,218.3333333,2.065591122,217,221,1.298,0.04182822,1.244,1.325,474.1666667,10.26482667,461,No Activity
2305,0,32.58333333,0.005163978,51.355,0.196341539,218,2.449489746,215,221,1.277333333,0.054525835,1.201,1.325,467.6666667,16.36663272,441,No Activity
2306,0,32.57333333,0.026583203,51.33833333,0.184436077,217.8333333,2.562550816,215,221,1.259333333,0.053459019,1.201,1.325,459.6666667,20.37318499,432,No Activity
2307,0,32.56833333,0.02786874,51.12666667,0.464356185,216.8333333,3.816630278,211,221,1.223666667,0.069781564,1.111,1.325,448.6666667,24.58183611,414,No Activity
2308,0,32.55833333,0.033115958,50.76666667,0.813650211,216,4.28952212,211,221,1.178333333,0.078581592,1.053,1.244,437,21.43828351,413,No Activity
2309,0,32.545,0.03391165,50.50833333,0.859055683,213.5,5.089204262,206,221,1.147166667,0.084210253,1.053,1.244,428.5,20.08730943,410,No Activity
2310,0,32.53166667,0.02786874,50.25,0.808554265,211,4.28952212,206,216,1.116,0.075341887,1.053,1.217,420,13.19090596,410,No Activity
2311,0,32.52666667,0.018618987,50.20166667,0.760563388,210.3333333,3.829708433,206,216,1.097833333,0.062853533,1.053,1.217,414.3333333,9.003702942,407,No Activity
2312,0,32.53166667,0.020412415,50.08833333,0.571713798,209.5,2.73861279,206,212,1.077,0.024421302,1.053,1.111,410.1666667,2.926886855,407,No Activity
2313,0,32.53166667,0.020412415,50.17,0.62976186,209.5,2.73861279,206,212,1.073833333,0.019954114,1.053,1.092,409,2.449489742,407,No Activity
2314,0,32.53833333,0.02228602,50.41666667,0.525572704,208.5,2.73861279,206,211,1.079666667,0.017625739,1.057,1.092,407.8333333,1.722401423,406,No Activity
2315,0,32.55,0.022803509,50.53166667,0.410873054,209,2.449489746,206,211,1.082166667,0.014565942,1.057,1.092,407,1.673320052,405,Boil
2316,0,32.56166667,0.014719601,50.77833333,0.25537554,209.8333333,2.041241456,206,211,1.085833333,0.008447879,1.072,1.092,406.5,0.836660024,405,Boil
2317,0,32.57,0.02,50.92,0.411339276,210.3333333,2.658320275,206,214,1.090333333,0.016107969,1.072,1.119,409.6666667,8.041558721,405,Boil
2318,0,32.85,0.676283964,51.72,1.909031168,206.1666667,10.2257844,186,214,1.618333333,1.294247066,1.072,4.26,508.6666667,241.3235725,405,Boil
2319,0,33.14166667,0.870503686,51.98333333,1.853317746,200.5,15.21512406,177,214,2.0955,1.561552657,1.072,4.26,607.6666667,304.7737959,405,Boil
2320,0,33.42666667,0.920470894,52.37666667,1.809504536,195.6666667,17.54612968,177,214,2.595666667,1.652284439,1.072,4.26,706.8333333,322.326801,405,Boil
2321,0,33.71333333,0.870532404,52.69,1.5490255,188.8333333,19.2189143,168,214,3.076166667,1.535653922,1.079,4.26,795.1666667,294.486955,407,Boil
2322,0,34.00333333,0.688205396,53.115,1.408485002,180.1666667,18.94641567,159,214,3.5685,1.205293948,1.119,4.26,872.8333333,224.8576587,426,Boil
2323,0,34.29,0.034641016,53.48,1.199383175,170.6666667,11.36075115,157,186,4.054166667,0.113265028,3.955,4.26,947.3333333,62.99735444,873,Boil
2324,0,34.31166667,0.029944393,52.85833333,0.8359047,165.5,9.954898293,155,177,4.113166667,0.250720894,3.955,4.614,926,62.86175308,873,Boil
2325,0,34.32166667,0.034880749,52.88666667,0.816251595,161.5,9.203260293,153,177,4.108166667,0.254772382,3.925,4.614,900.6666667,56.94090504,849,Boil
2326,0,34.33166667,0.024013885,52.415,1.287520874,157.3333333,5.819507426,152,168,3.967,0.437002059,3.242,4.614,866.5,44.93439662,796,Boil
2327,0,34.33166667,0.024013885,52.26833333,1.350457947,154.3333333,3.326659989,150,159,3.788333333,0.622613095,2.883,4.614,840.5,42.43465565,779,Boil
2328,0,34.32666667,0.029439203,52.10666667,1.182331031,153.8333333,2.639444389,150,157,3.5905,0.711552879,2.846,4.614,831,40.01499719,779,Boil
2329,0,34.31833333,0.037638633,51.79833333,0.858752972,154,2.898275352,150,158,3.391666667,0.729626388,2.84,4.614,820.8333333,34.59142476,779,Boil
2330,0,34.3,0.04,51.68833333,0.899787012,153.8333333,2.857738036,150,158,3.055333333,0.473717074,2.596,3.925,810.6666667,23.32094909,779,Boil
2348,0,35.18666667,0.018618987,46.88166667,0.860800015,269.6666667,59.02428879,198,338,4.9165,0.374545458,4.382,5.328,1060.666667,54.91690693,983,Curry
2349,0,35.19333333,0.018618987,46.54166667,0.766352834,246.3333333,54.07279045,198,338,4.801666667,0.325568836,4.382,5.328,1041.833333,59.55641583,983,Curry
2350,0,35.18333333,0.038815804,46.10333333,0.538615509,219.5,36.61557046,177,264,4.616666667,0.278662998,4.218,4.911,993.3333333,106.562032,805,Curry
2351,0,35.16,0.070427267,46.17333333,0.602184911,204.6666667,32.81259921,175,264,4.347333333,0.568012911,3.295,4.911,941.8333333,120.7450482,787,Curry
2352,0,35.12333333,0.106144556,46.24333333,0.650681694,189,17.84376642,170,216,4.111333333,0.580993861,3.295,4.639,893.8333333,103.1666936,787,Curry
2375,1,32.60833333,0.03060501,54.865,0.120623381,106.5,1.870828698,103,108,0.737333333,0.021602469,0.709,0.757,325.6666667,159.5815361,0,No Activity
2376,1,32.595,0.036193922,54.88666667,0.120443624,106,1.788854387,103,108,0.733,0.022351734,0.709,0.757,324.1666667,158.862729,0,No Activity
2377,1,32.58333333,0.033862467,54.89166667,0.12703018,106.1666667,1.940790221,103,108,0.727833333,0.019030677,0.709,0.754,322.5,158.0465121,0,No Activity
2378,1,32.57,0.02,54.86333333,0.113607512,106,2.000000004,103,108,0.723333333,0.014179798,0.709,0.748,321,157.2844557,0,No Activity
2379,1,32.56333333,0.013662601,54.86833333,0.105908766,106,2.000000004,103,108,0.719166667,0.007652886,0.709,0.727,319.8333333,156.6862045,0,No Activity
2380,1,32.55833333,0.004082483,54.85666667,0.116904519,106.3333333,2.338090392,103,109,0.722333333,0.007527727,0.709,0.73,384,0.632455529,383,No Activity
2381,1,32.55833333,0.004082483,54.84,0.126491106,107.3333333,1.861898677,105,109,0.725166667,0.003763863,0.719,0.73,384.1666667,0.75277265,383,No Activity
2382,1,32.55833333,0.004082483,54.84,0.126491106,107,2.449489746,103,109,0.727,0.002683282,0.723,0.73,384.3333333,0.816496579,383,No Activity
2383,1,32.55833333,0.004082483,54.79,0.083666003,106.1666667,2.857738036,103,109,0.727666667,0.002875181,0.723,0.73,384.6666667,0.516397776,384,No Activity
2384,1,32.55666667,0.005163978,54.80666667,0.103279556,106.6666667,2.875181157,103,109,0.728166667,0.002994439,0.723,0.73,385,0.632455529,384,No Activity
2385,1,32.55666667,0.005163978,54.84,0.109544512,106.3333333,2.804757865,103,109,0.728166667,0.002994439,0.723,0.73,385.6666667,1.21106014,385,No Activity
2386,1,32.55666667,0.005163978,54.87333333,0.103279556,105.8333333,2.483277408,103,109,0.727,0.003464102,0.723,0.73,386.1666667,1.471960143,385,No Activity
2387,1,32.555,0.005477226,54.90666667,0.081649658,105.6666667,2.250925739,103,108,0.727333333,0.003444803,0.723,0.73,386.6666667,1.505545304,385,No Activity
2388,1,32.555,0.005477226,54.92333333,0.098319208,106.6666667,2.160246903,103,109,0.7295,0.007341662,0.723,0.743,387.1666667,1.329160134,385,No Activity
2389,1,32.545,0.02258318,54.94,0.063245553,107.8333333,1.602081984,106,110,0.727666667,0.008477421,0.719,0.743,387.8333333,0.983192078,386,No Activity
2390,1,32.53833333,0.026394444,54.89166667,0.134226177,108.8333333,2.994439294,106,114,0.7285,0.008983318,0.719,0.743,387.1666667,2.562550812,382,No Activity
2391,1,32.53,0.02607681,54.875,0.133229126,109.5,2.664582522,106,114,0.7315,0.009751923,0.719,0.743,386.3333333,3.01109061,382,No Activity
2392,1,32.52,0.023664319,54.84166667,0.138624192,110.1666667,2.041241456,108,114,0.733666667,0.008891944,0.719,0.743,386.3333333,3.01109061,382,No Activity
2393,1,32.51333333,0.018618987,54.80833333,0.134226177,110.8333333,1.834847864,109,114,0.735833333,0.008818541,0.719,0.743,386.3333333,3.01109061,382,No Activity
2394,1,32.505,0.005477226,54.775,0.078421936,111.3333333,1.632993167,110,114,0.735666667,0.008664102,0.719,0.742,386.6666667,3.326659986,382,No Activity
2395,1,32.50666667,0.005163978,54.79166667,0.102062073,111.5,1.516575094,110,114,0.740333333,0.004366539,0.735,0.747,388.6666667,6.801960501,382,No Activity
2396,1,32.51333333,0.018618987,54.80666667,0.081649658,111.1666667,0.983192089,110,112,0.743666667,0.00656252,0.736,0.755,391.8333333,7.46770826,383,No Activity
2443,0,32.60166667,0.024013885,55.17333333,0.307354302,187.5,2.258317962,184,190,0.9015,0.035387851,0.854,0.951,421.5,4.50555213,415,No Activity
2444,0,32.59333333,0.005163978,55.07666667,0.409324647,187.3333333,2.160246903,184,190,0.890666667,0.049894555,0.816,0.951,421.1666667,4.956477243,415,No Activity
2445,0,32.595,0.005477226,54.89666667,0.423162695,187.1666667,2.316606717,184,190,0.8655,0.051434424,0.8,0.929,419.3333333,4.844240566,415,No Activity
2446,0,32.60166667,0.014719601,54.71666667,0.39500211,187.3333333,2.065591122,185,190,0.848,0.042614552,0.8,0.91,416.5,5.753259945,408,No Activity
2447,0,32.61,0.02,54.585,0.322722791,186,2.529822131,182,189,0.828833333,0.034178453,0.795,0.884,413.8333333,5.269408569,408,No Activity
2448,0,32.62166667,0.03060501,54.38833333,0.203018883,185.1666667,2.926886859,182,189,0.8125,0.02462316,0.786,0.854,411,4.516635916,405,No Activity
2449,0,32.63666667,0.033862467,54.25666667,0.268377843,183,4.098780308,176,188,0.798333333,0.019986662,0.769,0.824,409,5.019960159,403,No Activity
2450,0,32.65,0.032249031,54.15833333,0.260569888,182,3.286335347,176,185,0.79,0.021512787,0.766,0.824,406.6666667,4.926120853,401,No Activity
2451,0,32.66333333,0.022509257,54.07666667,0.237963583,181.5,2.949576243,176,185,0.788333333,0.02096346,0.766,0.824,404.3333333,3.204163957,401,No Activity
2452,0,32.67166667,0.01602082,54.02833333,0.205953069,180,3.09838668,176,182,0.784,0.013461055,0.766,0.798,403.6666667,2.658320271,401,No Activity
2453,0,32.67833333,0.004082483,53.96333333,0.081649658,179.5,2.949576243,176,182,0.7845,0.013996428,0.766,0.798,403.1666667,1.834847858,401,No Activity
2454,0,32.68833333,0.020412415,53.83333333,0.295409321,179.3333333,2.804757865,176,182,0.783666667,0.014038044,0.766,0.798,403.6666667,2.658320271,401,No Activity
2455,0,32.69666667,0.025819889,53.70333333,0.435553288,180.8333333,3.060501051,176,185,0.784333333,0.013276546,0.766,0.798,404.3333333,2.943920288,401,No Activity
2456,0,32.705,0.027386128,53.54166667,0.508504343,181.1666667,3.311595791,176,185,0.784333333,0.013276546,0.766,0.798,405.6666667,2.943920288,401,No Activity
2457,0,32.71,0.024494897,53.49333333,0.477018518,180.8333333,3.311595791,176,185,0.7935,0.028374284,0.766,0.845,407.8333333,3.544949458,404,No Activity
2458,0,32.71333333,0.020655911,53.38,0.398296372,181,3.03315018,177,185,0.8005,0.034273897,0.766,0.845,409.8333333,4.262237284,405,No Activity
2459,0,32.71666667,0.015055453,53.315,0.28738476,180.5,3.619392216,176,185,0.8035,0.034795115,0.766,0.845,412.3333333,5.163977795,407,No Activity
2460,0,32.71333333,0.013662601,53.445,0.404610924,180.6666667,3.669695721,176,185,0.811,0.033811241,0.766,0.845,416.3333333,9.003702942,407,No Activity
2461,0,32.72166667,0.03060501,53.52666667,0.355396492,180.5,3.449637664,176,184,0.915333333,0.238622435,0.766,1.399,425,18.37389452,409,No Activity
2462,0,32.74333333,0.064704456,53.53666667,0.336610556,180,3.03315018,176,184,1.221333333,0.713502815,0.816,2.602,442.3333333,38.40138886,414,No Activity
2463,0,32.77333333,0.08477421,53.41666667,0.412245881,181.1666667,4.167333282,176,187,1.464,0.802017706,0.816,2.602,457.5,42.70245895,416,No Activity
2464,0,32.81166667,0.096211572,53.37833333,0.429996124,181.3333333,3.983298468,176,187,1.789,0.888967041,0.816,2.79,484.8333333,59.86456938,420,No Activity
2465,0,32.855,0.094392796,53.325,0.410450972,181.3333333,3.983298468,176,187,2.120166667,0.821553508,0.826,2.803,509.6666667,58.47962608,432,No Activity
2466,0,32.89833333,0.071390942,53.17333333,0.223308456,181,4.000000002,176,187,2.5435,0.659805653,1.399,3.366,538.6666667,55.31967703,459,No Activity
2467,0,32.92833333,0.04445972,53.03833333,0.201038968,178.8333333,5.344779386,171,187,2.764833333,0.34830413,2.301,3.366,541.6666667,50.4050262,477,No Activity
2468,0,32.945,0.030166206,52.94166667,0.317390401,178.8333333,5.344779386,171,187,2.572,0.647906783,1.445,3.366,529,66.1422709,437,No Activity
2469,0,32.955,0.013784049,52.99166667,0.336357944,177.1666667,3.544949461,171,181,2.511666667,0.693444062,1.445,3.366,546.1666667,71.79252514,437,No Activity
2470,0,32.95833333,0.007527727,53.025,0.360652187,177.1666667,3.544949461,171,181,2.496,0.6869294,1.445,3.366,548.1666667,73.0791808,437,No Activity
2471,0,32.96,0.008944272,52.99166667,0.336357944,177,3.633180427,171,181,2.485166667,0.681611448,1.445,3.366,551.8333333,74.86365384,437,Boil(Pressure Cooker)
2472,0,32.97666667,0.046332134,53.04166667,0.378862332,175.8333333,3.600925809,171,181,2.364333333,0.544753767,1.445,2.738,544.1666667,70.43129039,437,Boil(Pressure Cooker)
2473,0,33.01166667,0.08998148,53.34833333,0.691676707,176,3.346640109,172,181,2.324666667,0.52122113,1.445,2.738,558,62.28001285,437,Boil(Pressure Cooker)
2474,0,33.05166667,0.112856841,53.63666667,0.590480031,174.8333333,2.316606717,172,178,2.501833333,0.293198511,1.939,2.738,589.3333333,25.88950881,560,Boil(Pressure Cooker)
2475,0,33.1,0.122311079,53.71333333,0.554316396,174.3333333,2.065591122,172,178,2.543166667,0.200955136,2.187,2.738,587.5,24.66373856,560,Boil(Pressure Cooker)
2476,0,33.14833333,0.107594919,53.75666667,0.526902901,172.8333333,2.13697606,169,175,2.405166667,0.322534598,1.868,2.738,587.6666667,24.70357599,560,Boil(Pressure Cooker)
2477,0,33.19666667,0.070047603,53.67166667,0.671458611,172.5,1.870828698,169,174,2.207833333,0.424312817,1.554,2.641,586.5,24.67995138,560,Boil(Pressure Cooker)
2478,0,33.22333333,0.032659863,53.47166667,0.9009199,172.1666667,1.940790221,169,174,1.995166667,0.479912249,1.365,2.508,582.3333333,31.27725478,535,Boil(Pressure Cooker)
2479,0,33.22833333,0.024013885,53.16,0.75691479,171.6666667,2.338090392,169,174,1.7995,0.477623597,1.315,2.508,575.8333333,39.75131025,521,Boil(Pressure Cooker)
2480,0,33.22666667,0.026583203,52.93166667,0.576417094,170.5,2.664582522,167,174,1.605333333,0.352374044,1.315,2.187,559.1666667,35.7794168,521,Boil(Pressure Cooker)
2481,0,33.21166667,0.039707262,52.785,0.444870768,169.6666667,2.065591122,167,173,1.465833333,0.214911532,1.315,1.868,547,32.61288089,521,Boil(Pressure Cooker)
2482,0,33.19666667,0.043665394,52.60666667,0.220151463,170.6666667,2.943920291,167,175,1.369,0.094781855,1.287,1.554,538.6666667,23.66995282,521,Boil(Pressure Cooker)
2483,0,33.17666667,0.035590261,52.86666667,0.675386309,170.8333333,3.125166665,167,175,1.323833333,0.034201852,1.283,1.365,532.3333333,10.57670396,521,Boil(Pressure Cooker)
2484,0,33.15833333,0.03060501,52.98,0.597762495,171.5,3.563705938,167,175,1.330166667,0.045123903,1.283,1.403,537.8333333,18.12640799,521,Boil(Pressure Cooker)
2485,0,33.15,0.022803509,52.9,0.670432696,171.1666667,3.920034015,167,175,1.332666667,0.044527145,1.283,1.403,536.6666667,19.59251558,514,Boil(Pressure Cooker)
2486,0,33.14666667,0.016329932,52.55833333,1.109908405,171,4.147288273,166,175,1.325833333,0.045753324,1.283,1.403,531,27.11457173,491,Boil(Pressure Cooker)
2487,0,33.15333333,0.024221203,52.23333333,1.295046975,170,5.291502624,163,175,1.2945,0.078528339,1.162,1.403,523.8333333,34.11402449,481,Boil(Pressure Cooker)
2488,0,33.165,0.036193922,51.95666667,1.39739281,168.3333333,4.96655481,163,175,1.264833333,0.109459429,1.109,1.403,513.5,36.45682378,481,Boil(Pressure Cooker)
2489,0,33.18666667,0.053166405,51.37,0.949420876,166.6666667,4.320493801,163,175,1.217666667,0.152555127,1,1.403,499.8333333,37.19901432,464,Boil(Pressure Cooker)
2490,0,33.285,0.043703547,50.63666667,0.243775853,166.5,2.880972061,164,171,0.986333333,0.065932288,0.929,1.109,458.1666667,13.02945381,447,Boil(Pressure Cooker)
2491,0,33.30333333,0.032659863,50.57166667,0.22692877,166.6666667,2.804757865,164,171,0.957,0.029563491,0.929,1,451.8333333,7.960318251,443,Boil(Pressure Cooker)
2492,0,33.30333333,0.032659863,50.44166667,0.358408519,167,2.529822131,164,171,1.0215,0.180255097,0.929,1.387,449.3333333,5.278888772,443,Boil(Pressure Cooker)
2493,0,33.30333333,0.032659863,50.42666667,0.3497237,167.3333333,2.503331117,164,171,1.1775,0.402767303,0.929,1.914,458.3333333,22.50925735,443,Boil(Pressure Cooker)
2494,0,33.30333333,0.032659863,50.59,0.506201541,167.3333333,2.503331117,164,171,1.6235,1.064208203,0.929,3.645,494.1666667,86.07070737,443,Boil(Pressure Cooker)
2495,0,33.29666667,0.035023801,50.72,0.534677473,166.6666667,3.777124129,160,171,2.432833333,1.92910201,0.929,5.789,531.1666667,111.8005665,443,Boil(Pressure Cooker)
2496,0,33.28833333,0.024013885,50.80166667,0.609078539,166.1666667,3.600925809,160,171,3.366166667,2.36209961,0.933,6.529,591.6666667,149.130368,443,Boil(Pressure Cooker)
2497,0,33.28833333,0.024013885,50.915,0.595911067,166.6666667,3.777124129,160,171,4.341333333,2.364451621,1.387,6.784,660.5,161.58063,449,Boil(Pressure Cooker)
2498,0,33.30666667,0.04226898,50.91,0.606465168,165.3333333,5.202563472,158,171,5.172666667,1.960315349,1.914,6.784,709,124.9127696,503,Boil(Pressure Cooker)
2499,0,33.335,0.064109282,51.05166667,0.607632016,164.1666667,5.26940857,158,171,5.548833333,1.322845481,3.645,6.784,736.8333333,80.56405319,664,Boil(Pressure Cooker)
2500,0,33.36333333,0.030767949,48.045,1.280652178,156,6.29285309,150,164,1.9975,0.753352175,1.254,3.001,533.1666667,84.26723365,464,Reheat
2501,0,33.35833333,0.02786874,47.71833333,0.747968359,154.3333333,4.926120855,150,164,1.917166667,0.642483748,1.254,2.653,526.6666667,75.83051277,464,Reheat
2502,0,33.35833333,0.02786874,47.79833333,0.904973296,152.5,1.378404881,150,154,1.974166667,0.730028333,1.254,2.995,522.5,69.00072463,464,Reheat
2503,0,33.37166667,0.050365332,48.58166667,1.682431772,152.8333333,1.722401429,150,155,2.580833333,1.37818626,1.254,5.036,566.6666667,101.3127172,464,Reheat
2504,0,33.405,0.09093954,49.10333333,1.863391174,152.1666667,2.639444389,148,155,3.452833333,1.919610525,1.373,6.486,631.3333333,139.3594872,464,Reheat
2505,0,33.45833333,0.114789663,50.04,2.073702004,152.8333333,2.483277408,148,155,4.187333333,1.804304815,2.308,6.486,707.6666667,154.0333297,535,Reheat
2506,0,33.51333333,0.13048627,50.895,1.767899884,153,2.529822131,148,155,4.796666667,1.65375375,2.519,6.486,772.1666667,148.1855818,597,Reheat
2507,0,33.59,0.155177318,51.575,1.277571916,158.8333333,14.98554859,148,189,5.390833333,1.266946316,2.995,6.486,826.3333333,129.5818917,611,Reheat
2508,0,33.67333333,0.160457679,52.025,0.666475806,201.5,102.7127061,148,409,6.080666667,0.702731433,5.036,7.134,915,134.6818473,729,Reheat
2509,0,33.74833333,0.145246916,52.03333333,0.660535137,234.6666667,115.9683865,148,409,6.353,0.505994071,5.78,7.134,975.6666667,114.6310022,852,Reheat
2510,0,33.89666667,0.29337121,51.87166667,1.012470576,233.5,117.0448632,141,409,5.793,1.399599228,3.126,7.134,833.6666667,419.8450508,0,Boil
2511,0,34.03666667,0.337737571,51.095,1.734113606,230.6666667,119.5335378,137,409,5.300166667,1.852447723,2.823,7.134,680,534.2033321,0,Boil
2512,0,34.18,0.338585292,50.64333333,1.65876661,228.3333333,121.4506759,137,409,4.7565,2.082986678,2.702,7.134,646.6666667,522.187578,0,Boil
2513,0,34.3,0.31202564,49.94833333,1.669208395,219.5,126.6976716,136,409,4.197,2.105827153,2.702,7.134,606.1666667,505.7261776,0,Boil
2514,0,34.41,0.248435102,49.32166667,1.407699068,173.3333333,88.56560657,132,354,3.426666667,1.601581427,2.512,6.67,534.1666667,440.5657348,0,Boil
2515,0,34.52,0.048166378,48.695,0.906107058,137.6666667,3.386246696,132,141,2.7365,0.225357272,2.512,3.126,469,363.5612741,0,Boil
2516,0,34.53666667,0.034448028,48.33666667,0.715644232,137,2.966479398,132,140,2.744666667,0.242528899,2.512,3.175,597.6666667,294.4151264,0,Boil
2517,0,34.54833333,0.011690452,48.35333333,0.709892011,137,2.966479398,132,140,2.8345,0.352319599,2.512,3.362,732.5,48.53349359,679,Boil
2518,0,34.54333333,0.019663842,47.97833333,0.301158873,136.6666667,2.658320275,132,140,2.971,0.438765997,2.512,3.521,741.3333333,51.00065359,679,Boil
2519,0,34.53833333,0.024013885,47.86333333,0.334105772,137,2.683281576,132,140,3.103333333,0.469141628,2.512,3.521,758.8333333,42.66809893,702,Boil
2520,0,34.53333333,0.024221203,48.155,0.959536346,137.5,1.643167677,135,140,3.286333333,0.401639473,2.529,3.61,775.3333333,39.49514738,702,Boil
2521,0,34.52333333,0.017511901,48.38166667,1.044153565,137,1.095445122,135,138,3.513666667,0.241238195,3.175,3.893,796.1666667,22.30171892,772,Boil
2602,0,36.22666667,0.051639778,47.27666667,1.992251657,751,377.6755221,365,1343,7.370833333,0.995005008,6.062,8.381,1361.333333,142.7986928,1163,Curry
2603,0,36.24666667,0.037237973,47.13166667,1.888146357,585,268.5553947,347,997,7.194,0.964227567,6.062,8.381,1366.333333,142.8056955,1163,Curry
2604,0,36.26,0.025298221,46.435,1.963392472,470.8333333,193.4894485,312,792,7.004666667,0.778103249,6.062,8.07,1326.333333,122.6762677,1163,Curry
2605,0,36.26833333,0.01602082,45.755,1.759553921,380.1666667,129.9036823,248,627,6.867166667,0.60607109,6.062,7.55,1254.833333,134.0931268,1059,Curry
2606,0,36.22333333,0.124365054,44.42833333,2.594435713,309.5,70.53155322,203,382,6.429833333,0.893410861,4.926,7.245,1193.166667,129.6031121,1047,Curry
2607,0,36.155,0.180416186,44.155,2.726556436,277.3333333,74.73865577,189,365,6.162833333,1.208976661,4.46,7.245,1178,138.835154,1047,Curry
2608,0,36.08166667,0.21113187,43.235,3.056800615,246.5,69.30151514,180,347,5.9685,1.291362807,4.46,7.245,1151.833333,142.0583214,1047,Curry
2609,0,36.00166667,0.216371594,41.58666667,2.659441044,215.3333333,55.79844681,160,312,5.6175,1.275610716,4.46,7.245,1100.666667,89.40171512,1047,Curry
2610,0,35.90833333,0.197425091,40.945,2.241809537,187.6666667,35.88128574,146,248,5.128,1.073711879,4.308,7.245,1035.5,71.50034965,891,Curry
2611,0,35.80833333,0.110347935,39.98,1.52753396,172.1666667,22.01287502,146,203,4.719333333,0.280275341,4.308,5.041,1022.666667,73.32575718,891,Curry
2612,0,35.75333333,0.094798031,40.26,1.67243535,164.1666667,16.63029364,146,189,4.639166667,0.278121856,4.308,5.041,1015,72.6746173,891,Curry
2613,0,35.71333333,0.080166493,40.29666667,1.730152209,161.8333333,13.04479462,146,180,4.686333333,0.265364404,4.308,5.041,1012.666667,70.67578558,891,Curry
2614,0,35.68,0.061318839,40.65666667,1.890816402,162.6666667,14.51436071,146,185,4.634166667,0.205772123,4.308,4.793,1008.166667,66.90117089,891,Curry
2615,0,35.645,0.043243497,41.34166667,1.44524623,165.1666667,15.23701633,146,185,4.574,0.204569792,4.308,4.793,996.1666667,59.17234715,891,Curry
2616,0,35.62,0.041472883,41.49166667,1.407812724,167.1666667,12.81275406,155,185,4.547333333,0.251275679,4.148,4.793,1004.666667,42.30208821,942,Curry
2617,0,35.60166667,0.03920034,41.56,1.247814089,162.3333333,21.10608127,126,185,4.414666667,0.300868521,3.997,4.743,989.5,63.20363914,891,Curry
2618,0,35.6,0.037416574,41.73666667,1.335090509,155,29.95329698,111,185,4.258,0.475797436,3.505,4.743,963.3333333,85.91080646,844,Curry
2630,0,35.94333333,0.044121046,44.87,0.97726148,116,5.215361926,109,122,5.794333333,0.433907671,5.359,6.403,1228.5,63.62625244,1166,Boil
2631,0,35.96666667,0.052788888,45.03166667,1.245109098,113.6666667,7.366591253,103,122,5.957333333,0.733001683,5.359,7.257,1242.666667,94.55932882,1166,Boil
2632,0,35.99166667,0.06112828,45.42,1.508800848,112.1666667,7.704976748,103,122,6.351,1.060120182,5.359,7.956,1290.333333,143.7618401,1166,Boil
2633,0,36.01666667,0.056450568,45.80833333,1.625034359,111.1666667,8.542052838,103,122,6.744666667,1.156927771,5.359,7.956,1355.5,175.4089507,1166,Boil
2634,0,36.04666667,0.048442406,46.48333333,0.985285069,111.3333333,8.547904228,103,122,7.4395,1.387265043,5.537,9.528,1422.666667,165.1940273,1185,Boil
2635,0,36.065,0.031464265,46.80666667,0.685759919,113,11.33137238,103,131,8.077833333,1.206105703,6.403,9.528,1486.666667,123.9333154,1265,Boil
2636,0,36.07333333,0.022509257,46.92,0.412504545,113,11.33137238,103,131,8.479,0.898760035,7.257,9.528,1537.333333,61.70467297,1422,Boil
2637,0,36.07333333,0.022509257,46.775,0.528119305,114.1666667,10.41953294,103,131,8.552333333,0.790546815,7.697,9.528,1533.333333,70.78606266,1398,Boil
2638,0,36.06166667,0.037638633,47.06666667,1.032388816,112.5,12.40564388,97,131,8.422166667,0.955467931,7.175,9.528,1505.833333,104.671709,1347,Boil
2639,0,36.045,0.052440442,47.26,1.156736789,111.1666667,13.96304647,95,131,8.2495,1.133570068,6.92,9.528,1468.166667,111.7719404,1347,Boil
2640,0,36.015,0.058906706,47.8,1.712343424,108.3333333,15.40995349,95,131,7.826666667,1.029702611,6.92,9.367,1436.666667,104.0358912,1347,Boil
2641,0,35.98833333,0.059805239,48.61166667,2.295233467,101,12.6964562,87,122,7.491833333,0.703673054,6.92,8.81,1426.333333,90.45588243,1347,Boil
2642,0,35.96,0.05329165,49.37333333,2.039016103,94.83333333,8.863783993,85,110,7.154,0.333428253,6.783,7.697,1400.833333,57.90135289,1347,Boil
2643,0,35.93666667,0.040331956,50.265,1.386747994,90.83333333,5.382068996,85,97,6.965666667,0.280276768,6.567,7.358,1409.166667,60.93083511,1347,Boil
2644,0,35.91833333,0.029268869,50.71833333,1.30106751,88.5,5.205766035,83,95,6.896333333,0.269378297,6.567,7.358,1426.5,54.12116037,1357,Boil
2645,0,35.90333333,0.018618987,51.64333333,1.234676746,87.16666667,4.119061384,83,95,6.909166667,0.272546816,6.567,7.358,1447,45.06883624,1380,Boil
2646,0,35.895,0.015165751,52.42166667,1.673121833,85.66666667,1.505545311,83,87,6.926333333,0.281818145,6.567,7.358,1476.166667,49.4506488,1416,Boil
2647,0,35.88333333,0.018618987,52.73,1.714444516,85.5,1.378404881,83,87,6.8195,0.192930817,6.567,7.094,1480.666667,53.85041009,1416,Boil
2648,0,35.86666667,0.036696957,52.92833333,1.481477866,85.16666667,1.722401429,83,87,6.704666667,0.355530402,6.094,7.094,1484.5,48.91932134,1439,Boil
2649,0,35.84,0.058991525,52.67333333,1.868064952,84.16666667,2.639444389,80,87,6.387166667,0.914407659,4.662,7.094,1468.5,73.01164291,1352,Boil
2650,0,35.81,0.072663609,52.33833333,2.234684914,83.66666667,3.141125066,80,87,5.995666667,1.185917479,4.41,7.094,1452,87.5054284,1352,Boil
2651,0,35.78,0.075099933,51.22333333,2.885769684,82.33333333,3.141125066,79,86,5.502833333,1.295890183,4.04,7.094,1391.333333,160.1969621,1116,Boil
2652,0,35.745,0.067749539,49.62166667,3.001662317,79.5,5.753259947,69,86,4.907666667,1.237678903,3.523,6.717,1303.333333,193.8057447,1027,Boil
2653,0,35.71,0.05585696,48.425,2.432650818,75.83333333,7.521081484,64,83,4.345833333,0.993017707,3.346,6.094,1213.333333,190.6217896,994,Boil
2654,0,35.68166667,0.042622373,46.73833333,3.013631807,72,8.876936409,60,80,3.905333333,0.549694339,3.346,4.662,1124.833333,188.1450681,908,Boil
2655,0,35.65166667,0.05492419,45.05333333,3.640146517,68.33333333,9.437513798,58,80,3.614166667,0.531105796,2.915,4.41,1029.833333,194.3053439,782,Boil
2656,1,33.24,0,64.1,0.054772256,48.33333333,1.505545311,46,50,0.747833333,0.034798946,0.703,0.806,381,2.28035085,379,No Activity
2657,1,33.245,0.012247449,64.1,0.054772256,49.33333333,1.632993167,47,52,0.765,0.033645208,0.737,0.806,381.1666667,2.401388487,379,No Activity
2658,1,33.25,0.015491933,64.1,0.054772256,49.83333333,1.169045202,49,52,0.777666667,0.035691269,0.737,0.814,380.6666667,1.632993162,379,No Activity
2659,1,33.255,0.016431677,64.13333333,0.075277265,49.66666667,1.366260108,48,52,0.791,0.032236625,0.737,0.817,380.8333333,1.722401425,379,No Activity
2660,1,33.26,0.015491933,64.15,0.063245553,50,1.414213568,48,52,0.8055,0.020530465,0.766,0.824,381,1.673320053,379,No Activity
2661,1,33.26833333,0.01602082,64.16666667,0.040824829,50.33333333,1.366260108,48,52,0.816,0.009359487,0.806,0.829,381.3333333,1.366260102,379,No Activity
2662,1,33.27666667,0.010327956,64.15,0.063245553,50,1.673320058,48,52,0.820833333,0.010571976,0.806,0.835,381.6666667,0.816496581,381,No Activity
2663,1,33.28,0.010954451,64.13333333,0.075277265,50.33333333,2.250925739,48,54,0.826666667,0.010405127,0.814,0.841,381.1666667,0.752772653,380,No Activity
2664,1,33.28333333,0.010327956,64.1,0.104880885,50.66666667,2.338090392,48,54,0.827833333,0.008998148,0.817,0.841,380.3333333,1.751190072,377,No Activity
2665,1,33.28833333,0.009831921,64.035,0.113798067,51.5,2.073644139,48,54,0.821333333,0.022438063,0.778,0.841,379,2.898275349,374,No Activity
2666,1,33.29333333,0.005163978,63.98666667,0.116733314,52,2.280350854,48,54,0.813666667,0.028408919,0.778,0.841,377.6666667,3.559026084,373,No Activity
2667,1,33.29666667,0.008164966,63.92166667,0.116175155,52.66666667,2.503331117,48,55,0.793833333,0.049369694,0.71,0.841,376,4,371,No Activity
2668,1,33.3,0.008944272,63.98666667,0.242624538,53.5,1.048808856,52,55,0.770333333,0.058558233,0.694,0.841,378,8,371,No Activity
2669,1,33.30666667,0.013662601,64.02,0.265706605,53.33333333,1.032795567,52,55,0.7435,0.056553514,0.68,0.821,381.5,12.42175511,371,No Activity
2670,1,33.31666667,0.019663842,64.07,0.27784888,53.66666667,0.816496591,53,55,0.721,0.045285759,0.68,0.778,386.3333333,15.56491782,371,No Activity
2671,1,33.31833333,0.018348479,64.11833333,0.258566561,53.33333333,1.366260108,51,55,0.7045,0.037776977,0.679,0.778,391.5,15.795569,371,No Activity
2672,1,33.32333333,0.016329932,64.16666667,0.225625058,53.16666667,1.329160142,51,55,0.687166667,0.01312123,0.674,0.71,394.8333333,12.96790911,371,No Activity
2693,1,33.865,0.110045445,64.68166667,0.541014479,51,2.828427128,48,56,0.993,0.28715501,0.753,1.518,424.8333333,214.9487536,0,Boil
2694,1,33.81833333,0.110890336,64.76833333,0.538123282,51.5,3.271085449,48,56,0.962333333,0.222397542,0.753,1.334,329,258.3965944,0,Boil
2695,1,33.78,0.104115321,64.93666667,0.539060912,52.16666667,3.544949461,48,56,1.028833333,0.314013004,0.753,1.503,326.3333333,255.4154785,0,Boil
2696,1,33.75333333,0.089814624,65.235,0.443745423,53,3.224903102,48,56,1.163166667,0.417187927,0.753,1.733,346.5,271.8541889,0,Boil
2697,1,33.73333333,0.066231916,65.435,0.788485891,54.16666667,2.136976061,50,56,1.343833333,0.501873457,0.753,1.975,379.5,299.8384565,0,Boil
2698,1,33.72166667,0.044007575,65.65166667,0.770698817,55.33333333,1.032795567,54,57,1.617166667,0.559067945,0.765,2.393,407.5,318.1608084,0,Boil
2699,1,33.74333333,0.039327683,66.04333333,0.828025764,56,2.190890234,54,60,1.785,0.371903751,1.334,2.393,505.5,251.0105575,0,Boil
2700,1,33.76333333,0.043204938,66.49833333,0.869308154,56.16666667,2.136976061,54,60,1.9005,0.305510556,1.503,2.393,610.5,42.07493316,559,Boil
2701,1,33.78,0.031622777,66.49833333,0.869308154,56.33333333,2.065591122,54,60,1.963333333,0.238918117,1.733,2.393,611.3333333,40.88357453,564,Boil
2702,1,33.795,0.023452079,66.62833333,0.809207431,57,1.788854387,55,60,1.979166667,0.223233883,1.772,2.393,618.5,37.03916846,564,Boil
2703,1,33.815,0.035637059,66.575,0.804580636,57,1.788854387,55,60,2.055833333,0.290402078,1.772,2.435,616.5,34.31471987,564,Boil
2704,1,33.83333333,0.041793141,66.60166667,0.789795332,57,1.788854387,55,60,2.069,0.309883849,1.772,2.472,616.6666667,34.48864547,564,Boil
2705,1,33.85333333,0.045460606,66.41666667,0.773942289,56,1.414213568,54,58,2.167166667,0.289611752,1.828,2.472,621.3333333,31.60801586,564,Boil
2706,1,33.865,0.044158804,66.005,0.589805053,55.33333333,2.160246903,52,58,2.146166667,0.305917255,1.828,2.472,605.8333333,46.0235447,537,Boil
2707,1,33.875,0.031464265,65.90166667,0.756238499,54.66666667,2.503331117,52,58,2.090833333,0.383800686,1.548,2.472,591.3333333,69.53751985,477,Boil
2708,0,33.04333333,0.062182527,72.74666667,0.483101094,52,1.673320058,50,54,3.456333333,1.116451462,2.689,5.411,675.6666667,95.65702623,606,No Activity
2709,0,33.015,0.045934736,72.655,0.465907716,52.33333333,1.366260108,50,54,3.070666667,0.574157702,2.689,4.193,647.8333333,74.56384289,606,No Activity
2710,0,32.99333333,0.03204164,73.00333333,0.734592858,53.33333333,1.505545311,52,56,2.9085,0.225017999,2.689,3.22,620.1666667,10.72225101,606,No Activity
2711,0,32.97833333,0.026394444,73.2,0.663113867,53.66666667,1.861898677,52,56,3.017666667,0.254220901,2.703,3.344,625,9.5289034,613,No Activity
2712,0,32.96166667,0.026394444,73.06833333,0.674727105,53.66666667,1.861898677,52,56,2.967666667,0.342619711,2.403,3.344,617.5,24.29609022,571,No Activity
2713,0,32.94833333,0.023166067,73.03666667,0.694569411,53.5,1.97484177,52,56,2.839166667,0.458465884,2.217,3.344,608.5,31.63384264,567,No Activity
2714,0,32.93666667,0.027325202,72.94,0.786714688,53.5,1.97484177,52,56,2.718166667,0.568127949,2.028,3.344,599.5,37.27599764,559,No Activity
2715,0,33.565,0.029495762,69.76333333,2.32430348,43.83333333,2.994439294,40,48,5.353166667,1.015052002,4.193,6.593,878.3333333,96.51044848,742,Boil
2716,0,33.555,0.033316663,68.85166667,1.628182013,43,2.190890234,40,46,5.162666667,1.036538599,4.193,6.593,867.1666667,98.46911529,742,Boil
2717,0,33.54833333,0.025625508,68.36833333,1.192215025,42.16666667,1.722401429,40,45,4.930333333,0.775068427,4.193,6.247,863.3333333,95.66120774,742,Boil
2718,0,33.54666667,0.023380904,67.715,0.46543528,41.66666667,1.032795567,40,43,4.788333333,0.522489298,4.193,5.395,845.6666667,82.70590467,742,Boil
2719,0,33.54666667,0.023380904,67.48666667,0.64158138,41.5,1.048808856,40,43,4.8175,0.549496042,4.193,5.395,828,61.48495751,742,Boil
2720,0,33.55,0.023664319,67.24166667,0.754915006,42,0.8944272,41,43,4.959,0.458256697,4.224,5.395,840.6666667,46.13747573,776,Boil
2721,0,33.56,0.020976177,67.16166667,0.730572835,41.66666667,1.211060149,40,43,5.182333333,0.339567175,4.59,5.564,859.3333333,36.36298484,818,Boil
2722,0,33.57333333,0.015055453,66.91166667,0.712556431,41.16666667,1.169045202,40,43,5.392,0.284612719,5.042,5.848,874.6666667,38.33362319,818,Boil
2723,0,33.58166667,0.019407902,66.72833333,0.365700242,41.16666667,1.169045202,40,43,5.443833333,0.270398533,5.042,5.848,879.5,45.32438637,818,Boil
2724,0,33.59166667,0.026394444,66.675,0.367736319,40.83333333,1.169045202,40,43,5.499333333,0.291705788,5.042,5.848,892.6666667,48.49604795,818,Boil
2725,0,33.60333333,0.030110906,66.65333333,0.379508454,40.66666667,1.211060149,40,43,5.450833333,0.349202759,5.013,5.848,902,45.31225,818,Boil
2726,0,33.62,0.028982754,66.73,0.35400565,40.16666667,0.408248311,40,41,5.620833333,0.358522756,5.013,6.062,927.5,28.52893268,888,Boil
2727,0,33.63666667,0.030110906,66.95166667,0.802232302,40.33333333,0.516397796,40,41,5.730166667,0.430520809,5.013,6.22,939.6666667,23.42363479,912,Boil
2728,0,33.65,0.028284271,67.31,0.937741969,40.5,0.547722573,40,41,5.792166667,0.475337529,5.013,6.22,945.5,20.86863675,912,Boil
2729,0,33.675,0.046368092,67.53666667,1.041281262,40.83333333,1.169045202,40,43,5.988833333,0.569938388,5.013,6.69,958.3333333,36.27487652,912,Boil
2730,0,33.7,0.056568543,68.00833333,1.131166065,40.83333333,1.169045202,40,43,6.182666667,0.654918519,5.013,6.891,973.8333333,43.4668456,912,Boil
2731,0,33.725,0.057879185,68.69166667,1.22177603,41.16666667,1.169045202,40,43,6.502333333,0.380355974,6.062,6.931,996.1666667,39.59503336,952,Boil
2732,0,33.75333333,0.061210021,68.99666667,0.825122213,42,1.788854387,40,45,6.530333333,0.346098637,6.22,6.931,1002.166667,37.70101679,952,Boil
2733,0,33.77833333,0.055647701,69.155,0.796812399,42.16666667,1.722401429,40,45,6.453833333,0.46029878,5.761,6.931,995.6666667,48.13591867,922,Boil
2734,0,33.80166667,0.029268869,69.05833333,0.920639271,42.33333333,1.632993167,40,45,6.307166667,0.65057741,5.34,6.931,979,75.69940555,852,Boil
2735,0,33.80833333,0.021369761,68.945,1.040168256,42.66666667,1.966384165,40,45,5.898333333,1.024930762,4.237,6.931,931,122.2554702,731,Boil
2736,0,33.82166667,0.024832774,69.21666667,1.339905469,43.66666667,1.861898677,42,46,5.605333333,0.931414981,4.237,6.931,912.5,112.6636587,731,Boil
2737,0,33.84166667,0.038686776,69.635,2.040575899,44.66666667,2.338090392,42,48,5.438333333,0.709605994,4.237,6.23,905.8333333,104.037333,731,Boil
2738,0,33.855,0.046797436,69.71666667,2.002724811,45.16666667,2.714160401,42,48,5.413166667,0.677882119,4.237,6.079,894.5,94.03563154,731,Boil
2739,0,33.88666667,0.079414524,70.12333333,2.173335378,46.16666667,2.401388491,42,48,5.651666667,0.999958732,4.237,7.192,918.5,117.82487,731,Boil
2740,0,33.92666667,0.097502137,71.02833333,2.192819342,48.66666667,4.273952115,45,57,6.016,1.234434607,4.237,7.526,957.6666667,129.7530989,731,Boil
2741,0,33.965,0.081670068,71.20166667,1.909381226,50.33333333,4.501851473,46,57,6.356666667,0.875009181,5.133,7.526,990.3333333,73.94502462,917,Boil
2742,0,33.99166667,0.064935866,70.89333333,2.091120912,52.16666667,4.622409186,48,57,6.292833333,0.988713794,4.75,7.526,979.3333333,90.16577325,851,Boil
2743,0,34.00333333,0.052408651,69.77,2.481257746,54.83333333,6.112828043,48,64,6.080166667,1.19775547,4.653,7.526,966.3333333,91.16943932,851,Boil
2744,0,34.01,0.038987177,69.62333333,2.55097367,56,5.138093033,48,64,5.712166667,1.499397401,3.871,7.526,939,120.7791373,775,Boil
2745,0,33.99166667,0.055647701,69.34666667,2.339860395,58,3.464101618,55,64,5.129,1.489133305,3.693,7.526,882.8333333,128.0475172,729,Boil
2746,0,33.96666667,0.052408651,69.12,1.901651913,59,3.949683534,55,64,4.453666667,1.033881553,3.474,6.281,839.8333333,80.12594253,729,Boil
2747,0,33.94333333,0.049665548,69.46166667,2.021656911,59.16666667,3.763863266,55,64,3.8465,0.786148268,2.638,4.75,815,70.17976916,729,Boil
2748,0,33.91666667,0.042739521,69.51,2.015886902,57.66666667,5.955389717,48,64,3.408666667,0.904886439,2.123,4.653,789,82.06582724,695,Boil
2749,0,33.895,0.036742346,69.73833333,1.6178803,54.66666667,6.623191578,46,63,2.926833333,0.879120337,1.762,3.871,746.8333333,57.75955909,675,Boil
2750,0,33.875,0.033316663,69.95,1.461287104,53.16666667,7.494442386,46,63,2.546833333,0.8821409,1.591,3.693,736.5,57.25644069,675,Boil
2751,0,33.86166667,0.03250641,69.83666667,1.463457094,50.83333333,7.111024306,46,63,2.1965,0.742210415,1.591,3.474,738,57.1384284,675,Boil
2752,0,33.84833333,0.024013885,69.65666667,1.189330344,48,4.000000002,46,56,1.8595,0.446148294,1.452,2.638,724.5,37.54863513,675,Boil
2753,0,33.84166667,0.013291601,69.445,1.028002918,46.33333333,0.816496591,46,48,1.637333333,0.283019905,1.305,2.123,719.5,30.29686452,675,Boil
2754,0,33.84166667,0.013291601,69.25,1.136644184,45.66666667,0.816496591,44,46,1.4405,0.288325337,0.942,1.762,728.3333333,29.43920289,675,Boil
2755,0,33.84666667,0.020655911,69.39666667,0.929982079,44.5,2.810693867,39,46,1.302166667,0.30201021,0.932,1.591,730,25.88435821,685,Boil
2756,0,33.85666667,0.025033311,69.55833333,1.036058235,43.5,3.20936131,39,46,1.199333333,0.288746025,0.932,1.591,733.6666667,24.516661,685,Boil
2757,0,33.87,0.028982754,69.75333333,1.135035976,42.5,3.20936131,39,46,1.109666667,0.217550607,0.932,1.452,747.5,43.50976902,685,Boil
2758,0,33.88,0.021908902,69.34666667,1.08221378,41.66666667,2.732520207,39,46,1.038166667,0.138770914,0.932,1.305,754.8333333,47.16531211,685,Boil
2759,0,33.885,0.016431677,69.47833333,1.166866173,40.33333333,2.065591122,38,44,0.971666667,0.056606242,0.906,1.053,751.5,48.43449184,685,Boil
2760,0,33.885,0.016431677,69.52666667,1.110975547,39.33333333,1.211060149,38,41,0.966166667,0.061460285,0.906,1.053,745.3333333,51.24321093,685,Boil
2761,0,33.88166667,0.019407902,69.72166667,1.002664783,39.66666667,1.366260108,38,41,0.964333333,0.062832051,0.906,1.053,754.8333333,42.3292649,711,Boil
2762,0,33.875,0.02258318,69.64,0.944880945,39.66666667,1.366260108,38,41,0.956833333,0.06411994,0.906,1.053,754.5,42.52411081,711,Boil
2763,0,33.865,0.016431677,69.54166667,0.837052368,39.83333333,1.47196015,38,41,0.9455,0.047605672,0.906,1.023,739.8333333,27.53482643,711,Boil
2764,0,33.86,0.010954451,69.86833333,0.696460097,40.33333333,2.250925739,38,44,0.9535,0.06432962,0.906,1.071,736.5,20.18662924,711,Boil
2816,0,33.95,0.106018866,64.76333333,1.34943939,59.16666667,7.574078603,48,70,2.0425,0.806026985,1.198,3.158,698.3333333,139.3350877,515,Fry
2817,0,33.98,0.076419893,64.58,1.592017588,59.16666667,7.574078603,48,70,2.061833333,0.782775425,1.314,3.158,694.3333333,145.8432949,491,Fry
2818,0,34,0.032249031,64.56333333,1.584356862,70.16666667,26.94747978,48,123,2.044833333,0.802828853,1.223,3.158,694.3333333,145.8432949,491,Fry
2819,0,34,0.032249031,64.17166667,1.231315015,120.6666667,126.5206176,48,373,1.863,0.748367824,1.223,3.158,657,133.2141134,491,Fry
2820,0,34,0.032249031,63.86333333,0.894531535,245.6666667,304.0681941,48,813,1.603833333,0.396949073,1.223,2.348,621.5,103.2138557,491,Fry
2821,0,33.99833333,0.030605011,63.96,0.84907008,339.3333333,322.1953859,48,813,1.432666667,0.166292112,1.223,1.603,589.3333333,48.84942852,491,Fry
2822,0,33.99333333,0.028751812,64.10666667,0.921947215,402.5,290.9383096,48,813,1.3485,0.223360471,1.028,1.603,578.8333333,53.66345746,491,Fry
2823,0,33.98666667,0.036147845,64.20333333,0.730278486,440.6666667,246.8057266,123,813,1.290666667,0.273398366,0.967,1.603,580.8333333,49.8213475,503,Fry
2824,0,33.98,0.0464758,64.155,0.663196803,459.8333333,220.2375233,238,813,1.223166667,0.336223388,0.818,1.603,564.8333333,52.38861199,503,Fry
2825,0,33.97,0.050199602,64.30166667,0.776103515,437.8333333,236.6291754,238,813,1.106,0.298138223,0.818,1.603,550.6666667,51.48851005,503,Fry
2826,0,33.95333333,0.04226898,64.48,0.830493829,335.6666667,163.1890519,200,624,0.988666667,0.177577776,0.818,1.321,545.3333333,44.55857568,503,Fry
2827,0,33.935,0.029495762,64.66,0.785035031,255.5,98.56723594,143,434,0.904333333,0.083320266,0.815,1.028,535.1666667,29.68782017,503,Fry
2828,0,33.91333333,0.028751812,64.49666667,0.840111104,201.5,63.85843719,110,277,0.864,0.068789534,0.786,0.967,532.3333333,30.72892232,503,Fry
2829,0,33.89833333,0.034880749,64.80666667,0.477898176,172.3333333,62.4264901,102,241,0.83,0.057124426,0.763,0.899,534.5,28.633896,516,Fry
2830,0,33.89333333,0.035023801,64.77333333,0.482065003,146.1666667,62.3006153,81,241,0.9275,0.239776354,0.763,1.403,537.8333333,27.46937689,516,Fry
2831,0,33.89,0.031622777,64.77333333,0.482065003,119.6666667,45.42539671,81,200,0.985666667,0.271687811,0.763,1.403,541.8333333,25.6937087,516,Fry
2832,0,33.88666667,0.027325202,64.77333333,0.482065003,99.5,24.80927246,79,143,1.043333333,0.285958505,0.763,1.403,535.5,16.12141433,516,Fry
2833,0,33.89833333,0.04708149,64.83833333,0.532669378,88.33333333,14.06650869,76,110,1.180333333,0.345413183,0.763,1.637,534.5,14.80202689,516,Fry
2834,0,33.93,0.07293833,65.115,0.305597775,107.1666667,57.49231833,76,223,1.481833333,0.615941691,0.763,2.595,560.5,55.86322583,516,Fry
2835,0,33.97166667,0.087958323,65.075,0.34610692,184.1666667,194.7423084,76,564,1.899,0.838961501,1.245,3.266,590.6666667,73.20564641,538,Fry
2836,0,34.00833333,0.087958323,65.005,0.471455194,239.6666667,206.5533022,76,564,2.153166667,0.888200747,1.245,3.266,607.8333333,70.40856955,542,Fry
2837,0,34.045,0.084557673,64.86833333,0.541605638,288,195.9377452,76,564,2.359833333,0.772142841,1.245,3.266,620.5,62.59952076,546,Fry
2838,0,34.07666667,0.053913511,64.505,0.925867161,357.1666667,180.0049073,76,564,2.610333333,0.549971151,1.637,3.266,637.1666667,51.0427925,549,Fry
2839,0,34.08833333,0.031885211,64.03333333,1.121671372,373.6666667,151.3309838,175,564,2.6265,0.516014632,1.734,3.266,620.6666667,87.92193507,450,Fry
2840,0,34.08333333,0.040331956,63.51333333,1.01251502,352.3333333,182.6085066,95,564,2.374333333,0.816616842,1.082,3.266,575,120.8999586,398,Fry
2841,0,34.06333333,0.056803756,63.17833333,0.862819023,272.1666667,176.5824642,83,494,1.973666667,0.8789989,0.862,2.928,524.6666667,122.8001086,395,Fry
2842,0,34.02833333,0.086583293,62.94,0.699599886,215.5,176.518271,74,494,1.620666667,0.843671658,0.81,2.748,483.8333333,116.9759234,395,Fry
2843,0,33.98666667,0.08801515,62.62166667,0.225336785,163,167.2638634,57,494,1.321833333,0.790909961,0.695,2.748,445.1666667,101.0117155,386,Fry
2844,0,33.94,0.090111043,62.58333333,0.171425397,93.33333333,41.88874153,57,175,0.992666667,0.385967702,0.695,1.734,402.8333333,23.48119815,386,Fry
2845,0,33.89833333,0.086813977,62.685,0.266589572,78.83333333,13.19722193,57,95,0.828833333,0.1361138,0.695,1.082,393.3333333,4.179314138,386,Fry
2846,0,33.86166667,0.069976186,62.80333333,0.272298855,77.66666667,11.70754742,57,88,0.773666667,0.057165258,0.695,0.862,392.5,3.507135583,386,Fry
2847,0,33.82833333,0.045789373,62.79166667,0.279529366,74,13.0690474,57,88,0.754833333,0.037461536,0.695,0.81,392.1666667,3.311595789,386,Fry
2848,0,33.805,0.043703547,62.74833333,0.299293613,71,14.99333185,56,88,0.732833333,0.037343897,0.678,0.773,391.5,2.738612788,386,Fry
2849,0,33.775,0.043703547,62.88333333,0.29337121,71.16666667,14.81103192,56,88,0.749,0.038662643,0.678,0.792,394,3.464101615,392,Fry
2850,0,33.76,0.040496913,63.01333333,0.369468086,70,14.62873884,56,88,0.744,0.036834766,0.678,0.792,396.6666667,6.470445631,392,Fry
2851,0,33.75666667,0.037237973,63.07833333,0.420638404,143.8333333,190.0309624,56,531,0.857,0.282611394,0.678,1.429,414,41.1339276,392,Fry
2852,0,33.75666667,0.037237973,63.20833333,0.536858144,283.8333333,367.3578183,56,928,1.050666667,0.505609599,0.678,1.913,440.1666667,66.94301059,392,Fry
2853,0,33.75666667,0.037237973,63.30666667,0.455397262,552.3333333,651.0848383,56,1672,1.180333333,0.512487138,0.678,1.913,452.1666667,63.14243159,392,Fry
2854,0,33.75833333,0.037103459,63.59833333,0.417296857,945.1666667,939.0828327,58,2413,1.352666667,0.482773929,0.743,1.913,468.6666667,56.90225537,401,Fry
2855,0,33.76833333,0.024013885,63.565,0.460293385,1080.666667,838.7678264,69,2413,1.434166667,0.404051688,0.743,1.913,471.8333333,52.76141267,408,Fry
2856,0,33.76833333,0.024013885,63.66333333,0.50452618,1166.5,734.39247,531,2413,1.457833333,0.356875562,0.885,1.913,478.6666667,44.91176535,420,Fry
2857,0,33.76,0.027568098,63.90833333,0.720178219,1199.666667,703.8086861,584,2413,1.37,0.423941505,0.885,1.913,473,44.27640455,420,Fry
2858,0,33.75166667,0.019407902,64.13666667,0.906325916,1137,748.1764498,552,2413,1.204333333,0.358472128,0.885,1.712,465.6666667,30.4609039,420,Fry
2859,0,33.75166667,0.019407902,64.51166667,0.911688909,941.6666667,733.410299,500,2413,1.098333333,0.337389784,0.885,1.712,475.6666667,38.88272967,420,Fry
2860,0,33.75666667,0.025033311,64.57666667,0.90575199,602.1666667,174.9564708,376,871,0.9585,0.158762401,0.873,1.281,483.8333333,47.03792796,420,Fry
2861,0,33.76166667,0.02857738,65.08166667,0.672113582,498.8333333,167.3492356,251,730,0.9875,0.229559361,0.873,1.455,500,36.11094017,449,Curry
2862,0,33.78333333,0.044572039,65.54833333,0.804820891,500.3333333,168.3029015,251,730,1.276,0.693628142,0.873,2.616,543.1666667,84.85615279,463,Curry
2863,0,33.82,0.073212021,65.64,0.755592483,497.6666667,164.0081299,251,714,1.751833333,1.188493234,0.873,3.757,582.3333333,94.17572228,506,Curry
2864,0,33.85833333,0.087958323,65.97666667,0.971569177,583.6666667,287.2090992,251,1068,2.1685,1.273322229,0.873,3.757,616.8333333,98.43864417,517,Curry
2865,0,33.90333333,0.106895588,66.345,1.140714688,720.8333333,409.6756847,251,1323,2.713833333,1.316695928,0.873,4.163,666.3333333,116.1114407,517,Curry
2866,0,33.955,0.115715168,66.92,0.986650901,805.6666667,375.2416111,251,1323,3.450166667,1.316695928,1.455,5.291,717.5,116.9457139,517,Curry
2867,0,34.01333333,0.103473024,67.20166667,0.924454794,896.1666667,263.5795263,593,1323,4.162666667,1.169568581,2.616,5.73,777.5,80.02687049,698,Curry
2868,0,34.065,0.087806606,67.765,1.528826347,920,235.6718057,714,1323,4.7455,1.114711398,3.419,6.113,812.1666667,88.50178906,698,Curry
2869,0,34.11333333,0.091578746,68.57333333,1.379284839,896.8333333,264.9810685,575,1323,5.375333333,1.458939706,3.419,7.536,862.6666667,96.42129779,713,Curry
2870,0,34.15833333,0.078336879,69.055,1.341398524,803.8333333,289.66285,510,1323,6.08,1.341374221,4.163,7.647,908.5,73.74211822,822,Curry
2871,0,34.19166667,0.064316924,69.74833333,1.542393162,652.3333333,181.2431148,414,885,6.5645,0.989261694,5.291,7.647,931.1666667,61.76541643,847,Curry
2872,0,34.22333333,0.056450568,70.43166667,1.584353706,559.8333333,180.373409,330,794,7.012,0.901352983,5.73,7.976,960.6666667,55.47491926,877,Curry
2873,0,34.25333333,0.050859283,71.31166667,1.204432093,473.6666667,169.2839823,277,736,7.344333333,0.672745618,6.113,7.976,980.8333333,38.31666304,916,Curry
2874,0,34.275,0.032710854,71.67,1.151190688,391.8333333,131.5863468,245,575,7.6225,0.307910214,7.07,7.976,999.6666667,25.80439239,958,Curry
2875,0,32.465,0.019748418,61.205,0.471709656,20.83333333,1.169045202,19,22,0.432666667,0.053627108,0.371,0.513,479,36.95943723,447,Boil(Pressure Cooker)
2876,0,32.45666667,0.010327956,61.27166667,0.35153473,21.16666667,0.752772664,20,22,0.416666667,0.062140701,0.351,0.513,476.3333333,39.20034013,443,Boil(Pressure Cooker)
2877,0,32.45166667,0.009831921,61.19166667,0.395647149,21.5,1.048808856,20,23,0.409333333,0.07062483,0.327,0.513,471.3333333,45.1515965,417,Boil(Pressure Cooker)
2878,0,32.44333333,0.023380904,61.11,0.439272125,21.33333333,1.366260108,19,23,0.376166667,0.057759559,0.314,0.457,460.8333333,51.06629678,412,Boil(Pressure Cooker)
2879,0,32.435,0.028809721,60.99666667,0.467275793,21,1.414213568,19,23,0.353,0.058278641,0.294,0.457,450.3333333,58.23286586,393,Boil(Pressure Cooker)
2880,0,32.425,0.032710854,60.75166667,0.230687379,21,1.414213568,19,23,0.325,0.033340666,0.289,0.375,424.3333333,36.77861698,392,Boil(Pressure Cooker)
2881,0,32.40833333,0.03060501,60.75166667,0.230687379,20.83333333,1.47196015,19,23,0.311333333,0.024336529,0.289,0.351,408.5,19.98749609,392,Boil(Pressure Cooker)
2882,0,32.40333333,0.024221203,60.91333333,0.486360634,21.16666667,1.722401429,19,23,0.310333333,0.022429148,0.289,0.345,404.8333333,13.28783905,392,Boil(Pressure Cooker)
2883,0,32.40333333,0.024221203,61.09166667,0.622428041,21,1.549193344,19,23,0.3185,0.03506993,0.289,0.376,407.3333333,16.94304184,392,Boil(Pressure Cooker)
2884,0,32.41,0.028284271,61.28666667,0.664549973,21.5,1.224744878,20,23,0.335333333,0.052423913,0.289,0.415,411.6666667,21.17230896,392,Boil(Pressure Cooker)
2885,0,32.42666667,0.045460606,61.93833333,1.395341057,22.33333333,1.632993167,20,25,0.424333333,0.203581597,0.289,0.828,445,74.97732991,392,Boil(Pressure Cooker)
2886,0,32.44833333,0.054558837,62.49333333,1.331430309,22.83333333,1.940790221,20,25,0.550333333,0.309478055,0.293,1.045,484.5,99.79328635,394,Boil(Pressure Cooker)
2887,0,32.48,0.055136195,63.195,1.548286149,23.83333333,1.722401429,22,26,0.7005,0.371932655,0.345,1.194,527.6666667,108.4576722,421,Boil(Pressure Cooker)
2888,0,32.51833333,0.079603183,63.82666667,1.631326658,24.16666667,1.722401429,22,26,0.885833333,0.431622713,0.376,1.457,574.6666667,113.9520367,432,Boil(Pressure Cooker)
2889,0,32.55333333,0.084301048,64.27833333,1.336374449,24.83333333,1.47196015,22,26,1.079166667,0.417135669,0.415,1.536,619,97.96938297,438,Boil(Pressure Cooker)
2890,0,32.59333333,0.076332606,64.87833333,0.71182629,26.33333333,2.338090392,25,31,1.342666667,0.413009282,0.828,1.996,661.3333333,44.28393238,593,Boil(Pressure Cooker)
2891,0,32.63333333,0.080415587,65.315,1.133891529,29.33333333,7.061633429,25,43,1.747833333,0.809367016,1.045,3.259,686.8333333,40.99471511,629,Boil(Pressure Cooker)
2892,0,32.685,0.091815031,65.63666667,0.835671387,33.16666667,9.907909299,25,48,2.579833333,1.845264579,1.194,6.037,720.5,61.7114252,653,Boil(Pressure Cooker)
2893,0,32.73,0.084142736,65.84333333,0.893054683,36,9.879271229,25,48,3.2305,1.944501659,1.457,6.037,745.3333333,59.03784097,692,Boil(Pressure Cooker)
2963,0,34.49166667,0.034302575,63.22666667,1.672861819,2153.333333,535.1940458,1352,3016,5.055166667,0.463560748,4.538,5.806,963.8333333,86.26799329,834,Curry
2964,0,34.48,0.018973666,63.29333333,1.689043122,1866.666667,431.259396,1296,2311,4.946833333,0.300147575,4.538,5.25,943,64.32728814,834,Curry
2965,0,34.46833333,0.024832774,63.82833333,1.488696298,1683.5,438.1277211,1212,2126,4.8775,0.300470797,4.538,5.25,926.5,58.94658599,834,Curry
2966,0,34.485,0.048476799,65.015,1.588946192,1513.666667,447.3721791,1069,2126,5.148833333,0.557611842,4.609,6.166,965.3333333,62.46492349,901,Curry
2967,0,34.51666667,0.075542483,65.93666667,2.265627213,1306.166667,391.8384446,881,2027,5.521,0.81228074,4.703,6.842,1000.166667,76.18245642,902,Curry
2968,0,34.56,0.114717043,66.97166667,3.103413712,1082,259.2936559,682,1352,5.931666667,1.080303414,4.703,7.473,1042,126.0380895,902,Curry
2969,0,34.61833333,0.158671569,68.05,3.187406469,972.5,261.1870977,682,1296,6.4505,1.390457587,4.703,8.363,1107,172.7645797,902,Curry
2970,0,34.69,0.179443584,69.33833333,2.641472443,904.1666667,207.8012672,682,1212,7.065333333,1.513713403,4.703,8.845,1174,180.7252058,902,Curry
2971,0,34.78166667,0.159426054,70.57833333,1.519873898,852,144.8060772,682,1069,7.790833333,1.155913045,6.166,9.056,1257.833333,141.7863416,1067,Curry
2972,0,34.86833333,0.162655054,71.16333333,0.932602094,770.5,135.5621629,580,899,8.314833333,0.9696394,6.842,9.31,1317.166667,118.5384607,1110,Curry
2973,0,34.94666667,0.142641742,71.21833333,0.811034319,691,187.6571342,404,899,8.7885,0.782332602,7.473,9.684,1371,68.36373308,1247,Curry
2974,0,35.01333333,0.118096006,71.46666667,1.057443458,629.6666667,243.126853,314,899,9.048833333,0.443577013,8.363,9.684,1393.333333,31.93535136,1359,Curry
2975,0,35.065,0.098539332,71.50833333,1.037755591,556,283.0554716,253,899,9.126,0.324765146,8.826,9.684,1399.333333,27.22988554,1359,Curry
2976,0,35.115,0.078166489,71.45333333,1.045096487,441.3333333,261.1418516,198,899,9.251166667,0.339205198,8.826,9.684,1419.333333,34.71983103,1381,Curry
2977,0,35.16166667,0.063691967,71.4,1.012541357,322.8333333,149.292219,188,580,9.4085,0.435761288,8.826,10,1453.333333,83.49770456,1381,Curry
2978,0,35.195,0.070639932,71.36666667,1.007921955,254.1666667,90.54151902,168,404,9.5235,0.491987703,8.826,10,1484.5,102.6211479,1381,Curry
2992,0,35.24166667,0.029944393,70.89666667,1.256847909,348.1666667,111.8363388,233,519,6.167833333,0.667580832,5.486,7.003,1304.833333,74.25474171,1228,Fry
2993,0,35.265,0.054313902,71.10166667,1.037196542,292.6666667,90.74065608,186,439,6.311,0.578244239,5.639,7.003,1323,82.48393783,1228,Fry
2994,0,35.29666667,0.074475947,71.03166667,1.133673968,249,65.86956809,177,353,6.386666667,0.496672796,5.639,7.003,1350,70.86324858,1255,Fry
2995,0,35.32833333,0.075740786,70.62166667,1.810927019,326.5,244.3773721,177,818,6.484333333,0.358696901,6.093,7.003,1373.5,54.56280785,1265,Fry
2996,0,35.35833333,0.063691967,69.98166667,1.906645396,517,508.8665837,177,1429,6.449166667,0.378531064,6.093,7.003,1393.166667,13.28783905,1377,Fry
2997,0,35.38,0.052915026,69.42333333,1.863101357,664,545.5060036,177,1429,6.335,0.337827767,6.093,7.003,1388.666667,21.74089848,1350,Fry
2998,0,35.40166667,0.020412415,68.70333333,1.147565539,815.3333333,527.6819749,177,1429,6.193833333,0.085891598,6.093,6.345,1377.833333,22.18482965,1350,Fry
2999,1,32.68666667,0.010327956,60.35,0.054772256,31.16666667,1.471960151,29,33,1.2125,0.03476061,1.172,1.25,428,2.449489743,425,No Activity
3000,1,32.68666667,0.010327956,60.33333333,0.081649658,31.66666667,1.505545312,29,33,1.223666667,0.032537158,1.172,1.25,428.8333333,2.041241452,427,No Activity
3001,1,32.68333333,0.008164966,60.3,0.089442719,31.66666667,1.505545312,29,33,1.240833333,0.026422844,1.194,1.275,429.1666667,1.834847859,427,No Activity
3002,1,32.68166667,0.009831921,60.3,0.089442719,31.66666667,1.505545312,29,33,1.2555,0.018447222,1.237,1.282,429.8333333,1.602081979,427,No Activity
3003,1,32.68,0.010954451,60.3,0.089442719,31.66666667,1.505545312,29,33,1.256833333,0.017634247,1.237,1.282,430.5,0.836660027,429,No Activity
3004,1,32.68,0.010954451,60.34833333,0.183348484,31.5,1.643167679,29,33,1.261666667,0.014868311,1.246,1.282,431.3333333,2.422120283,429,No Activity
3005,1,32.675,0.005477226,60.39666667,0.205004065,31.83333333,1.169045203,30,33,1.264666667,0.013822687,1.246,1.282,432.5,3.619392214,429,No Activity
3006,1,32.67333333,0.005163978,60.46166667,0.19156374,31.33333333,1.21106015,30,33,1.269666667,0.010819735,1.251,1.282,433.8333333,3.970726214,429,No Activity
3007,1,32.67166667,0.004082483,60.52666667,0.145693743,30.83333333,1.471960151,29,33,1.272166667,0.013658941,1.251,1.29,435.8333333,4.070217029,431,No Activity
3008,1,32.67166667,0.004082483,60.59166667,0.105908766,30.33333333,1.032795569,29,32,1.274,0.015811388,1.251,1.293,438.1666667,4.708148964,431,No Activity
3078,1,34.11333333,0.070047603,63.87166667,1.584972134,45.83333333,2.926886859,41,49,3.6625,1.304064684,2.082,5.38,884,175.704297,638,Curry
3079,1,34.07666667,0.089368152,63.34,1.54866394,45.33333333,2.732520208,41,49,3.209,1.032100383,2.082,4.576,821.3333333,166.7748982,638,Curry
3109,0,33.78833333,0.241032501,69.96,2.98764121,57,5.865151321,50,64,5.826666667,3.812611109,1.612,9.865,1063.666667,284.05821,757,Boil
3110,0,33.69166667,0.24579802,69.12333333,2.440800415,55.66666667,6.218252704,50,64,4.437333333,3.556974482,1.529,9.865,969.8333333,241.29933,757,Boil
3111,0,33.595,0.200773504,68.17333333,1.151219643,52.33333333,6.218252704,44,63,3.013166667,2.50395826,1.32,7.831,875.8333333,121.0246531,757,Boil
3112,0,33.50666667,0.118265239,68.005,0.911081775,50,3.405877276,44,54,1.921833333,0.892742161,1.283,3.627,833.3333333,47.02623381,757,Boil
3113,0,33.45166667,0.063060817,67.92833333,0.911754718,48.5,3.27108545,44,52,1.5105,0.358913221,1.159,2.16,824.6666667,34.8291066,757,Boil
3114,0,33.415,0.040373258,67.75333333,1.308260932,46.83333333,3.656045225,42,51,1.316166667,0.229095104,0.994,1.612,819.6666667,46.63761,727,Boil
3115,0,33.39,0.051768716,67.285,1.509380668,45.5,3.728270379,42,51,1.192166667,0.238118808,0.868,1.529,803.8333333,59.92133732,727,Boil
3116,0,33.36833333,0.05382069,66.80166667,1.50296263,43.33333333,3.669695721,38,49,1.082,0.201151684,0.868,1.32,781,70.78700446,698,Boil
3150,0,34.21833333,0.189464157,61.405,0.657472433,1846.5,819.0960261,878,2872,3.8535,1.115178865,2.612,4.972,790.8333333,160.3389119,592,Curry
3151,0,34.28166667,0.185409457,61.59,0.653238088,1828.666667,844.8966012,781,2872,4.064666667,0.939137832,2.803,4.972,840.1666667,129.4965894,664,Curry
3152,0,34.34333333,0.151349485,61.67666667,0.630005291,1568.666667,976.6689647,534,2872,4.259166667,0.72112091,3.134,4.972,874,96.60641801,691,Curry
3153,0,34.385,0.094815611,61.75333333,0.554677083,1142,843.5256961,312,2466,4.393,0.515829429,3.879,4.972,894.3333333,53.69419584,813,Curry
3154,0,34.39833333,0.073598007,62.06166667,0.907643469,780.8333333,588.6769629,299,1881,4.4415,0.580413904,3.879,5.171,897.5,58.28121481,813,Curry
3155,0,34.395,0.076615925,62.375,0.76938287,501,278.404023,202,878,4.562666667,0.711306029,3.879,5.447,906,70.44430424,813,Curry
3156,0,34.36333333,0.048853523,62.41333333,0.789497731,388.3333333,227.4437659,202,781,4.641833333,0.788247275,3.879,5.447,924.8333333,80.07850315,813,Curry
3157,0,34.35,0.036331804,62.495,0.76821221,286.8333333,133.7556229,172,534,4.9805,0.83034541,3.937,5.911,950.6666667,90.1835166,813,Curry
3158,0,34.34666667,0.028751812,62.59333333,0.687274812,217.5,74.86454435,118,312,5.2805,0.708458538,3.937,5.911,987.6666667,94.43233909,813,Curry
3159,0,34.36666667,0.058195074,62.82,0.405067896,190.5,62.0894516,118,299,5.502,0.286500262,5.171,5.911,1044.166667,66.22814105,973,Curry
3160,0,34.39333333,0.068313005,62.84833333,0.466022174,162.3333333,35.78640338,118,202,5.4935,0.298778011,5.12,5.911,1072.333333,65.8442607,1004,Curry
3161,0,34.485,0.202854628,63.98666667,2.82781659,170.6666667,49.90657939,118,252,6.135166667,1.577363296,5.12,9.297,1145.833333,157.1463225,1004,Curry
3162,0,34.58333333,0.250173273,65.15666667,3.608072431,170.8333333,50.03365534,118,252,6.826666667,2.053053109,5.12,9.596,1219.666667,179.6392682,1043,Curry
3163,0,34.685,0.260134581,66.41333333,3.817253812,166.6666667,50.94964835,118,252,7.508166667,2.346063973,5.12,10,1302.666667,195.990476,1089,Curry
3164,0,34.73,0.221449769,66.48833333,3.724510259,194.8333333,63.76650113,130,287,7.394833333,2.460460153,5.09,10,1265.5,256.4361519,866,Fry
3165,0,34.76166667,0.187874071,66.435,3.789273017,298.5,239.5669009,130,772,7.437,2.418490107,5.09,10,1227.166667,291.5787487,866,Fry
3166,0,34.78333333,0.153188337,65.975,4.318290171,405.5,287.7768233,147,772,7.38,2.487077401,4.778,10,1190.5,317.1427124,866,Fry
3167,0,34.73833333,0.158671569,64.51833333,4.292576926,451.8333333,280.4050047,147,772,6.626833333,2.474660576,4.778,10,1086.833333,318.9679712,823,Fry
3168,0,34.67,0.152970585,63.26333333,3.42886959,517.5,255.50636,147,772,5.741333333,2.125684235,4.283,10,980.6666667,278.5646544,810,Fry
3169,0,34.595,0.070356236,61.975,0.818382551,585.1666667,180.5186048,287,772,4.7885,0.476615883,4.283,5.519,858.8333333,53.07510402,810,Fry
3170,0,34.56166667,0.074944424,61.86666667,0.726819556,613.1666667,131.3551166,455,772,4.555333333,0.620196313,3.691,5.519,846.5,59.30851541,792,Fry
3171,0,34.52333333,0.073393914,61.92,0.791454357,542.6666667,142.1304565,349,772,4.132166667,0.693082799,2.98,4.778,822.8333333,50.88975011,780,Fry
3172,0,34.48166667,0.084478794,62.29833333,0.771606549,454.5,135.3303366,243,597,3.699,0.966827596,2.179,4.778,796.6666667,21.68563272,765,Fry
3173,0,34.43333333,0.079162281,62.64833333,0.435174295,396,168.0702234,179,597,3.207333333,1.054491473,1.828,4.283,781.6666667,29.53416101,733,Fry
3174,0,34.39666667,0.087101473,62.86333333,0.554641025,321.1666667,160.4623528,148,553,2.7655,1.068931944,1.632,4.283,769.5,30.54668558,733,Fry
3175,0,34.365,0.070639932,63.19166667,0.736244977,254.5,123.7800469,148,455,2.317833333,0.845367474,1.597,3.691,759.8333333,23.54074482,733,Fry
3176,0,34.34166667,0.048751068,63.73333333,0.967112541,215.3333333,75.35692846,148,349,2.082,0.520709132,1.597,2.98,766.1666667,35.82968974,733,Fry
3177,0,34.32833333,0.024832774,64.15666667,1.040493473,218.6666667,82.55099434,148,369,2.109666667,0.579100912,1.597,3.146,789.8333333,73.68966459,733,Fry
3178,1,32.61666667,0.025819889,63.48,0.054772256,32.5,2.258317963,29,36,0.396833333,0.019823387,0.368,0.416,416,2.280350851,412,No Activity
3179,1,32.62166667,0.024832774,63.49666667,0.051639778,33.33333333,1.505545313,32,36,0.398833333,0.021912706,0.368,0.422,416.6666667,2.804757863,412,No Activity
3180,1,32.63,0.02,63.51333333,0.040824829,33.66666667,1.366260111,32,36,0.400333333,0.023415095,0.368,0.423,418,4.049691347,412,No Activity
3181,1,32.63833333,0.004082483,63.51333333,0.040824829,33.5,1.643167679,31,36,0.397666667,0.022150997,0.368,0.423,419.1666667,4.665476039,412,No Activity
3182,1,32.63833333,0.004082483,63.51333333,0.040824829,32.66666667,1.366260111,31,34,0.398333333,0.022042383,0.368,0.423,420.5,4.722287582,412,No Activity
3183,1,32.63666667,0.005163978,63.53,0,32.33333333,1.505545313,31,34,0.4025,0.016932218,0.38,0.423,422.5,2.345207881,419,No Activity
3184,1,32.63666667,0.005163978,63.545,0.036742346,32.33333333,1.505545313,31,34,0.4045,0.014237275,0.392,0.423,423.5,1.760681688,420,No Activity
3185,1,32.64666667,0.013662601,63.69,0.146150607,31.5,0.83666004,31,33,0.407,0.014436066,0.392,0.423,434.1666667,10.7966044,424,Reheat
3186,1,32.64833333,0.013291601,63.755,0.147478812,31.66666667,0.816496595,31,33,0.410833333,0.01430268,0.392,0.423,437.3333333,9.973297683,424,Reheat
3187,1,32.65666667,0.015055453,63.93333333,0.340978983,32.33333333,1.505545313,31,35,0.695166667,0.687828297,0.392,2.099,454.1666667,35.51009246,425,Reheat
3188,1,32.67166667,0.031251667,64.145,0.475299905,32.16666667,1.471960152,31,35,1.2675,1.421995323,0.418,3.826,497.1666667,96.66936778,443,Reheat
3189,1,32.68833333,0.042150524,64.34,0.549508872,32.5,1.378404884,31,35,2.036,1.999701578,0.419,5.029,543.1666667,127.6000261,443,Reheat
3190,1,32.71333333,0.056803756,64.56833333,0.574296671,32.66666667,1.211060151,32,35,2.9185,2.290597717,0.42,5.714,599.5,148.0374953,443,Reheat
3191,1,32.755,0.096488341,64.74166667,0.445843769,32.66666667,1.211060151,32,35,3.739166667,2.091091525,0.42,5.714,643.1666667,130.2097027,443,Reheat
3192,1,32.80666667,0.110935417,65.19333333,0.729456419,32.66666667,1.211060151,32,35,4.404333333,1.314772325,2.099,5.714,689.5,87.04424162,525,Reheat
3193,1,32.85333333,0.10576704,65.36666667,0.682309803,32.66666667,1.211060151,32,35,4.809166667,0.687098659,3.826,5.714,722.1666667,32.90238087,683,Reheat
3194,1,32.89833333,0.100083299,65.37833333,0.673065128,32.33333333,1.632993169,30,35,4.905166667,0.548524354,4.402,5.714,727.5,27.42079503,705,Reheat
3195,1,32.94,0.074833148,65.34166667,0.703744745,33,2.529822133,30,37,4.715333333,0.678734607,3.89,5.714,720.1666667,34.48139595,677,Reheat
3196,1,33.01,0.035777088,64.79833333,0.531504155,42.16666667,9.325592029,30,52,3.633833333,0.795108148,2.441,4.528,683,30.8609786,642,Reheat
3197,1,33.03,0.035777088,64.555,0.382400314,45.66666667,10.01332446,30,56,3.419,0.669391365,2.441,4.402,671.1666667,26.70892485,642,Reheat
3198,1,33.04166667,0.035449495,64.39166667,0.38410502,58.83333333,25.40406792,37,109,3.083333333,0.576378926,2.388,3.89,659.6666667,17.23562203,642,Reheat
3199,1,33.07333333,0.03204164,64.53166667,0.4641731,132.8333333,112.1987819,48,325,2.84,0.401659059,2.388,3.37,670.1666667,27.98868819,642,Reheat
3200,1,33.09333333,0.029439203,64.54333333,0.454342015,161.6666667,109.1506604,48,325,2.924166667,0.351050091,2.388,3.37,681.5,28.06955646,646,Reheat
3201,1,33.10666667,0.034448029,64.34333333,0.496413806,170.6666667,99.72294955,56,325,2.942166667,0.380052847,2.388,3.478,683.1666667,28.54061434,646,Reheat
3215,0,31.49666667,0.021602469,70.86,0.16721244,35.16666667,1.602081986,33,37,1.281166667,0.088891882,1.179,1.384,1012.166667,25.44340124,983,No Activity
3216,0,31.50666667,0.013662601,70.77833333,0.180822196,35.16666667,1.602081986,33,37,1.2445,0.083181128,1.164,1.349,1004.166667,22.71930163,983,No Activity
3217,0,31.515,0.016431677,70.69666667,0.202550405,34.66666667,1.366260111,33,37,1.210333333,0.073172855,1.144,1.349,996.3333333,15.1481572,983,No Activity
3218,0,31.52,0.010954451,70.615,0.182619824,34.5,1.643167679,32,37,1.170666667,0.03992326,1.111,1.213,989,6.899275324,981,No Activity
3219,0,31.52666667,0.015055453,70.58166667,0.192916217,34.5,1.643167679,32,37,1.147666667,0.049305848,1.075,1.213,984.5,7.092249291,973,No Activity
3220,0,31.53833333,0.024013885,70.515,0.23010867,34.33333333,1.632993169,32,37,1.105,0.081630877,0.957,1.179,977.3333333,17.76138133,944,No Activity
3221,0,31.555,0.038858718,70.54166667,0.290545464,34,1.67332006,32,37,1.067166667,0.092371893,0.952,1.164,973.8333333,18.4761107,944,No Activity
3222,0,31.575,0.047222876,70.47,0.337342556,33.5,0.83666004,32,34,1.025833333,0.095798573,0.916,1.144,970.1666667,16.46106517,944,Boil
3223,0,31.58833333,0.04665476,70.235,0.675596033,33.5,0.83666004,32,34,0.982833333,0.089869721,0.886,1.111,966.3333333,12.58040805,944,Boil
3224,0,31.605,0.033316662,70,0.816406761,33.83333333,0.408248319,33,34,0.945333333,0.070562502,0.886,1.075,964.3333333,10.57670396,944,Boil
3225,0,31.59833333,0.047504386,69.19833333,1.912259571,34,0.63245555,33,35,0.869166667,0.126823368,0.618,0.957,923.5,96.26370032,728,Boil
3226,0,31.58666667,0.059888786,68.43,2.29335562,34,0.63245555,33,35,0.812666667,0.152733319,0.618,0.952,864.8333333,164.4109688,592,Boil
3227,0,31.55333333,0.087101473,67.52,2.096854788,34.16666667,0.408248319,34,35,0.7415,0.17296676,0.525,0.916,793.5,202.3034849,534,Boil
3228,0,30.66333333,0.041793141,68.44666667,0.616917066,100.5,84.07794003,40,218,0.623833333,0.314086878,0.341,1.053,504.8333333,35.0052377,461,Boil
3229,0,30.66333333,0.041793141,68.775,0.600191636,127,86.22528631,42,218,0.736166667,0.325882443,0.341,1.053,518.6666667,30.30291515,463,Boil
3230,0,30.66666667,0.043204938,69.02,0.568753022,144,75.5036423,47,218,0.8535,0.278429704,0.415,1.053,532.1666667,14.42798207,510,Boil
3231,0,30.68333333,0.060553007,69.05333333,0.598453563,153.8333333,63.18042946,57,218,1.015,0.253088917,0.592,1.384,541.3333333,14.98888477,521,Boil
3232,0,30.70666667,0.033862467,69.13,0.510215641,154.8333333,61.36258361,63,218,1.064166667,0.169245876,0.887,1.384,539.5,18.28387268,510,Boil
3233,0,30.72166667,0.03920034,69.34333333,0.39307336,130.8333333,59.85788726,63,199,1.128166667,0.197255587,0.887,1.384,541.3333333,17.68238295,510,Boil
3234,0,30.73833333,0.044007575,69.32666667,0.417500499,108,54.54906049,62,199,1.192333333,0.228118975,0.887,1.438,540.1666667,17.70216559,510,Boil
3235,0,30.76333333,0.052788888,69.52333333,0.721960294,85.83333333,32.90238087,62,144,1.336833333,0.355280969,0.887,1.912,548.8333333,29.04766198,510,Boil
3236,0,30.78833333,0.046224092,69.72,0.880522572,72.83333333,16.78590679,62,106,1.481333333,0.387683204,0.887,1.912,557.5,34.55285806,510,Boil
3237,0,30.79666667,0.046761808,69.835,0.901814837,64.5,5.924525299,56,74,1.5375,0.395102392,0.887,1.912,561.8333333,37.20976574,510,Boil
3238,0,30.81,0.028284271,70.16166667,0.796402327,62.66666667,7.865536643,52,74,1.563833333,0.345188306,1.045,1.912,575.3333333,28.26069119,537,Boil
3239,0,30.815,0.021679483,70.34166667,0.78502017,59,6.542170895,52,66,1.512166667,0.401331492,1.045,1.912,583.6666667,22.99275248,537,Boil
3240,0,30.815,0.021679483,70.53833333,0.340494738,56.16666667,8.400396817,45,66,1.391833333,0.519005748,0.716,1.912,591,5.477225575,581,Boil
3241,0,30.79833333,0.033714487,70.26,0.662842364,52.5,8.043631022,44,66,1.267666667,0.454820258,0.716,1.912,585.6666667,11.69045194,564,Curry
3242,0,30.77166667,0.05231316,69.9,0.890842298,48.83333333,5.154286244,44,56,1.113333333,0.333336267,0.716,1.721,580.3333333,13.23127608,564,Curry
3243,0,30.74833333,0.057416606,69.62166667,1.008928475,46.83333333,4.020779363,44,52,0.990833333,0.149988555,0.716,1.167,575.8333333,13.46724421,564,Curry
3244,0,30.72833333,0.056715665,69.58833333,0.966610918,46,3.162277664,44,52,0.999166667,0.154908252,0.716,1.167,563,26.50283004,514,Curry
3245,0,30.715,0.044609416,69.70333333,1.155121927,46,3.162277664,44,52,1.142666667,0.404147333,0.716,1.906,566.8333333,32.37540219,514,Curry
3246,0,30.70166667,0.025625508,69.67,1.148755849,46.5,3.209361311,44,52,1.3355,0.434720485,0.986,1.906,572.3333333,37.63863264,514,Curry
3247,0,30.69666667,0.018618987,69.63833333,1.170682137,46.83333333,2.994439295,44,52,1.319166667,0.444058292,0.986,1.906,563.3333333,45.63624291,510,Curry
3248,0,30.70333333,0.018618987,69.72,1.097743139,46.83333333,2.994439295,44,52,1.2845,0.481786156,0.778,1.906,549.5,56.64538816,481,Curry
3249,0,30.705,0.016431677,69.67,1.164319544,46.66666667,3.204163961,43,52,1.223833333,0.545584243,0.622,1.906,533.6666667,64.51253108,469,Curry
3250,0,30.70333333,0.019663842,69.27833333,1.203684621,45.83333333,3.710345899,42,52,1.132833333,0.612768608,0.549,1.906,524.3333333,71.58957094,458,Curry
3251,0,30.69,0.030331502,68.75333333,0.615553951,44.5,2.167948344,42,48,0.893166667,0.52478621,0.468,1.873,497.8333333,60.2973189,455,Curry
3252,0,30.67833333,0.034302575,68.49166667,0.388917301,43.66666667,1.36626011,42,46,0.660333333,0.230516521,0.468,1.069,471,21.78990592,453,Curry
3253,0,30.66666667,0.0332666,68.37666667,0.347371079,43.16666667,0.752772668,42,44,0.5615,0.121697576,0.468,0.778,461.5,11.27386358,453,Curry
3254,0,30.655,0.020736441,68.21333333,0.070898989,43,0.63245555,42,44,0.511333333,0.061998925,0.468,0.622,456.8333333,6.274286148,453,Curry
3255,0,30.64833333,0.011690452,68.18166667,0.072226496,43,0.63245555,42,44,0.487166667,0.030485516,0.468,0.549,454.1666667,2.041241454,453,Curry
3256,0,30.63833333,0.014719601,68.20333333,0.094798031,43.16666667,0.408248318,43,44,0.455,0.048620983,0.356,0.477,451.6666667,4.3204938,443,Curry
3257,0,30.63333333,0.018618987,68.21,0.103150376,43,0,43,43,0.436333333,0.062227539,0.356,0.477,449.6666667,5.163977795,443,Curry
3258,0,30.60833333,0.060800219,68.165,0.154499191,42.16666667,2.041241458,38,43,0.41,0.07433707,0.318,0.477,447,6.928203231,437,Curry
3259,0,30.97,0.154142791,68.765,1.450555066,36,1.264911073,34,38,5.533333333,2.124014752,2.681,9.031,953.8333333,267.5013396,649,Boil(Pressure Cooker)
3260,0,31.075,0.178745629,68.89666667,1.368059453,35.5,0.83666004,34,36,6.753166667,2.25586076,4.183,10,1045.5,234.3294689,754,Boil(Pressure Cooker)
3261,0,31.15,0.18,68.81,1.445918393,35.83333333,1.329160144,34,38,6.553,2.39786113,4.183,10,1023.833333,251.0079016,754,Boil(Pressure Cooker)
3262,0,31.21333333,0.175004762,68.76666667,1.469403507,35.83333333,1.329160144,34,38,6.4455,2.440929638,4.183,10,1034.5,244.5418165,754,Boil(Pressure Cooker)
3263,0,31.28166667,0.130754222,68.75666667,1.479346703,35.66666667,1.366260111,34,38,6.720333333,2.217880219,4.677,10,1051.5,223.8086236,814,Boil(Pressure Cooker)
3264,0,31.33333333,0.066231916,68.46833333,1.419061897,36,1.095445125,35,38,6.653333333,2.270714836,4.677,10,1023.333333,225.6011229,814,Boil(Pressure Cooker)
3265,0,31.365,0.016431677,67.89,0.363097783,36.33333333,1.366260111,35,38,6.118666667,1.954567642,4.677,10,951.3333333,133.972634,814,Boil(Pressure Cooker)
3266,0,31.36,0.018973666,67.585,0.500789377,37,1.549193346,35,39,5.421166667,0.491955452,4.677,5.832,891.6666667,61.99569878,814,Boil(Pressure Cooker)
3267,0,31.35166667,0.034302575,67.43833333,0.629044249,36.83333333,1.471960152,35,39,5.306,0.726145991,3.986,5.832,877.5,87.68295159,729,Boil(Pressure Cooker)
3268,0,31.33666667,0.047187569,67.395,0.590381233,37,1.41421357,35,39,4.761333333,1.491611567,2.101,5.832,837.8333333,107.5163553,698,Boil(Pressure Cooker)
3269,0,31.315,0.057532599,67.38333333,0.588342304,37.33333333,1.03279557,36,39,4.057,1.841619613,1.606,5.823,802,133.04736,641,Boil(Pressure Cooker)
3270,0,31.285,0.073959448,67.32333333,0.528154018,37.83333333,0.983192092,37,39,3.409166667,2.103903935,1.124,5.823,746.3333333,133.1310132,607,Boil(Pressure Cooker)
3271,0,31.24833333,0.065548964,67.395,0.625899353,38.33333333,1.632993169,37,41,2.607333333,1.907577277,1.012,5.815,686.1666667,91.11403112,601,Boil(Pressure Cooker)
3272,0,31.22,0.053665631,67.65666667,0.583940636,38.66666667,1.966384166,37,41,1.806833333,1.149383907,1.012,3.986,646.1666667,55.11593841,601,Boil(Pressure Cooker)
3273,0,31.20166667,0.042622373,67.95,0.394461658,38.83333333,1.834847865,37,41,1.297,0.462855485,0.927,2.101,627.6666667,37.59609909,601,Boil(Pressure Cooker)
3274,0,31.18,0.032863353,68.015,0.384954543,39.16666667,1.602081986,37,41,1.0835,0.27524371,0.82,1.606,612.6666667,15.21402861,601,Boil(Pressure Cooker)
3275,0,31.15333333,0.038815804,68.05333333,0.322655647,39.16666667,1.602081986,37,41,0.941166667,0.137207021,0.752,1.124,607.1666667,6.242328626,601,Boil(Pressure Cooker)
3276,0,31.13833333,0.043550737,68.20666667,0.305068298,39,1.67332006,37,41,0.881,0.118931913,0.752,1.012,607.3333333,6.250333325,601,Boil(Pressure Cooker)
3277,0,31.125,0.044158804,68.17833333,0.310317042,38.83333333,1.471960152,37,41,0.8315,0.115254067,0.715,1.012,602.5,15.8965405,572,Curry
3278,0,31.12,0.039496835,68.22666667,0.341037632,39,1.788854388,37,42,0.770166667,0.096356456,0.644,0.927,597.1666667,21.03726852,569,Curry
3279,0,31.11333333,0.029439203,68.24333333,0.35455136,39.33333333,1.751190078,37,42,0.719166667,0.075459702,0.621,0.82,588,22.09977375,563,Curry
3280,0,31.115,0.031464265,68.11166667,0.5153025,69.66666667,74.15838905,37,221,0.806666667,0.269827105,0.621,1.345,486.6666667,239.2385142,0,Curry
3281,0,31.13,0.032863353,68.12333333,0.503970899,208.6666667,332.4573156,38,871,0.911166667,0.353012417,0.621,1.379,476.3333333,234.2363479,0,Curry
3282,0,31.14333333,0.029439203,68.01833333,0.458363029,269,328.1097377,40,871,0.990833333,0.366563728,0.621,1.379,464.1666667,227.8380273,0,Curry
3283,0,31.16333333,0.026583203,68.145,0.564827407,309.1666667,308.6431057,40,871,1.3555,0.831174049,0.621,2.903,490.6666667,250.9618829,0,Curry
3284,0,31.17666667,0.03204164,68.12833333,0.552898423,349,281.495293,40,871,1.809833333,1.074031362,0.621,3.37,517.6666667,269.1316902,0,Curry
3285,0,31.19,0.030331502,68.11166667,0.540089499,371.5,256.1075946,175,871,2.268,1.051571396,1.241,3.37,539.5,278.6888946,0,Curry
3286,0,31.21,0.037416574,68.34166667,0.4279447,398.3333333,245.3957348,175,871,2.617333333,1.031582215,1.241,3.441,668.3333333,102.1874095,535,Curry
3287,0,31.23833333,0.059132619,68.47166667,0.311153767,342.1666667,124.2246621,175,534,2.9655,0.869902696,1.241,3.468,702.1666667,85.8892698,535,Curry
3288,0,31.27666667,0.077631609,68.89166667,0.780523329,451.8333333,320.6464824,175,1058,3.321166667,0.209021929,2.903,3.468,750,43.75385697,694,Curry
3289,0,31.31333333,0.090700974,69.09833333,0.911008599,589.1666667,399.5874956,175,1105,3.352666667,0.134276828,3.092,3.468,771.6666667,61.18060695,694,Curry
3290,0,31.35333333,0.094162979,69.32166667,0.874995238,664.3333333,371.4526439,175,1105,3.269166667,0.237466138,2.869,3.468,789.6666667,62.69183892,694,Curry
3291,0,31.40166667,0.086120071,69.74166667,0.956627758,734.5,291.7421807,382,1105,3.2415,0.232996781,2.869,3.468,824.8333333,57.23780802,749,Curry
3292,0,31.44666667,0.073120904,70.08,0.878840145,744.8333333,277.5106605,444,1105,3.289333333,0.30152656,2.869,3.728,847.5,59.49033535,749,Curry
3293,0,31.48,0.058991525,70.35166667,0.445035579,711.3333333,317.3273809,333,1105,3.303166667,0.313046589,2.869,3.728,870.6666667,35.81433605,822,Curry
3294,0,31.50333333,0.047609523,70.30166667,0.448616391,590.5,296.2558016,333,1105,3.3325,0.328964892,2.869,3.728,881.6666667,26.90477033,839,Curry
3295,0,31.52166667,0.03250641,70.38333333,0.440348347,451,179.6507723,268,732,3.354666667,0.313642259,2.869,3.728,878.1666667,31.16033804,839,Curry
3296,0,31.53,0.015491933,70.25333333,0.699847602,358.5,145.7048386,177,596,3.289,0.448090616,2.475,3.728,854.3333333,81.36010488,696,Curry
3297,0,31.51833333,0.040207794,69.68166667,1.228208723,288.6666667,103.3685961,177,444,2.998,0.876490274,1.458,3.728,819.5,98.3051372,696,Curry
3298,0,31.49,0.070427267,69.04333333,1.522046867,229.5,98.14224371,89,333,2.560333333,1.072732896,1.102,3.551,757.6666667,139.0045563,538,Curry
3299,0,31.43666667,0.125006666,68.78833333,1.424604039,184.6666667,102.7398008,64,333,2.088166667,1.168666149,0.718,3.551,697.6666667,148.8430941,528,Curry
3309,0,31.29666667,0.089144078,67.87666667,1.218403327,40,3.098386681,35,44,1.535166667,0.558428659,0.758,2.26,614.5,72.87454974,510,Curry
3310,0,31.31666667,0.104817301,67.28333333,1.068993296,38.5,2.949576245,35,41,1.388333333,0.636091084,0.758,2.26,595.5,77.42544801,510,Curry
3311,0,31.335,0.112738636,66.85333333,1.258883103,37.5,2.949576245,35,41,1.109333333,0.536646873,0.586,1.782,572.1666667,70.15245303,510,Curry
3312,0,31.35166667,0.112145739,66.375,1.128658496,36.5,2.509980084,35,41,0.9065,0.455394225,0.565,1.782,547.8333333,56.81343738,510,Curry
3338,0,31.62166667,0.134672442,65.38,0.774958063,95.16666667,140.04773,35,381,2.168333333,0.362577256,1.607,2.653,573.6666667,284.3523636,0,Fry
3339,0,31.67666667,0.146787829,65.425,0.752509136,152.6666667,176.8781125,35,381,2.0625,0.499805062,1.332,2.653,456.5,356.1683591,0,Fry
3340,0,31.73166667,0.151580562,65.35,0.805928036,241.6666667,231.6857067,38,569,1.926,0.492459135,1.332,2.653,444.6666667,347.6985284,0,Fry
3341,0,31.77833333,0.129679091,65.15,1.039961538,326,234.7952299,40,569,1.782666667,0.525028253,1.328,2.653,432.1666667,340.6343592,0,Fry
3342,0,31.82166667,0.086351993,65.12833333,1.026477796,451.6666667,252.2377186,41,794,1.667833333,0.498298471,1.328,2.653,418.1666667,331.6464483,0,Fry
3343,0,31.85333333,0.020655911,64.93166667,0.708107807,647.5,317.355794,381,1216,1.472333333,0.124026879,1.328,1.607,388.3333333,301.6578636,0,Fry
3351,0,31.985,0.059581876,64.175,1.0863655,784.6666667,979.7637811,110,2696,3.432833333,0.811886055,2.531,4.733,752.8333333,115.3506249,613,Reheat
3352,0,31.97666667,0.055377492,64.04333333,0.827880829,348.8333333,316.838392,81,948,3.03,0.613030179,2.316,3.928,707.3333333,103.1477904,613,Reheat
3353,0,31.96,0.024494897,64.255,0.968127058,204.3333333,133.7051482,81,390,2.761333333,0.479443705,2.316,3.516,661.8333333,54.81392767,613,Reheat
3354,0,31.96,0.024494897,64.565,0.866758328,152.5,104.4045018,79,324,2.624,0.473448202,2.298,3.516,641.6666667,43.07048487,613,Reheat
3355,0,31.18833333,0.013291601,70.16,0.131757353,61.83333333,1.834847865,59,63,0.360333333,0.009831921,0.346,0.373,435.6666667,4.844240567,427,No Activity
3356,0,31.185,0.012247449,70.20833333,0.113210718,62,2.000000006,59,64,0.361333333,0.008262364,0.352,0.373,438.6666667,3.881580435,433,No Activity
3357,0,31.185,0.012247449,70.24,0.054772256,61.83333333,1.940790223,59,64,0.358166667,0.009239408,0.348,0.373,440.8333333,3.710345896,437,No Activity
3358,0,31.18166667,0.009831921,70.28833333,0.105908766,62.16666667,2.316606719,59,65,0.355666667,0.00904802,0.348,0.373,442.8333333,4.400757511,439,No Activity
3359,0,31.18166667,0.009831921,70.32,0.131757353,61.83333333,2.316606719,59,65,0.355666667,0.00904802,0.348,0.373,446.1666667,7.440878085,439,No Activity
3360,0,31.18666667,0.015055453,70.30333333,0.155649178,62.83333333,2.136976062,60,65,0.4065,0.133043978,0.348,0.678,453.3333333,15.50053763,439,No Activity
3361,0,31.19333333,0.015055453,70.32,0.159248234,63.83333333,1.940790223,61,66,0.545333333,0.340376067,0.348,1.187,467.8333333,31.66964898,445,No Activity
3362,0,31.205,0.025884358,70.36833333,0.189464157,64.33333333,2.338090394,61,67,0.876833333,0.78828508,0.348,2.341,497.5,68.24880951,446,No Activity
3363,0,31.22166667,0.036560452,70.40166667,0.168216131,65.16666667,2.228601958,61,67,1.229666667,0.959440184,0.35,2.465,527,78.95061748,449,No Activity
3364,0,31.24333333,0.044572039,70.38666667,0.163788481,65.5,2.345207885,61,67,1.596833333,0.976847668,0.357,2.553,556,76.48790754,459,No Activity
3365,0,31.265,0.050497525,70.355,0.160468065,66.5,0.83666004,65,67,1.961333333,0.816570062,0.678,2.553,584,63.5295207,482,No Activity
3366,0,31.29166667,0.057416606,70.35,0.17052859,66.16666667,1.602081986,63,67,2.313666667,0.571342863,1.187,2.792,607.5,39.95872871,526,No Activity
3367,0,31.32333333,0.05573748,70.32666667,0.173512728,65.33333333,2.658320276,61,67,2.613166667,0.23406445,2.341,2.984,622.3333333,3.932768321,615,No Activity
3368,0,31.35833333,0.065548964,70.55,0.682026392,65.33333333,2.658320276,61,67,2.933166667,0.678352539,2.465,4.261,518.5,254.0423193,0,No Activity
3369,0,31.39,0.066030296,70.65833333,0.702834736,65.16666667,2.562550817,61,67,3.2385,0.822472066,2.544,4.297,529.1666667,260.5673937,0,Boil(Pressure Cooker)
3370,0,31.41666667,0.059217115,70.635,0.715730396,65,2.449489747,61,67,3.169666667,0.904507085,2.14,4.297,525.5,259.1337492,0,Boil(Pressure Cooker)
3371,0,31.44333333,0.047187569,70.515,0.835481897,64.5,2.258317963,61,67,3.084666667,0.994544653,2.034,4.297,516.6666667,255.8645475,0,Boil(Pressure Cooker)
3372,0,31.46666667,0.037237973,70.72666667,0.857733447,65.33333333,2.503331118,61,68,2.9505,1.091495259,1.987,4.297,510.8333333,253.3419955,0,Boil(Pressure Cooker)
3373,0,31.48666667,0.024221203,70.89166667,0.842790998,66.5,1.516575096,64,68,2.8615,1.109834357,1.987,4.297,510.6666667,253.2600771,0,Boil(Pressure Cooker)
3374,0,31.49666667,0.023380904,70.435,0.913515189,65.83333333,2.041241458,63,68,2.454333333,0.9267411,1.818,4.297,604,44.92215489,560,Boil(Pressure Cooker)
3375,0,31.505,0.020736441,70.32166667,0.864301259,65,2.828427129,61,68,2.023333333,0.259539335,1.711,2.45,582.8333333,22.13067253,560,Boil(Pressure Cooker)
3376,0,31.52,0.022803508,70.585,1.057255882,64.83333333,2.786873999,61,68,2.049,0.280178515,1.711,2.45,576,21.72556098,560,Boil(Pressure Cooker)
3377,0,31.54,0.038470768,71.265,1.495229079,65.16666667,2.786873999,61,68,2.363666667,0.813180587,1.711,3.922,599.6666667,60.98415095,560,Boil(Pressure Cooker)
3378,0,31.56333333,0.055377492,71.685,1.832929349,65.66666667,3.559026087,61,71,2.765833333,1.126113745,1.711,4.4,639.8333333,110.7906434,560,Boil(Pressure Cooker)
3379,0,31.58666667,0.062503333,72.08666667,1.974504157,65.66666667,3.559026087,61,71,3.132166667,1.340019465,1.711,4.648,676.1666667,133.9498662,560,Boil(Pressure Cooker)
3380,0,31.615,0.064730209,72.70166667,1.370319914,66.66666667,3.502380146,61,71,3.6735,1.358873614,1.711,5.066,731,143.8582636,560,Boil(Pressure Cooker)
3381,0,31.65166667,0.062423286,73.28333333,0.79926633,67.83333333,2.136976062,65,71,4.309166667,1.130035471,2.294,5.525,789,130.6751698,560,Boil(Pressure Cooker)
3382,0,31.68166667,0.051929439,73.62,0.380263067,68.83333333,1.940790223,66,71,4.901666667,0.719548933,3.922,5.849,847,73.37029372,716,Boil(Pressure Cooker)
3383,0,31.71,0.05138093,73.75166667,0.508032151,69.5,1.378404883,68,71,5.203666667,0.595745136,4.4,5.849,884.5,45.06328883,829,Boil(Pressure Cooker)
3384,0,31.73166667,0.04833908,73.76833333,0.513514037,68.83333333,1.471960152,67,71,5.3605,0.447204987,4.648,5.849,899,36.88902276,832,Boil(Pressure Cooker)
3385,0,31.75666667,0.04226898,73.57166667,0.742709005,68.16666667,2.483277409,64,71,5.441166667,0.317954347,5.066,5.849,913,16.89970414,889,Boil(Pressure Cooker)
3386,0,31.775,0.029495762,73.57166667,0.742709005,68.16666667,2.483277409,64,71,5.292166667,0.607009528,4.172,5.849,898,49.99599984,799,Boil(Pressure Cooker)
3387,0,31.78,0.024494897,73.32666667,0.864931597,68.16666667,2.483277409,64,71,5.051333333,0.762815224,4.08,5.849,876.5,68.97173334,779,Boil(Pressure Cooker)
3388,0,31.78333333,0.018618987,72.98333333,1.012001318,67.16666667,2.316606719,64,70,4.556166667,1.051227933,2.878,5.734,842.6666667,95.22324646,705,Boil(Pressure Cooker)
3389,0,31.77666667,0.025819889,72.705,0.718268752,65.66666667,2.943920293,61,69,4.032,1.12777214,2.589,5.341,797.1666667,103.6868683,668,Boil(Pressure Cooker)
3390,0,31.76833333,0.031885211,72.47666667,0.382709638,64.66666667,3.386246696,61,69,3.544,1.080570775,2.413,5.132,755.6666667,96.16998839,667,Boil(Pressure Cooker)
3391,0,31.75666667,0.025819889,72.495,0.384954543,65,3.405877276,61,69,3.187666667,0.755920807,2.413,4.172,719.6666667,56.31932765,667,Boil(Pressure Cooker)
3392,0,31.75333333,0.019663842,72.47833333,0.367228358,64,2.828427129,61,68,3.2175,0.804508981,2.413,4.351,733.3333333,83.03412953,667,Boil(Pressure Cooker)
3393,0,31.76,0.030331502,72.47833333,0.367228358,62.66666667,2.422120288,60,66,3.492833333,1.293068199,2.413,5.732,757,113.3543118,667,Boil(Pressure Cooker)
3394,0,31.76833333,0.036560452,72.57666667,0.174432413,62.33333333,2.160246905,60,66,3.9685,1.525675031,2.413,5.732,808.6666667,149.7259719,667,Boil(Pressure Cooker)
3440,0,33.245,0.043243497,74.66,1.2674857,160,26.14574535,142,206,6.734166667,0.576442336,6.129,7.489,1321.666667,19.37696227,1300,Boil
3441,0,33.25,0.033466401,73.99166667,2.050935559,144.1666667,20.97061436,111,177,6.450166667,1.100755816,4.45,7.489,1299.333333,63.61655969,1175,Boil
3442,0,33.225,0.081670068,73.85166667,2.207300765,133,17.54992878,110,148,5.799833333,1.641945239,3.223,7.489,1230,170.151697,907,Boil
3443,0,33.17666667,0.128944432,73.64666667,2.135262669,125.6666667,20.90613945,100,148,5.078166667,1.890531186,2.767,7.489,1161.333333,209.114004,900,Boil
3444,0,33.115,0.160093723,73.065,1.747234958,118,22.11786608,96,148,4.414,2.023925888,2.426,7.489,1080.333333,213.6358272,868,Boil
3445,0,33.04333333,0.162316563,72.48333333,1.449960919,110,17.23948955,96,143,3.527666667,1.506206051,2.171,6.129,1009.833333,181.3277879,868,Boil
3446,0,32.975,0.137222447,72.14833333,1.070652449,101.6666667,7.339391439,93,111,2.795833333,0.955591422,1.738,4.45,930.6666667,123.9042641,825,Boil
3447,0,32.91166667,0.09325592,72.47,0.805605362,98.5,6.565059027,92,110,2.3095,0.633665764,1.532,3.223,872.3333333,39.52551918,825,Boil
3448,0,32.87,0.057271284,72.655,0.657685335,94.83333333,4.750438579,88,100,2.027666667,0.510118679,1.532,2.767,858.6666667,39.31751094,825,Boil
3449,0,32.83666667,0.044121046,72.20333333,0.669258296,92,5.966573558,83,100,1.783333333,0.429963564,1.301,2.426,845.3333333,35.91471379,820,Boil
3450,0,32.80833333,0.049564772,71.70333333,1.167864147,88.5,8.6890736,75,100,1.552166667,0.385934407,1.039,2.171,813,76.18136255,674,Boil
3451,0,32.78166667,0.05845226,71.30166667,1.524957923,84.83333333,7.413950815,75,93,1.337166667,0.327073947,0.881,1.738,771.5,81.08945677,660,Boil
3452,0,32.75666667,0.055377492,70.93166667,1.443182825,82,6.899275326,75,92,1.186333333,0.31365565,0.833,1.532,745.3333333,85.57959258,660,Boil
3453,0,32.73166667,0.05492419,70.54,1.186069138,79.33333333,5.125101627,75,88,1.061,0.297748216,0.78,1.532,722.3333333,78.1042039,660,Boil
3454,0,32.695,0.057532599,70.165,0.607873342,77.16666667,3.060501052,75,83,0.926333333,0.212691012,0.724,1.301,699.1666667,60.10130337,660,Boil
3455,0,32.67333333,0.047187569,70.18166667,0.637947229,75.5,1.643167679,73,78,0.835166667,0.114579958,0.724,1.039,679.3333333,14.8548533,660,Boil
3456,0,32.65666667,0.040331956,70.31333333,0.596344419,75.83333333,1.722401431,73,78,0.791666667,0.056585039,0.724,0.881,686.5,20.90693665,660,Boil
3522,0,33.34666667,0.112901137,70.845,1.983499433,90.5,9.669539804,77,102,3.8105,1.259853126,1.885,5.147,853,186.2138556,687,Curry
3523,0,33.4,0.098792712,71.72,1.813427694,86.66666667,8.71014734,77,99,4.385166667,0.955526539,2.776,5.333,905,173.7319775,687,Curry
3524,0,33.45333333,0.079665969,72.20333333,1.384841748,83.5,6.503845018,77,95,4.826666667,0.614403342,3.888,5.425,960.8333333,140.2674826,687,Curry
3525,0,33.49833333,0.071949056,72.43666667,1.035464469,80.83333333,3.371448752,77,85,4.942833333,0.443575661,4.291,5.425,1009.666667,43.47259673,968,Curry
3526,0,33.535,0.073959448,72.21833333,0.894995344,80.16666667,2.714160402,77,85,4.982166667,0.38014335,4.527,5.425,1010.333333,43.30665846,968,Curry
3527,0,33.56333333,0.072018516,71.88666667,1.030391511,79.5,1.516575096,77,81,5.077833333,0.487100982,4.527,5.721,1009.333333,41.11285282,968,Curry
3528,0,33.58333333,0.046332134,71.28333333,2.107791894,78.83333333,2.994439295,73,81,4.980666667,0.583937554,4.293,5.721,981.3333333,95.76986304,800,Curry
3529,0,33.59166667,0.033115958,70.68,1.8089555,77.66666667,4.082482907,72,81,4.580333333,0.981866522,2.931,5.721,945.5,123.922153,784,Curry
3530,0,33.57333333,0.067131711,69.81666667,2.12903421,75.66666667,5.428320798,68,81,4.200666667,1.029214393,2.931,5.721,892.8333333,149.4314782,706,Curry
3531,0,33.54666667,0.084063468,69.49666667,1.961302288,74.66666667,5.240865071,68,81,3.848833333,1.2155128,2.474,5.721,861,147.4801682,706,Curry
3532,0,33.51,0.088317609,68.78666667,1.510584876,73.16666667,4.262237287,68,81,3.512666667,1.268217121,2.474,5.721,815.3333333,136.7474558,706,Curry
3533,0,33.48,0.067527772,68.66166667,1.338886353,71.5,1.870828699,68,73,3.078833333,0.662062057,2.474,4.293,761.8333333,37.10211135,706,Curry
3534,0,33.46,0.05138093,69.21666667,1.418980855,71.33333333,1.751190078,68,73,2.950833333,0.404522146,2.474,3.525,774.8333333,59.84452077,706,Curry
3535,0,33.44166667,0.01602082,69.39666667,1.593005545,72,2.607680966,68,76,3.066666667,0.488496332,2.474,3.626,793.5,77.99166622,706,Curry
3536,0,33.44333333,0.017511901,69.87,1.10277831,72.83333333,1.722401431,71,76,3.0635,0.48793268,2.474,3.626,815.5,66.08101089,729,Curry
3537,0,33.44666667,0.018618987,69.675,1.255113541,72.66666667,1.751190078,71,76,2.9925,0.607268557,2.048,3.626,823.6666667,65.17259138,729,Curry
3538,0,33.45166667,0.007527727,69.61,1.36853206,72,2.607680966,68,76,2.847833333,0.813553788,1.642,3.626,823.6666667,65.17259138,729,Curry
3545,0,33.35666667,0.052788888,66.31666667,1.949150242,68.16666667,1.329160144,67,70,1.6905,0.633171304,0.889,2.484,619.1666667,87.1720521,483,Fry
3546,0,33.33166667,0.083286654,66.055,1.637641597,73.16666667,11.7374046,67,97,1.7045,0.616732924,0.889,2.484,599.8333333,96.63832918,483,Fry
3547,0,33.29833333,0.094533945,65.84833333,1.434481323,89.66666667,39.07770038,67,166,1.6385,0.609044087,0.889,2.484,578,81.78263874,483,Fry
3548,0,33.26166667,0.084715209,65.70666667,1.292666495,114.6666667,63.53791519,67,219,1.458833333,0.447253582,0.889,2.191,556.3333333,53.86155091,483,Fry
3549,0,33.25,0.068410526,65.95666667,1.384191702,250,313.7604182,69,879,1.419166667,0.373863834,0.889,1.953,548.8333333,42.05432994,483,Fry
3550,0,33.25166667,0.071390942,66.18,1.24810256,390.8333333,395.3122395,70,914,1.547166667,0.543574619,0.889,2.374,567,63.03967005,483,Fry
3551,0,33.27333333,0.091360093,66.565,0.459380017,513.8333333,390.3021479,97,914,1.762333333,0.48309033,1.128,2.374,595.6666667,55.90587328,514,Fry
3552,0,33.30833333,0.097655858,66.46166667,0.350109507,643,351.0293435,166,914,1.9355,0.386868841,1.406,2.374,619.5,43.15437405,574,Fry
3553,0,33.35333333,0.094375138,66.66833333,0.665204229,822.3333333,332.9916916,219,1242,2.170666667,0.504298192,1.406,2.944,639,44.88206769,575,Fry
3554,0,33.39666667,0.056450568,66.66333333,0.666923284,1036.833333,276.3131677,808,1506,2.4455,0.450713545,1.953,3.055,672.5,60.01916361,593,Fry
3555,0,33.415,0.037282704,66.835,0.869591858,1227.833333,472.1060968,808,2025,2.634833333,0.440945991,2.167,3.089,702.3333333,57.01111003,655,Fry
3556,0,33.425,0.025884358,66.965,0.786708332,1397.666667,517.7121465,808,2025,2.795333333,0.498519675,2.167,3.337,713.6666667,54.32372103,655,Curry
3557,0,33.42333333,0.028751812,66.86833333,0.939476805,1494.166667,432.8193234,872,2025,2.691833333,0.682381247,1.559,3.337,707.1666667,64.18540852,616,Curry
3558,0,33.41333333,0.041793141,66.87333333,0.937585552,1494.333333,432.5319256,873,2025,2.553666667,0.868457867,1.338,3.337,691.6666667,86.18275156,564,Curry
3559,0,33.38666667,0.055015149,66.61833333,0.826883708,1395.333333,553.0318858,648,2025,2.322333333,0.926604914,1.338,3.337,671,100.1159328,564,Curry
3560,0,33.35166667,0.071110243,66.62333333,0.82582484,1236.833333,643.801341,555,2025,2.075666667,0.888777062,1.338,3.337,635.5,92.94460716,563,Curry
3561,0,33.325,0.070356236,66.66333333,0.90866202,982.8333333,566.6654804,501,1933,1.9445,0.757730493,1.338,3.337,603.6666667,65.50012723,563,Curry
3562,0,33.305,0.052820451,66.98,1.252677133,776.5,325.6192562,501,1387,1.8795,0.61828432,1.338,2.947,605.3333333,69.39932757,563,Curry
3563,0,33.3,0.045166359,67.75,1.540480445,703.6666667,176.467183,501,950,2.179333333,0.831290483,1.338,3.358,638.6666667,111.0687475,563,Curry
3564,0,33.30166667,0.047504386,68.26666667,1.59259118,715.3333333,191.5689606,501,950,2.6165,0.977243624,1.556,3.961,684,128.6203716,563,Curry
3565,0,33.29666667,0.049261209,68.29833333,1.546899049,684.3333333,217.8859029,462,950,2.820166667,0.827957346,1.575,3.961,696.3333333,118.2906026,563,Curry
3566,0,33.295,0.051672043,68.56,1.291541714,674,226.5444769,462,950,2.971666667,0.608674188,2.302,3.961,717.1666667,99.65022161,581,Curry
3567,0,33.28333333,0.066833126,68.16833333,1.694254015,643.6666667,263.5098986,319,950,3.031666667,0.543739153,2.484,3.961,721.5,92.88003015,607,Curry
3568,0,33.24833333,0.102062073,67.85833333,1.736184514,566.6666667,309.0712971,233,950,2.787166667,0.839056712,1.48,3.961,688.6666667,116.4399702,544,Curry
3569,0,33.20333333,0.10764138,67.40833333,1.340722442,437.3333333,277.3104157,174,943,2.500333333,0.89704775,1.48,3.961,647.6666667,105.4261195,544,Curry
3570,0,33.15166667,0.090424923,66.91333333,0.746368988,305.6666667,145.3515279,153,493,2.132833333,0.571597906,1.48,2.778,603.6666667,53.31666406,544,Curry
3571,0,30.48,0.010954451,67.52333333,0.213697606,50.33333333,1.211060151,49,52,0.737666667,0.056645094,0.679,0.835,631.1666667,13.16687764,617,No Activity
3572,0,30.48333333,0.010327955,67.59,0.164316767,49.66666667,1.751190078,47,52,0.7365,0.057542158,0.679,0.835,626.1666667,9.239408351,617,No Activity
3573,0,30.48333333,0.010327955,67.59,0.164316767,49.5,1.760681693,47,52,0.719,0.03180566,0.679,0.767,622.6666667,5.853773712,617,No Activity
3574,0,30.48333333,0.010327955,67.64,0.109544511,49.5,1.760681693,47,52,0.738166667,0.073646226,0.679,0.882,621.1666667,4.622409185,617,No Activity
3575,0,30.48666667,0.008164966,67.49333333,0.375588427,49,1.264911073,47,51,0.848333333,0.279169244,0.679,1.398,622.3333333,7.366591252,617,No Activity
3576,0,30.48833333,0.009831921,67.46,0.346410162,48.83333333,1.329160144,47,51,1.172333333,0.771723958,0.679,2.648,639.8333333,40.83829902,618,No Activity
3577,0,30.5,0.030983867,67.46,0.346410162,48.66666667,1.03279557,47,50,1.790833333,1.469185954,0.697,4.39,670.6666667,75.87006436,620,No Activity
3578,0,30.515,0.044158804,67.50833333,0.393569138,48.83333333,0.752772668,48,50,2.303,1.545268779,0.73,4.39,710.5,102.6075046,620,No Activity
3579,0,30.53666667,0.049261209,67.41,0.453254895,49.33333333,1.505545313,48,52,3.0335,1.68281119,0.882,5.113,754.8333333,112.6577413,621,No Activity
3580,0,30.56333333,0.0608824,67.33833333,0.443504979,49.5,1.516575096,48,52,4.177333333,2.185333811,1.398,7.745,815.3333333,123.372066,637,No Activity
3581,0,30.595,0.064420494,67.44666667,0.341682113,49.33333333,1.632993169,48,52,5.186166667,2.037849397,2.648,7.745,877.6666667,108.8791379,722,No Activity
3582,0,30.63,0.059329588,67.39166667,0.330721434,49.16666667,1.834847865,47,52,6.037666667,1.821028903,3.77,7.757,935.6666667,101.8325423,803,No Activity
3583,0,30.66,0.062289646,67.20666667,0.498865379,48,3.033150181,43,52,6.638333333,1.762291879,3.77,7.994,964.6666667,78.62739133,860,No Activity
3584,0,30.69166667,0.061779177,67.13666667,0.395912448,47.66666667,3.141125067,43,52,7.423666667,1.183185812,5.113,8.482,1001.166667,70.75992274,886,No Activity
3585,0,30.72333333,0.053541261,67.245,0.422646424,46.66666667,2.338090394,43,50,8.165833333,0.767487698,7.451,9.566,1059.666667,96.80426988,977,No Activity
3586,0,30.74833333,0.04708149,67.115,0.539397812,46.16666667,1.722401431,43,48,8.313666667,0.755548719,7.451,9.566,1073.333333,89.49785845,977,No Activity
3587,0,30.76833333,0.036560452,66.77166667,0.868985999,45.83333333,1.471960152,43,47,8.120833333,1.092338852,6.294,9.566,1043.5,133.4657259,832,Boil(Pressure Cooker)
3588,0,30.78166667,0.023166067,66.575,0.85621843,45.5,1.378404883,43,47,7.656833333,1.700042637,4.973,9.566,1003.666667,157.4797341,831,Boil(Pressure Cooker)
3589,0,30.79166667,0.011690452,66.41,0.976667804,45.83333333,0.752772668,45,47,7.21,1.930421612,4.973,9.566,986.8333333,166.064345,831,Boil(Pressure Cooker)
3590,0,30.8,0.010954451,66.115,0.835002994,46.33333333,1.505545313,45,49,6.424,2.243613781,3.766,9.566,924.6666667,192.3909215,706,Boil(Pressure Cooker)
3591,0,30.80166667,0.009831921,65.77166667,0.425272462,46.83333333,1.834847865,45,49,5.415166667,1.879590532,3.513,8.632,829.3333333,141.7147369,665,Boil(Pressure Cooker)
3592,0,30.805,0.012247449,65.78666667,0.453769398,47.66666667,2.804757866,45,52,4.5675,1.140073463,3.513,6.294,766,90.42344829,665,Boil(Pressure Cooker)
3593,0,30.80333333,0.013662601,65.81833333,0.422772595,48.16666667,2.714160402,45,52,4.044666667,0.879479088,3.157,5.313,735.1666667,94.85023282,647,Boil(Pressure Cooker)
3594,0,30.79833333,0.022286019,65.655,0.46543528,48.33333333,2.503331119,45,52,3.683666667,0.866661103,2.807,5.313,698.3333333,93.08633985,610,Boil(Pressure Cooker)
3595,0,30.785,0.038858718,65.50833333,0.649135322,48.33333333,2.503331119,45,52,3.149333333,0.612141378,2.107,3.766,646,52.75225114,562,Boil(Pressure Cooker)
3596,0,30.76833333,0.042150524,65.23,0.855242656,47.83333333,2.63944439,45,52,2.794333333,0.778117643,1.636,3.546,622,52.75225114,562,Boil(Pressure Cooker)
3597,0,30.75,0.048989795,64.985,0.953577475,47.5,2.588435825,45,52,2.422333333,0.891148398,1.281,3.546,598.1666667,61.08491358,522,Boil(Pressure Cooker)
3598,0,30.725,0.044158804,64.495,0.738071812,45.83333333,2.316606719,42,49,2.0025,0.848232928,1.027,3.157,567.8333333,53.45808327,504,Boil(Pressure Cooker)
3599,0,30.705,0.035071356,64.26666667,0.533766491,45.33333333,1.751190078,42,47,1.618,0.735641217,0.85,2.807,543.5,42.27410555,501,Boil(Pressure Cooker)
3600,0,30.68666667,0.028751812,64.10333333,0.314176171,45,1.788854388,42,47,1.292666667,0.497842813,0.85,2.107,524.3333333,30.53304221,495,Boil(Pressure Cooker)
3601,0,30.68,0.023664319,64.10333333,0.314176171,44.66666667,1.966384166,42,47,1.0835,0.318678992,0.85,1.636,511.6666667,27.38369344,486,Boil(Pressure Cooker)
3602,0,30.67333333,0.013662601,64.20166667,0.385819474,44.5,1.870828699,42,47,0.969166667,0.168472451,0.85,1.281,499,13.50555441,486,Boil(Pressure Cooker)
3603,0,30.67166667,0.011690452,64.28333333,0.403815139,44.16666667,1.471960152,42,46,0.89,0.082090194,0.806,1.027,490,13.09961832,468,Boil(Pressure Cooker)
3604,0,30.67166667,0.011690452,64.44666667,0.217776644,45.16666667,1.722401431,43,48,0.804333333,0.150347154,0.513,0.95,481,18.84675038,450,Boil(Pressure Cooker)
3605,0,30.66666667,0.017511901,64.495,0.171318417,45.16666667,1.722401431,43,48,0.738666667,0.203174473,0.456,0.95,471.5,20.99285593,444,Boil(Pressure Cooker)
3606,0,30.665,0.019748418,64.52666667,0.103279556,45.33333333,1.632993169,43,48,0.665333333,0.23037332,0.415,0.95,462.5,20.471932,441,Boil(Pressure Cooker)
3607,0,31.03166667,0.04445972,62.95666667,1.051849165,128.3333333,35.7696333,58,152,4.030333333,1.411841587,2.535,6.028,794.6666667,95.86796476,669,Boil
3608,0,31.055,0.025884358,62.695,0.948509357,139.5,11.94571053,125,152,3.5875,1.023124968,2.535,5.123,777.6666667,92.43736618,669,Boil
3609,0,31.07166667,0.023166067,62.36333333,0.50816008,130.6666667,29.95107121,73,152,3.229,0.704821963,2.535,4.396,753.1666667,80.50941974,669,Boil
3610,0,31.08666667,0.0332666,62.21166667,0.271102687,116.6666667,39.89319073,61,152,2.973666667,0.415700694,2.535,3.545,730.8333333,65.86172384,669,Boil
3611,0,31.10666667,0.047187569,62.22166667,0.279099743,102.3333333,45.71943423,52,152,2.863,0.30747943,2.535,3.371,706.5,31.45631892,669,Boil
3612,0,31.13,0.053665631,62.28166667,0.303408416,84.66666667,43.09369637,46,151,3.005666667,0.323046539,2.555,3.391,724.8333333,39.70096556,669,Boil
3613,0,31.155,0.04929503,62.39166667,0.076267075,66.66666667,30.58539957,43,125,3.1295,0.24985816,2.864,3.391,740.6666667,30.96234272,703,Boil
3614,0,31.18166667,0.050365332,62.37,0.098792712,52.83333333,12.12298093,42,73,3.119166667,0.238915396,2.864,3.391,741.3333333,31.2708597,703,Boil
3615,0,31.20833333,0.04708149,62.46833333,0.246366935,47.5,7.713624312,41,61,3.101,0.25588513,2.863,3.391,743.5,30.52048492,703,Boil
3616,0,31.23166667,0.04070217,62.5,0.238662942,43.83333333,4.622409187,39,52,3.107166667,0.249394801,2.863,3.391,744.8333333,29.17133296,703,Boil
3617,0,31.24833333,0.035449495,62.51666667,0.236276674,42.16666667,2.316606719,39,46,3.057333333,0.322718866,2.582,3.391,743.5,31.55154513,695,Boil
3618,0,31.275,0.04929503,63.23166667,1.773712679,41.83333333,1.722401431,39,44,3.089833333,0.369473905,2.582,3.586,767.6666667,82.75667143,695,Boil
3619,0,31.30666667,0.059217115,63.73333333,1.892751084,41.83333333,1.722401431,39,44,3.253333333,0.615295918,2.582,4.279,783.1666667,90.29820965,695,Boil
3620,0,31.34666667,0.087559504,64.64333333,2.299927535,43.33333333,4.131182239,39,51,3.3845,0.706640715,2.582,4.279,809.5,102.6367381,695,Boil
3621,0,31.38833333,0.102062073,65.685,2.7416692,45.5,5.753259947,39,54,3.635666667,0.750659088,2.582,4.37,841,105.9886786,695,Boil
3622,0,31.435,0.106536379,66.67833333,2.432179407,47.83333333,5.419102019,42,54,3.900166667,0.718946567,2.582,4.488,877,93.88503608,695,Boil
3623,0,31.48666667,0.090258887,67.57333333,1.345743908,51.16666667,7.026141664,43,62,4.174166667,0.317039062,3.586,4.488,914.1666667,29.46466811,857,Boil
3624,0,31.52333333,0.071180522,67.36166667,1.569247166,52.16666667,6.177917666,43,62,4.003333333,0.718864568,2.561,4.488,874.5,94.32231973,691,Boil
3625,0,31.54833333,0.037638633,67.18166667,1.877758415,52.83333333,5.11533642,47,62,3.64,1.033659325,2.099,4.488,839.8333333,132.5268526,649,Boil
3674,0,31.64166667,0.050760877,59.47,0.491609601,50,1.788854388,48,53,0.927,0.37005405,0.624,1.597,506,18.17690843,486,Boil(Pressure Cooker)
3675,0,31.62333333,0.026583203,59.47,0.491609601,50.33333333,1.751190078,48,53,1.070166667,0.566336796,0.624,1.963,518,44.40720662,486,Boil(Pressure Cooker)
3737,0,32.16666667,0.025819889,62.81833333,1.015921585,219.8333333,262.0545109,76,740,2.195333333,0.458264407,1.656,2.958,709.8333333,64.02317289,619,Curry
3738,0,32.19833333,0.083286654,63.27,1.727483719,354.8333333,365.6344714,76,893,2.4715,0.556906006,1.798,3.313,755.6666667,113.4524864,619,Curry
3739,0,32.23,0.103923048,63.67333333,1.476193303,456.8333333,359.9552287,76,893,2.625,0.600589044,1.798,3.313,796.5,125.1251374,619,Curry
3740,0,32.255,0.095655632,63.625,1.558906668,485.3333333,329.2298083,100,893,2.665333333,0.53890098,2.04,3.313,801.1666667,117.469003,647,Curry
3741,0,32.26833333,0.086583293,63.28333333,1.845347302,493.3333333,318.3989112,148,893,2.544166667,0.716204556,1.476,3.313,775,147.0469313,585,Curry
3742,0,32.27833333,0.070828431,63.03833333,1.93946814,482.5,329.7676455,148,893,2.413833333,0.825369836,1.476,3.313,756.8333333,158.5211868,585,Curry
3743,0,32.27666667,0.072846871,63.13666667,1.998646208,384,325.7103007,148,893,2.355666667,0.790929748,1.476,3.313,752.5,157.4239499,585,Curry
3744,0,32.24666667,0.06860515,62.79833333,1.48120784,254.8333333,220.003106,118,695,2.263666667,0.681890509,1.476,3.146,717,124.5664481,585,Curry
3745,0,32.215,0.045934736,62.73833333,1.436710363,153.3333333,54.68333079,86,247,2.143833333,0.545321709,1.476,2.761,678.8333333,70.85877974,585,Curry
3746,0,32.19666667,0.028751812,63.42333333,1.606432901,126.5,35.75332152,86,172,2.261333333,0.592395363,1.476,2.761,710.8333333,93.38183264,585,Curry
3747,0,32.21,0.06,64.53333333,2.03882973,117,36.46368056,86,172,2.7595,0.949214359,1.55,4.465,753.1666667,81.78121219,631,Curry
3748,0,32.24666667,0.103858879,65.72166667,2.211609519,101.8333333,26.60388443,81,149,3.319666667,1.075953655,2.427,4.911,787.8333333,61.11110101,698,Curry
3749,0,32.29833333,0.144971262,66.66333333,2.675232077,90.16666667,14.27468622,79,118,3.7425,1.228503114,2.427,5.146,840.6666667,137.3152092,698,Curry
3750,0,32.375,0.185768673,67.20833333,2.382800173,83,5.761944118,75,91,4.234333333,1.34240734,2.427,5.712,902.5,162.516153,698,Curry
3760,0,31.25,0.031622777,71.71333333,1.711860586,132.3333333,6.772493388,122,142,1.991833333,0.280119558,1.666,2.337,1078.166667,100.1666944,978,No Activity
3761,0,31.25833333,0.020412414,71.23833333,2.000754025,131.6666667,7.229568914,122,142,1.891333333,0.335764004,1.498,2.337,1069.666667,106.8113602,978,No Activity
3762,0,31.26166667,0.013291601,70.37166667,1.650398942,129.5,7.259476567,122,142,1.7575,0.320050465,1.455,2.337,1021.833333,104.7767468,906,No Activity
3763,0,31.25333333,0.020655911,69.7,0.707530918,125.3333333,5.645056837,117,132,1.606333333,0.171166196,1.43,1.851,978.8333333,46.23166303,906,No Activity
3764,0,31.24333333,0.025033311,69.55166667,0.622074486,123.3333333,5.354126137,117,132,1.5445,0.126212123,1.43,1.738,983,47.25674555,906,No Activity
3765,0,31.235,0.02258318,69.43833333,0.429344462,121.5,3.27108545,117,126,1.505166667,0.083341266,1.43,1.666,976.5,39.57650818,906,No Activity
3766,0,31.23,0.015491933,69.38833333,0.379389861,121,3.405877276,117,126,1.485,0.040019995,1.43,1.545,995,71.15335551,906,No Activity
3767,0,31.22833333,0.013291601,69.50333333,0.382709638,119.5,2.664582523,117,124,1.473833333,0.044736637,1.43,1.545,1012.166667,79.08328943,906,No Activity
3768,0,31.23333333,0.021602469,69.84666667,0.53913511,118.6666667,1.505545313,117,121,1.477,0.043799543,1.43,1.545,1058.5,85.61016295,957,No Activity
3769,0,31.24333333,0.027325202,69.91333333,0.49584944,118,2.756809754,113,121,1.493833333,0.04147007,1.431,1.545,1092.5,77.34791529,1003,No Activity
3770,0,31.26,0.032863353,70.09333333,0.511572738,116.5,4.183300135,110,121,1.594333333,0.242867591,1.431,2.083,1125.666667,73.88279006,1003,No Activity
3771,0,31.285,0.04929503,70.39833333,0.823611964,115.3333333,3.614784459,110,119,2.021166667,1.028357217,1.431,4.063,1160.333333,49.63332214,1084,No Activity
3772,0,31.30666667,0.053913511,70.50666667,0.735653904,114.3333333,3.204163961,110,119,2.3725,1.18178911,1.431,4.063,1169.5,45.61030585,1084,Boil(Pressure Cooker)
3773,0,31.33166667,0.051542862,70.55,0.692069361,113.1666667,3.311595792,110,119,2.668666667,1.119685432,1.474,4.063,1187.5,18.18515878,1161,Boil(Pressure Cooker)
3774,0,31.35166667,0.045789373,70.495,0.673461209,111.6666667,1.861898678,110,114,2.964333333,0.964610111,1.531,4.063,1189.166667,18.25833143,1161,Boil(Pressure Cooker)
3775,0,31.37,0.030983867,70.52166667,0.642912643,111.3333333,1.751190078,110,114,3.268,0.662676392,2.083,4.063,1194.166667,12.05680997,1175,Boil(Pressure Cooker)
3776,0,31.38,0.010954451,70.255,0.895918523,111.1666667,1.940790223,109,114,3.3915,0.42357939,2.824,4.063,1175,44.60044843,1087,Boil(Pressure Cooker)
3777,0,31.37833333,0.013291601,69.84666667,0.597985507,110,2.000000005,107,113,3.171333333,0.339763251,2.742,3.653,1157.833333,47.68822356,1087,Boil(Pressure Cooker)
3778,0,31.37666667,0.015055453,69.65166667,0.630060844,109.1666667,1.471960152,107,111,3.018833333,0.280511259,2.738,3.353,1151.5,47.47525671,1087,Boil(Pressure Cooker)
3779,0,31.36833333,0.019407902,69.41166667,0.712303774,110,2.828427129,107,115,2.945666667,0.278548141,2.738,3.353,1144.166667,43.17136397,1087,Boil(Pressure Cooker)
3780,0,31.36,0.018973666,69.09,0.49939964,110.8333333,3.488074926,107,115,2.827166667,0.275425065,2.537,3.353,1133.5,35.64687925,1087,Boil(Pressure Cooker)
3781,0,31.35166667,0.013291601,68.75166667,0.479350255,111,3.521363375,107,115,2.654666667,0.191576269,2.318,2.824,1122.333333,21.86016163,1087,Boil(Pressure Cooker)
3782,0,31.345,0.012247449,68.59333333,0.541688717,111.6666667,3.444802852,107,115,2.518,0.30533064,2.004,2.769,1125.5,16.41645516,1106,Boil(Pressure Cooker)
3783,0,31.34,0.010954451,68.27,0.622768015,112.3333333,2.658320276,108,115,2.3885,0.352461487,1.965,2.769,1117.666667,31.09126351,1061,Boil(Pressure Cooker)
3784,0,31.335,0.005477225,68.06333333,0.492287179,112.8333333,1.834847865,111,115,2.251833333,0.348797601,1.918,2.769,1107.166667,33.7781981,1061,Boil(Pressure Cooker)
3785,0,31.33333333,0.005163978,67.98166667,0.416241116,112.5,1.516575096,111,115,2.107666667,0.259661831,1.904,2.537,1099.166667,27.22070291,1061,Boil(Pressure Cooker)
3786,0,31.33166667,0.004082483,67.88333333,0.283948352,111.6666667,1.211060151,110,113,1.998333333,0.162757079,1.881,2.318,1098,25.74490241,1061,Boil(Pressure Cooker)
3787,0,31.33,0,67.99833333,0.415760348,110.6666667,2.581988902,106,113,1.926833333,0.048047546,1.881,2.004,1102.666667,32.93427799,1061,Boil(Pressure Cooker)
3788,0,31.33,0,68.09666667,0.488207606,109.6666667,2.658320276,106,113,1.9125,0.029777508,1.881,1.965,1118.666667,52.42772803,1061,Boil(Pressure Cooker)
3789,0,31.33,0,68.26,0.319061123,108.3333333,3.669695722,103,113,1.892333333,0.028033314,1.844,1.918,1134.666667,45.50018315,1074,Boil(Pressure Cooker)
3790,0,31.33,0,68.22666667,0.376917321,106.6666667,4.412104565,101,113,1.846,0.103982691,1.64,1.918,1117.666667,79.24308592,972,Boil(Pressure Cooker)
3791,0,31.33,0,68.06333333,0.583118056,105.8333333,3.311595792,101,110,1.765333333,0.196535663,1.42,1.918,1092.666667,105.3065367,950,Boil(Pressure Cooker)
3792,0,31.31166667,0.044907312,67.655,1.171797764,106,3.577708767,101,111,1.592666667,0.411796875,0.845,1.918,1007.166667,220.7409492,610,Boil(Pressure Cooker)
3793,0,31.29666667,0.052025635,67.16333333,1.298008731,107.3333333,4.844240569,101,114,1.4095,0.490518807,0.79,1.918,914.6666667,260.5975185,597,Boil(Pressure Cooker)
3794,0,31.28166667,0.053447794,66.57333333,1.307970438,109.1666667,6.493586581,101,118,1.189666667,0.512136961,0.599,1.844,808.1666667,250.0443294,563,Boil(Pressure Cooker)
3795,0,31.26666667,0.049665548,66.00166667,1.129237206,112.1666667,7.194905607,101,121,0.974,0.450193292,0.55,1.64,708.3333333,196.8295371,558,Boil(Pressure Cooker)
3796,0,31.24833333,0.041190614,65.54333333,0.856403332,115.1666667,5.036533201,108,121,0.798333333,0.327171311,0.55,1.42,638.3333333,154.4210694,552,Boil(Pressure Cooker)
3797,0,31.235,0.012247449,65.36333333,0.483473543,117.3333333,4.033195593,111,121,0.997166667,0.800567653,0.55,2.613,571.6666667,25.41390695,550,Boil(Pressure Cooker)
3798,0,31.25,0.030983867,65.575,0.782706842,120.1666667,4.622409187,114,128,1.716166667,1.865501479,0.55,5.159,622.6666667,144.7199595,550,Boil(Pressure Cooker)
3799,0,31.275,0.064109282,66.11,1.565873558,122.3333333,4.179314141,118,128,2.689833333,2.646505274,0.55,6.632,695.3333333,219.4316902,550,Boil(Pressure Cooker)
3800,0,31.30666667,0.086409876,66.38333333,1.491491424,123.1666667,3.60092581,119,128,3.952833333,3.199573435,0.55,8.177,766.8333333,236.8868225,550,Boil(Pressure Cooker)
3801,0,31.345,0.100747208,66.72166667,1.30337127,123.5,3.449637665,119,128,5.1265,2.986156376,0.586,8.177,838.3333333,225.7278597,550,Boil(Pressure Cooker)
3802,0,31.395,0.100747208,66.78166667,1.206903752,122.3333333,5.715476068,112,128,6.152,2.012946298,2.613,8.177,884.1666667,179.0546472,550,Boil(Pressure Cooker)
3803,0,31.445,0.088034084,66.595,1.408726375,120.8333333,7.139094248,112,128,6.425166667,1.476314522,4.252,8.177,915.5,113.2338289,738,Boil(Pressure Cooker)
3804,0,31.48333333,0.064394617,66.44333333,1.424677741,118.5,6.595452981,112,127,6.268833333,1.673681859,4.221,8.177,904.3333333,116.4330995,738,Boil(Pressure Cooker)
3805,0,31.515,0.055407581,65.92,0.78263657,116.6666667,5.125101627,112,123,6.118833333,1.674954019,4.221,8.177,883.6666667,98.67860288,738,Boil(Pressure Cooker)
3806,0,31.545,0.048476799,65.71833333,0.685081504,116.1666667,4.490731198,112,123,5.8045,1.35853697,4.221,7.592,885.3333333,100.9329811,738,Boil(Pressure Cooker)
3807,0,31.56833333,0.037638633,65.435,0.365882495,115.8333333,3.920034016,112,121,5.606166667,1.109409468,4.221,6.739,887.8333333,104.091146,738,Boil(Pressure Cooker)
3808,0,31.585,0.03391165,65.23333333,0.683686088,117.1666667,3.710345899,112,121,5.371833333,0.96081037,4.221,6.402,913.1666667,104.8187324,738,Boil(Pressure Cooker)
3809,0,31.59666667,0.031411251,65.26166667,0.673035413,119.1666667,3.60092581,114,124,5.2295,1.194673303,3.398,6.402,914.6666667,101.8325423,747,Boil(Pressure Cooker)
3810,0,31.61333333,0.019663842,65.28833333,0.707570962,121.6666667,4.412104565,116,129,5.247333333,1.177280199,3.398,6.402,929,96.66229875,747,Boil(Pressure Cooker)
3811,0,31.885,0.102907726,68.33,1.572539348,157.8333333,2.857738037,155,163,4.699,2.162982848,2.816,8.662,893.8333333,260.3239648,680,Boil
3812,0,31.94333333,0.152665211,68.72666667,2.046476647,157.5,2.810693868,155,163,5.617833333,2.777631899,2.816,9.292,994.3333333,316.5278292,680,Boil
3813,0,32.02,0.194216374,69.925,2.472365264,158.3333333,3.32665999,155,163,6.729,3.005028053,2.816,10,1137.666667,339.5966235,698,Boil
3814,0,32.10666667,0.197754056,70.99166667,2.158160482,159.3333333,3.723797348,155,163,7.926333333,2.527338416,3.963,10,1278,292.2444183,791,Boil
3815,0,32.195,0.171435119,71.67666667,1.773850802,159.3333333,3.723797348,155,163,8.9325,1.700297121,5.641,10,1393.166667,174.2990725,1081,Boil
3816,0,32.27333333,0.120443624,72.66166667,1.480235342,161.1666667,4.400757513,155,167,9.659,0.564592242,8.662,10,1460,84.31369995,1336,Boil
3817,0,32.32666667,0.082623645,73.54833333,1.574286082,164,5.059644258,157,172,9.882,0.28903979,9.292,10,1488.333333,59.10555529,1380,Boil
3818,0,32.36333333,0.044572039,73.755,1.314758533,166,4.000000003,162,172,10,0,10,10,1509.666667,26.02818985,1482,Boil
3819,0,32.375,0.027386128,74.09166667,1.508421913,167.3333333,3.723797348,163,172,10,0,10,10,1491.333333,36.8709461,1430,Boil
3820,0,32.37833333,0.021369761,74.495,1.510559499,169.5,4.415880436,163,176,9.997666667,0.005715476,9.986,10,1472.5,35.88732367,1427,Boil
3821,0,32.37166667,0.029268869,75.13833333,1.280022135,170.8333333,3.060501052,167,176,9.843666667,0.376120016,9.076,10,1461,42.65208084,1413,Boil
3822,0,32.34333333,0.0665332,75.12833333,1.284171588,170.1666667,4.262237287,163,176,9.260166667,1.401916747,6.499,10,1431.333333,74.86432172,1304,Boil
3823,0,32.305,0.089610267,74.595,1.538840473,168,6.066300357,159,176,8.553,1.926196667,5.757,10,1397.666667,79.82647848,1304,Boil
3824,0,32.26,0.099599197,74.50333333,1.679924601,166.6666667,6.653319975,159,176,7.651,2.336534185,4.588,10,1323.333333,140.8597411,1062,Boil
3825,0,32.21666667,0.103858879,74.18833333,1.606504487,164.6666667,7.229568914,158,176,6.679833333,2.375569609,4.173,9.986,1269.833333,152.70549,1062,Boil
3826,0,32.17,0.094445752,73.71,1.560897178,162.5,4.63680925,158,171,5.637333333,1.972850594,3.731,9.076,1212.166667,146.6961713,1062,Boil
3827,0,32.125,0.061562976,73.17666667,0.888519368,160.1666667,2.562550817,157,163,4.653166667,1.257582191,3.171,6.499,1154.666667,116.8001142,1062,Boil
3828,0,32.1,0.042895221,72.93666667,0.529779828,159.5,2.167948344,157,163,4.071,1.017852052,3.006,5.757,1114.666667,94.37301874,1062,Boil
3829,0,32.07666667,0.034448028,72.94333333,0.526447212,160,2.366431918,157,163,3.576666667,0.708480816,2.791,4.588,1074,18.70828693,1060,Boil
3830,0,32.05833333,0.029268869,73.03166667,0.410483455,160.5,2.880972062,157,164,3.2365,0.608746828,2.547,4.173,1073,19.61631974,1056,Boil
3831,0,32.04,0.032249031,72.77,0.383457951,160.5,2.880972062,157,164,2.9135,0.520165262,2.235,3.731,1059.666667,17.30510522,1029,Boil
3832,0,32.02166667,0.041673333,72.705,0.43894191,158.5,4.505552133,151,164,2.601333333,0.492736305,1.858,3.171,1047,24.77095073,1005,Boil
3833,0,31.99333333,0.062822501,71.92,1.757646153,156.8333333,6.55489639,147,164,2.3095,0.595646456,1.42,3.006,1036.5,27.31116988,1005,Boil
3834,0,31.95833333,0.069689789,71.07166667,2.18186541,154,8.740709355,142,164,2.020333333,0.610841933,1.271,2.791,989.6666667,103.9955127,783,Boil
3835,0,31.925,0.07609205,69.85,2.970488175,150.6666667,8.891943921,142,164,1.743333333,0.566712155,1.129,2.547,943.5,125.7390154,783,Boil
3836,0,31.89333333,0.067724934,69.10333333,2.643858292,147.5,6.15629759,142,158,1.552166667,0.414377324,1.129,2.235,891.6666667,133.9233612,745,Boil
3837,0,31.87166667,0.048751068,68.59666667,2.196703591,145.6666667,3.444802852,142,151,1.589666667,0.491529314,1.129,2.46,848.3333333,122.1452687,745,Boil
3838,0,31.88166667,0.095376447,64.46833333,2.705900343,118.5,8.068457103,111,130,2.8735,1.368555114,1.769,5.252,700.5,132.5032075,567,Boil
3839,0,31.85333333,0.061860057,64.32166667,2.544668282,116.3333333,5.785038175,111,127,2.553666667,0.812998565,1.769,3.792,685,100.8146815,567,Boil
3840,0,31.83833333,0.041190614,64.32166667,2.544668282,113.6666667,2.804757866,111,117,2.419,0.607904598,1.769,3.333,689.3333333,102.1384681,567,Boil
3841,0,31.83833333,0.041190614,64.92666667,2.578911915,112.6666667,2.422120288,111,117,2.517166667,0.630060129,1.769,3.333,716.1666667,100.4697301,567,Boil
3842,0,31.85333333,0.05573748,65.37833333,2.115338428,112.5,2.588435825,110,117,2.756166667,0.557273153,2.002,3.333,746.1666667,68.95046531,634,Boil
3843,0,31.88666667,0.062503333,65.765,1.744703413,111.6666667,3.444802852,107,117,2.873666667,0.467443972,2.002,3.333,763,43.84974344,726,Boil
3844,0,31.91666667,0.055377492,65.155,1.153737405,110.1666667,4.119061384,105,117,2.985333333,0.244364209,2.672,3.333,756.6666667,49.05778905,709,Boil
3845,0,31.93333333,0.049665548,64.65,1.18355397,107.6666667,3.669695722,102,111,2.7745,0.387941619,2.068,3.203,722.8333333,45.84939113,642,Boil
3846,0,31.95333333,0.036696957,64.30666667,1.743326322,105.5,4.92950302,98,111,2.571666667,0.543472416,1.767,3.203,707.3333333,58.53090352,633,Boil
3847,0,31.965,0.019748418,63.47333333,1.642920164,102.8333333,5.63619257,95,110,2.393166667,0.595713158,1.767,3.203,684.1666667,52.12453037,633,Boil
3848,0,31.975,0.012247449,63.11333333,1.609268985,101,4.516635919,95,107,2.1585,0.478734478,1.767,2.841,667.6666667,43.15398784,633,Boil
3849,0,31.98166667,0.02228602,62.98333333,1.429414799,99.66666667,3.444802852,95,105,2.058833333,0.354306882,1.767,2.672,664.6666667,37.83472832,633,Boil
3850,0,31.99,0.029664794,62.835,1.236329244,98.5,2.258317963,95,102,2.023166667,0.284040431,1.767,2.458,669.1666667,45.07512248,633,Boil(Pressure Cooker)
3851,0,32.00666667,0.036696957,62.67,1.223045379,97.5,1.643167679,95,99,2.0455,0.293384901,1.767,2.458,681.8333333,46.56787161,633,Boil(Pressure Cooker)
3852,0,32.01,0.034641016,62.63833333,1.262464521,97.66666667,1.751190078,95,99,2.044666667,0.294339713,1.762,2.458,689.8333333,40.18664787,639,Boil(Pressure Cooker)
3853,0,32.015,0.027386128,62.345,1.693880161,97.5,2.073644141,94,99,2.081666667,0.271723879,1.762,2.458,694.8333333,33.98480052,648,Boil(Pressure Cooker)
3854,0,32.015,0.027386128,61.97,1.928076762,96.83333333,2.136976062,94,99,2.116333333,0.239152392,1.762,2.458,698.3333333,28.89752008,669,Boil(Pressure Cooker)
3855,0,32.00333333,0.037771241,61.315,1.567147089,95.83333333,2.316606719,93,99,2.0645,0.239909775,1.762,2.458,690.6666667,29.05626725,669,Boil(Pressure Cooker)
3856,0,31.99166667,0.038686776,60.695,0.94920493,95.16666667,2.136976062,93,99,2.055833333,0.223209692,1.762,2.406,685.1666667,20.67284854,669,Boil(Pressure Cooker)
3857,0,31.97833333,0.019407902,60.28666667,0.537872352,94.66666667,2.25092574,93,99,2.017,0.212715773,1.762,2.406,676.5,13.96782016,666,Boil(Pressure Cooker)
3858,0,31.97666667,0.017511901,60.04166667,0.266939444,93.33333333,1.36626011,91,95,2.028166667,0.197894332,1.829,2.406,672,16.37070554,654,Boil(Pressure Cooker)
3859,0,31.975,0.016431677,60.05666667,0.252797679,92.33333333,2.503331118,88,95,1.990666667,0.217795011,1.805,2.406,669.5,17.98610575,654,Boil(Pressure Cooker)
3860,0,31.98166667,0.02786874,60.31833333,0.704028882,91.33333333,2.422120288,88,94,2.040166667,0.252193114,1.805,2.406,682.1666667,35.65061944,654,Boil(Pressure Cooker)
3861,0,32,0.037416574,60.53166667,0.92276577,90.66666667,2.422120288,88,94,2.130333333,0.298285546,1.805,2.473,697.5,47.6518625,654,Boil(Pressure Cooker)
3862,0,32.01666667,0.038297084,60.85833333,1.106298634,90.5,2.167948344,88,93,2.135833333,0.304622006,1.805,2.473,710.1666667,58.31437787,654,Boil(Pressure Cooker)
3863,0,32.02333333,0.033862467,61.26666667,1.129312475,89.66666667,1.966384166,88,93,2.166333333,0.293536823,1.805,2.473,726.1666667,56.92597532,654,Boil(Pressure Cooker)
3864,0,32.025,0.032093613,61.74,0.976463005,89.83333333,2.136976062,88,93,2.052666667,0.50567684,1.147,2.473,617.1666667,305.6229158,0,Boil(Pressure Cooker)
3865,0,32.025,0.032093613,61.93666667,0.558879832,89.83333333,2.136976062,88,93,1.927166667,0.651772788,1.052,2.473,621.3333333,306.3949521,0,Boil(Pressure Cooker)
3866,0,32.005,0.056480085,61.855,0.637644101,88.66666667,3.881580437,82,93,1.664166667,0.777489142,0.722,2.473,591.1666667,300.6402612,0,Boil(Pressure Cooker)
3867,0,31.98166667,0.058109093,61.935,0.65326105,88,4.147288273,82,93,1.377666667,0.735410815,0.722,2.439,565,289.312288,0,Boil(Pressure Cooker)
3868,0,31.965,0.043703547,62.32666667,1.244695411,87.33333333,3.444802852,82,92,1.1085,0.538434676,0.722,2.152,550.8333333,278.6211885,0,Reheat
3869,0,31.96166667,0.03920034,62.76833333,1.653425737,87.83333333,3.763863266,82,92,1.02,0.339508468,0.722,1.621,558.8333333,286.4754207,0,Reheat
3870,0,31.975,0.061886994,63.07833333,1.793024447,87.5,3.391164995,82,91,1.402666667,1.053805232,0.722,3.443,714.5,136.6773573,564,Reheat
3871,0,32,0.088769364,63.62833333,1.542380195,87.33333333,3.386246696,82,91,1.9155,1.502295943,0.722,4.129,771,181.7151617,564,Reheat
3872,0,32.03166667,0.084003968,63.955,1.044925835,88.66666667,2.25092574,85,91,2.442333333,1.553432286,0.754,4.129,822.6666667,152.8694432,606,Reheat
3873,0,32.06833333,0.072778202,64.52166667,0.828333669,90.16666667,2.316606719,87,94,2.9675,1.392830463,0.824,4.129,892.6666667,127.9416534,694,Reheat
3874,0,32.10833333,0.06705719,64.435,0.85773539,90.5,2.258317963,87,94,3.451166667,0.924879758,1.621,4.129,934.6666667,83.23140433,810,Reheat
3875,0,32.15,0.063874878,64.57666667,1.022167631,90.16666667,2.316606719,87,94,3.725833333,0.318759104,3.269,4.129,957.3333333,56.81783757,874,Reheat
3876,0,32.18333333,0.071740272,64.68666667,1.047466785,90.33333333,2.338090394,87,94,3.6835,0.375627342,3.189,4.129,951.1666667,61.65846792,874,Reheat
3877,0,32.40833333,0.04792355,66.11,1.148198589,81.33333333,3.559026087,77,86,3.878666667,0.83247022,2.665,4.792,917.5,74.05876045,778,Curry
3878,0,32.42833333,0.030605011,66.57833333,0.823781929,81.83333333,3.188521082,77,86,4.133666667,0.583431801,3.375,4.792,962.5,50.68234407,914,Curry
3879,0,32.44166667,0.011690452,66.56166667,0.840842831,82.5,2.258317963,80,86,4.345833333,0.552846965,3.375,4.808,978,50.7740091,914,Curry
3880,0,32.45,0.010954451,66.13666667,0.747172448,101,47.05316142,80,197,4.360833333,0.565614504,3.375,4.808,981.8333333,52.5182508,914,Curry
3881,0,32.45666667,0.015055453,65.85833333,0.920422005,237.5,327.3039871,81,899,4.402333333,0.610898901,3.375,5.041,998.1666667,62.40966805,914,Curry
3882,0,32.46666667,0.020655911,65.825,0.938568058,466.8333333,581.0798281,81,1459,4.554666667,0.662160907,3.375,5.114,1022.833333,50.62575102,931,Curry
3883,0,32.47666667,0.025033311,65.79166667,0.904641734,693.8333333,662.0122104,81,1459,4.827,0.335290322,4.195,5.114,1042.833333,23.55773051,1011,Curry
3884,0,32.48833333,0.026394444,65.87333333,1.063252871,856.8333333,598.2756611,81,1459,5.002333333,0.175854106,4.795,5.247,1046.166667,25.74813909,1011,Curry
3885,0,32.49833333,0.019407902,66.52666667,1.895327588,997.8333333,463.3333213,197,1459,5.189166667,0.39144063,4.795,5.929,1068.5,45.74166591,1011,Curry
3886,0,32.50666667,0.015055453,67.40833333,2.343368658,1098.333333,286.5628494,800,1459,5.494166667,0.65026592,5.009,6.625,1107.166667,75.67672474,1051,Curry
3887,0,32.52,0.020976177,68.16,2.012381674,1049.333333,346.3608908,605,1459,5.838666667,0.871922627,5.009,7.108,1138.666667,93.37808451,1051,Curry
3888,0,32.54,0.02,70.20166667,0.724635541,632.6666667,193.9573836,412,927,6.950833333,0.765058277,5.929,8.251,1224.833333,38.69065348,1151,Fry
3889,0,32.55333333,0.022509257,69.90166667,1.185198999,563.8333333,131.9991162,412,800,7.265833333,0.638872575,6.625,8.251,1241.833333,14.78400036,1218,Fry
3890,0,32.565,0.019748418,69.24333333,1.744690995,660.1666667,357.3599959,412,1378,7.382,0.55719117,6.73,8.251,1244.166667,16.05511341,1218,Fry
3891,0,32.57666667,0.032659863,68.78,2.082239179,782.6666667,448.9149882,412,1378,7.3655,0.568283292,6.73,8.251,1239.333333,15.78184611,1218,Fry
3892,0,32.59,0.035777088,68.02333333,1.837462018,883.5,454.3847489,412,1378,7.283833333,0.69822673,6.24,8.251,1225,42.05234833,1145,Fry
3893,0,32.60333333,0.032659863,67.46333333,1.288575441,1034.5,452.3864498,412,1407,7.121666667,0.855363237,6.089,8.251,1217.833333,46.871811,1145,Fry
3894,0,32.62333333,0.030110906,67.065,0.59153191,1280.666667,447.7372742,514,1889,6.774333333,0.716991399,6.089,7.819,1212.833333,44.41808941,1145,Fry
3895,0,32.63666667,0.030110906,66.96666667,0.451427366,1440.5,244.2447543,1156,1889,6.461166667,0.563334152,5.94,7.322,1201.333333,40.71690885,1145,Fry
3896,0,32.655,0.029495762,67.09666667,0.422263741,1457.666667,242.5874413,1156,1889,6.29,0.373501272,5.94,7.009,1192.5,30.75548732,1145,Fry
3897,0,32.66666667,0.031411251,67.34166667,0.405088468,1498.333333,239.3471677,1156,1889,6.224833333,0.229198095,5.94,6.618,1191.833333,29.8624625,1145,Fry
3898,0,32.68,0.029664794,67.52166667,0.253015151,1573.666667,171.5921521,1407,1889,6.2355,0.231522569,5.94,6.618,1201.833333,19.17724346,1175,Fry
3899,0,32.70833333,0.04792355,67.67,0.362436201,1661,200.6818377,1473,1931,6.403666667,0.405161038,5.94,7.098,1220.166667,34.69534071,1184,Fry
3900,0,32.73833333,0.070261417,67.6,0.446542271,1632.5,171.9054973,1473,1931,6.5975,0.528664638,5.94,7.33,1234.166667,48.37940333,1184,Fry
3901,0,32.76833333,0.073598007,67.41666667,0.717960073,1630.333333,174.3819563,1460,1931,6.816333333,0.470633049,6.295,7.33,1253.666667,47.68927203,1204,Fry
3902,0,32.79333333,0.071180522,67.16833333,0.964974956,1601.333333,214.1230176,1307,1931,6.9305,0.396048356,6.304,7.33,1266.833333,41.77279817,1205,Fry
3903,0,32.81833333,0.056715665,66.365,1.826129787,1565,235.1186934,1307,1931,6.656166667,0.90230647,4.972,7.33,1226,126.2806398,979,Curry
3904,0,32.83666667,0.021602469,65.05833333,3.044177502,1439,370.8552278,852,1931,6.19,1.584938232,3.507,7.33,1154.333333,224.4447965,775,Curry
3905,0,32.83333333,0.028751812,63.67,3.203722834,1214.666667,417.8438305,585,1718,5.400166667,2.129282641,2.359,7.33,1056.333333,277.9688232,697,Curry
3906,0,32.81666667,0.042739521,62.615,2.908571814,984.3333333,463.3265227,336,1460,4.5185,2.26148931,2.04,7.253,956.6666667,279.0424102,697,Curry
3907,0,32.8,0.0464758,61.67333333,2.363833045,786.3333333,473.1370485,272,1366,3.663,1.972597273,2.04,6.98,860.3333333,232.2401056,697,Curry
3908,0,32.78666667,0.040331956,61.14,1.395793681,601,445.372653,195,1366,2.894,1.147802596,2.04,4.972,775.6666667,105.1678024,697,Curry
3909,0,32.77333333,0.025819889,60.57333333,1.093483729,403.6666667,263.9989899,182,852,2.512666667,0.536801515,2.04,3.507,741.8333333,37.65324245,697,Curry
3910,0,32.76666667,0.013662601,61.03166667,1.30975443,287,160.7134095,152,585,2.327,0.227845562,2.04,2.684,746.1666667,43.30550388,697,Curry
3911,0,32.765,0.012247449,61.57166667,1.413653659,211.3333333,77.87596976,131,336,2.372833333,0.2608405,2.04,2.684,769.5,48.87432864,705,Curry
3912,0,32.765,0.012247449,61.915,1.406836878,171.6666667,60.30809785,98,272,2.4655,0.213397048,2.12,2.684,782,37.29879355,723,Curry
3913,0,32.765,0.012247449,62.09333333,1.266059504,141.6666667,42.58012056,92,195,2.492666667,0.165649831,2.283,2.684,790.5,24.92187794,774,Curry
3914,0,32.765,0.012247449,62.305,1.467824921,122.6666667,39.33276836,81,182,2.460666667,0.208115032,2.174,2.684,791.5,24.28785705,774,Curry
3915,0,32.76166667,0.013291601,62.97333333,0.819845514,105.8333333,29.15761764,81,152,2.421833333,0.177610154,2.174,2.634,794.8333333,23.07740598,774,Curry
3916,0,32.76166667,0.013291601,63.38,1.161395712,94.16666667,19.34338819,81,131,2.463166667,0.19732148,2.174,2.641,801.1666667,29.44429769,774,Curry
3917,0,32.75166667,0.024013885,63.41166667,1.156121389,85.66666667,7.50111103,80,98,2.518666667,0.283147076,2.174,2.967,803.6666667,33.45843192,774,Curry
3918,0,32.74333333,0.03204164,63.98166667,1.543002484,82.33333333,4.926120856,78,92,2.592666667,0.356037451,2.174,3.04,822.3333333,46.36665468,774,Curry
3919,0,32.73,0.043358967,64.34166667,1.073562605,79.66666667,2.250925741,76,82,2.813833333,0.505845596,2.174,3.61,839.5,43.89419096,781,Curry
3920,0,32.70666667,0.053913511,64.815,1.420489352,78.5,3.082207005,74,82,2.9475,0.397268046,2.451,3.61,859.1666667,38.55083224,796,Curry
3921,0,32.69833333,0.049564772,65.33666667,1.509856505,78.83333333,3.488074926,74,83,3.212833333,0.513869017,2.641,4.043,897.5,67.01865412,839,Curry
3922,0,32.68166667,0.029268869,65.64666667,1.634853714,78.5,3.209361311,74,83,3.358166667,0.437420355,2.967,4.043,924.1666667,70.81078072,852,Curry
3923,0,32.68,0.027568098,66.38166667,1.351849351,78.5,3.209361311,74,83,3.436333333,0.393209698,2.976,4.043,957.5,76.86026282,877,Curry
3924,0,32.66833333,0.031885211,66.57666667,1.398780421,78.5,3.209361311,74,83,3.413333333,0.423869634,2.902,4.043,974.6666667,70.54832859,877,Curry
3925,0,32.66166667,0.035449495,67.40833333,0.777365208,78.83333333,2.994439295,74,83,3.3375,0.422346185,2.902,4.043,1007.666667,61.44808107,899,Curry
3926,0,32.66166667,0.035449495,67.44,0.749026034,79.66666667,1.861898679,78,83,3.359333333,0.402857129,2.902,4.043,1032.833333,31.8208527,995,Curry
3927,0,32.65,0.031622777,67.70166667,0.775459004,79,0.894427204,78,80,3.149,0.287436254,2.781,3.513,1036,31.94996088,995,Curry
3928,0,32.63666667,0.0332666,67.32666667,1.45656674,78.5,1.048808859,77,80,3.005166667,0.28477178,2.65,3.436,1013.833333,77.05430985,866,Curry
3929,0,32.61166667,0.03250641,66.515,2.295480342,76.5,4.230839163,68,79,2.720166667,0.523215985,1.726,3.155,953.1666667,149.8765047,688,Curry
3930,0,32.57833333,0.049159604,65.43333333,1.967797415,72.66666667,6.28225013,66,79,2.384166667,0.558603049,1.726,3.107,843.8333333,170.4082353,688,Fry
3931,0,32.55333333,0.055377492,64.55833333,2.298037569,70.5,5.890670592,66,79,2.291833333,0.450566495,1.726,2.781,800.1666667,137.3803722,688,Fry
3932,0,32.52833333,0.04708149,63.94333333,1.360333292,70.83333333,6.493586581,66,81,2.242333333,0.399498018,1.726,2.65,764,73.95944835,688,Fry
3933,0,32.52666667,0.044121046,64.025,1.427876045,158,216.6111724,66,600,2.4755,0.844943253,1.726,4.049,774.6666667,93.61552578,688,Fry
3934,0,32.54166667,0.064316924,64.49333333,1.434094372,227.1666667,246.3423769,66,600,2.805166667,0.879207238,1.784,4.049,808.3333333,92.53035538,707,Fry
3935,0,32.55666667,0.076070143,64.60333333,1.523504731,268.8333333,234.4878817,66,600,3.110833333,0.764506486,2.257,4.049,837.6666667,81.18292103,707,Fry
3936,0,32.57166667,0.073869254,64.37,1.655052869,295,215.4474414,66,600,3.3065,0.642824004,2.484,4.049,860,50.78976275,788,Fry
3937,0,32.585,0.059916609,64.17333333,2.057062631,307,201.7087009,81,600,3.2955,0.658666152,2.484,4.049,834,105.4912319,632,Fry
3938,0,32.59,0.049799598,63.68333333,2.239970238,314,192.8304955,123,600,3.432,0.528949147,2.487,4.049,831.3333333,105.8747688,632,Fry
3939,0,32.57166667,0.06705719,62.75833333,2.608911012,228.5,149.5255831,87,483,3.085833333,0.697260186,1.972,3.704,766.5,145.179544,541,Fry
3940,0,32.545,0.066257075,61.71833333,2.450211555,161.3333333,91.65515079,80,316,2.699333333,0.899474217,1.385,3.618,705.3333333,159.3595515,523,Fry
3941,0,32.51833333,0.050760877,60.92333333,1.362067057,123.5,54.26877555,80,224,2.319,0.91565037,1.336,3.431,645.6666667,145.9940638,523,Fry
3942,0,32.50333333,0.031411251,61.025,1.560035256,105,23.16031088,80,138,2.148166667,0.746726032,1.336,3.303,593,115.1815958,523,Fry
3943,0,32.49,0.015491933,61.09,1.542815608,97.5,16.73021219,80,123,2.075,0.728162619,1.336,3.303,592.1666667,114.8606402,523,Fry
3944,0,32.49666667,0.028751812,61.48166667,1.989647372,116.8333333,60.87500856,80,239,2.189666667,0.973168571,1.336,3.991,456.8333333,227.3362414,0,Fry
3945,0,32.51333333,0.042739521,62.265,2.044022994,182.3333333,157.3450561,80,480,2.508166667,1.178696809,1.336,3.991,366.6666667,286.789586,0,Fry
3946,0,32.53833333,0.059805239,62.91333333,1.518007466,299.8333333,280.601081,89,785,3.043333333,1.290407326,1.336,4.596,448,390.4551191,0,Fry
3947,1,31.65333333,0.005163978,61.11333333,0.112368442,49.33333333,2.250925741,45,51,0.214,0.005059644,0.207,0.22,419.6666667,2.160246901,417,No Activity
3948,1,31.65333333,0.005163978,61.145,0.100149888,49,2.097617702,45,51,0.213833333,0.005036533,0.207,0.22,421,2.607680964,418,No Activity
3949,1,31.65166667,0.004082483,61.21166667,0.116175155,48.66666667,1.861898679,45,50,0.214333333,0.005750362,0.207,0.222,422.3333333,2.804757864,419,No Activity
3950,1,31.65,0.006324555,61.22666667,0.104051269,48.66666667,1.861898679,45,50,0.213166667,0.005036533,0.207,0.222,423.5,2.588435823,420,No Activity
3951,1,31.65,0.006324555,61.22666667,0.104051269,48.5,1.760681693,45,50,0.2115,0.006534524,0.203,0.222,424.8333333,2.483277406,421,No Activity
3952,1,31.65,0.006324555,61.24166667,0.087273516,48.33333333,1.632993169,45,49,0.211166667,0.006853223,0.203,0.222,426.1666667,2.136976059,423,No Activity
3953,1,31.65166667,0.007527727,61.225,0.085732141,49,0,49,49,0.210333333,0.00731209,0.203,0.222,427.1666667,1.722401427,425,No Activity
3954,1,31.65833333,0.017224014,61.21,0.0997998,48.83333333,0.408248319,48,49,0.2145,0.013939153,0.203,0.239,427.8333333,1.471960147,426,No Activity
3955,1,31.665,0.020736441,61.095,0.192015624,48.83333333,0.408248319,48,49,0.214,0.01366748,0.203,0.239,356.8333333,174.8158078,0,No Activity
3956,1,31.675,0.020736441,61.015,0.238809548,48.33333333,1.211060151,46,49,0.214,0.01366748,0.203,0.239,357,174.8953973,0,No Activity
3957,1,31.68166667,0.017224014,60.935,0.248656389,48.33333333,1.211060151,46,49,0.218166667,0.013452385,0.205,0.239,356.8333333,174.8146638,0,No Activity
3958,1,31.68666667,0.013662601,60.82166667,0.26369806,47.83333333,1.471960152,46,49,0.238,0.043753857,0.205,0.324,356.5,174.651367,0,No Activity
3959,1,31.69333333,0.005163978,60.70833333,0.215445275,47.5,1.378404884,46,49,0.252166667,0.044682957,0.213,0.324,356.1666667,174.4871533,0,No Activity
3960,1,31.69666667,0.008164966,60.59333333,0.132916014,47.5,1.378404884,46,49,0.259833333,0.045901707,0.213,0.324,355.8333333,174.32202,0,No Activity
3961,1,32.14666667,0.091140917,70.72,1.902440538,68.5,6.745368783,60,79,2.753666667,1.161252887,1.432,4.263,801.5,61.96047127,693,Boil
3962,1,32.10666667,0.083825215,70.955,1.769980226,67.16666667,6.94022094,60,79,2.264666667,1.005922794,1.329,3.606,794.1666667,66.46026382,693,Boil
3963,1,32.07,0.077459667,70.38833333,1.103402314,65,3.847076815,60,71,1.859166667,0.832512202,1.173,3.406,775.3333333,71.7737185,693,Boil
3964,1,32.03333333,0.051251016,69.82166667,0.816514952,65,3.847076815,60,71,1.465666667,0.401622543,1.045,2.166,744.3333333,54.60280823,693,Boil
3965,1,32.00333333,0.050066622,70.00666667,0.763352256,64.66666667,3.723797348,60,71,1.238333333,0.298800045,0.802,1.649,726.1666667,45.33174017,693,Boil
3966,1,31.97666667,0.043204938,69.95666667,0.727259697,65,3.633180428,60,71,1.117833333,0.240079501,0.802,1.432,713,20.35681704,693,Boil
3967,1,31.96666667,0.037771241,70.15166667,0.674104344,66,2.683281577,63,71,1.136166667,0.271068565,0.802,1.542,731,38.65747017,696,Boil
3968,1,31.96,0.028982753,70.02,0.625683626,66.83333333,2.316606719,65,71,1.376,0.727731544,0.802,2.768,747.1666667,59.39837259,696,Boil
3969,1,31.95833333,0.027141604,69.825,0.671677006,66,3.34664011,61,71,1.761166667,1.109982057,0.802,3.484,773.6666667,74.19613647,696,Boil
3970,1,31.955,0.025099801,69.84166667,0.642041016,64.66666667,2.422120288,61,68,2.18,1.250878731,0.802,3.558,797.8333333,67.11606862,702,Boil
3971,1,31.96,0.021908902,69.27,1.331029677,64,2.828427129,61,68,2.605,1.114848689,0.926,3.558,811.6666667,49.70982465,732,Boil
3972,1,31.96666667,0.010327956,68.69833333,1.53190622,63.33333333,3.011090615,61,68,3.009333333,0.771037396,1.542,3.558,820.5,35.35958145,785,Boil
3973,1,31.96166667,0.018348479,68.73166667,1.579853369,63,2.756809755,61,68,3.347666667,0.299734327,2.768,3.572,821.6666667,34.69678179,785,Boil
3974,1,31.95833333,0.01602082,68.945,1.83359483,63,2.756809755,61,68,3.600333333,0.34838695,3.352,4.284,835.6666667,54.73451075,785,Boil
3975,1,31.96,0.018973666,69.385,2.191691128,63.66666667,2.658320276,61,68,3.896166667,0.75092008,3.352,5.259,835.6666667,54.73451075,785,Boil
3976,1,31.965,0.02258318,69.875,2.38443075,64.83333333,3.656045225,61,70,4.1625,0.879389277,3.352,5.259,833.6666667,54.71989279,785,Boil
3977,1,31.97166667,0.026394444,70.56166667,1.878663532,66.33333333,3.61478446,61,70,4.5955,1.027612719,3.352,5.95,841,49.6024193,785,Boil
3978,1,31.97833333,0.02786874,71.36333333,0.494111998,67.83333333,2.714160402,64,70,4.921166667,0.848776158,3.572,5.95,850,41.67493251,808,Boil
3979,1,31.99,0.015491933,71.90166667,1.048854931,69.16666667,2.401388492,65,72,5.190166667,0.532508185,4.284,5.95,857.6666667,36.28590176,829,Boil
3980,1,31.99666667,0.005163978,71.82,1.132925417,69.33333333,2.338090394,65,72,5.308833333,0.331631372,4.996,5.95,848.6666667,19.23191791,829,Boil
3981,1,32.00333333,0.013662601,71.80333333,1.133131355,69.66666667,1.632993169,67,72,5.263833333,0.357087338,4.989,5.95,848.5,19.0026314,829,Boil
3982,1,32.03666667,0.028751812,71.21666667,0.403864664,65.33333333,1.966384166,62,67,4.148,1.017012881,3.084,5.393,852.8333333,71.29492736,779,Curry
3983,1,32.035,0.029495762,70.98833333,0.428551825,65,1.788854389,62,67,3.956166667,0.931621686,3.084,5.393,839.6666667,74.70385978,779,Curry
3984,1,32.03666667,0.031411251,70.85666667,0.445720391,65.16666667,2.041241458,62,68,4.002833333,1.020740401,3.084,5.673,824.8333333,47.5496232,779,Curry
3985,1,32.04,0.037416574,70.645,0.640242142,76.16666667,26.44554153,62,130,4.180666667,1.251194576,3.084,5.852,826.1666667,49.64037335,779,Curry
3986,1,32.05333333,0.046332134,70.55833333,0.684468163,155.1666667,190.3096599,62,540,4.561,1.287214046,3.084,5.852,838.8333333,57.97384468,779,Curry
3987,1,32.08333333,0.0608824,70.56833333,0.700525993,402.5,589.8785468,65,1546,5.023333333,1.14041811,3.307,5.858,871.5,71.22288958,789,Curry
3988,1,32.12166667,0.081833164,70.74166667,0.981272983,617.3333333,671.8463118,65,1546,5.462333333,0.805326435,3.838,5.941,906.8333333,74.61478853,791,Curry
3989,1,32.16833333,0.091524132,71.16166667,1.287142831,806.8333333,644.6997492,68,1546,5.902666667,0.308732678,5.612,6.48,945.8333333,62.05938017,881,Curry
3990,1,32.22166667,0.113387242,71.46,1.304867809,972.3333333,535.2706481,130,1546,6.147833333,0.566409893,5.612,7.144,969.8333333,59.77429771,893,Curry
3991,1,32.27166667,0.115137599,71.66,1.04779769,1079.666667,372.3603989,540,1546,6.225666667,0.549460341,5.612,7.144,986.8333333,46.60650884,900,Reheat
3992,1,32.32,0.092303846,71.88166667,0.735864571,1108.833333,325.5453373,715,1546,6.183166667,0.612648485,5.357,7.144,995,29.50254226,949,Reheat
3993,1,32.36,0.068410526,71.845,0.762489344,959,288.9200581,647,1355,6.134333333,0.654030478,5.357,7.144,995.8333333,28.88886752,949,Reheat
3994,1,32.39166667,0.04833908,71.64333333,0.774820409,810.5,273.2286588,464,1202,6.3915,0.839784913,5.357,7.484,1004.5,37.31889602,949,Reheat
3995,1,32.41666667,0.024221203,71.31,0.511546674,676,238.3677831,395,1061,6.607666667,1.015638059,5.357,7.777,1010.5,43.63370257,949,Reheat
3996,1,32.425,0.021679483,71.09833333,0.206921885,542.8333333,200.4329481,262,774,6.617,1.021791172,5.357,7.777,1012,44.38017575,949,Reheat
3997,1,32.43333333,0.019663842,71.23,0.29010343,453.6666667,195.9792506,239,715,6.737833333,1.022370464,5.357,7.777,1024.333333,48.775677,949,Reheat
3998,1,32.445,0.016431677,71.26333333,0.321910961,370.6666667,166.3858968,217,647,7.182166667,0.870237535,5.565,8.023,1047.666667,37.77653593,980,Reheat
3999,1,32.455,0.016431677,71.475,0.625355899,293.3333333,110.812755,183,464,7.548666667,0.375216027,7.044,8.023,1065.5,20.95471307,1034,Reheat
4000,1,32.465,0.02258318,71.835,0.919059302,240,86.60715906,144,395,7.610666667,0.392719578,7.044,8.023,1073.5,24.14746363,1034,Reheat
4001,1,32.475,0.027386128,71.99833333,0.798884639,196,52.42899961,131,262,7.624,0.400771755,7.044,8.023,1079.833333,25.17472277,1034,Reheat
4002,1,30.95833333,0.156386274,72.39333333,0.858688923,50.66666667,1.211060151,49,52,5.409666667,3.098773349,0.821,8.127,787.3333333,181.0377493,489,Reheat
4003,1,31.03166667,0.14770466,72.775,0.804058456,50.33333333,1.03279557,49,52,6.679666667,2.300769494,2.188,8.441,872.1666667,123.3457201,638,Reheat
4004,1,31.105,0.115368973,73.205,0.829331056,49.5,1.378404884,47,51,7.672166667,0.710441952,6.664,8.441,935.5,60.72478901,861,Reheat
4005,1,31.155,0.098539332,73.29833333,0.774633247,49,1.67332006,47,51,7.7915,0.549027777,6.974,8.441,942.6666667,59.64114911,861,Reheat
4006,1,31.20166667,0.080849655,73.58666667,0.512549185,48.5,1.760681693,47,51,7.941333333,0.746175225,6.974,9.026,952,55.28833512,861,Reheat
4007,1,31.24833333,0.06112828,73.79333333,0.410446911,47.66666667,1.505545313,46,50,8.000833333,0.735711742,6.974,9.026,980,78.83653975,861,Reheat
4008,1,31.28666667,0.073120904,73.81833333,0.410385997,46.83333333,1.940790223,44,50,8.505166667,0.908022779,7.38,10,1034.5,92.04075184,953,Reheat
4009,1,31.33166667,0.090203474,73.96,0.474130784,46.33333333,1.211060151,44,47,8.765,1.090674654,7.38,10,1069.333333,112.6954598,953,Reheat
4010,1,31.37666667,0.101914997,73.80666667,0.483101094,45.5,2.073644141,42,47,9.067166667,1.134162672,7.38,10,1081.5,109.9522624,953,Reheat
4011,1,31.42166667,0.094109865,74.24166667,0.820205259,44.83333333,2.136976062,42,47,9.444,0.782605648,8.041,10,1118.833333,94.54399329,953,Reheat
4012,1,31.46666667,0.082381228,74.54666667,0.960326333,44,2.097617702,42,47,9.603666667,0.777981148,8.041,10,1158.833333,51.17193241,1091,Reheat
4013,1,31.5,0.057619441,74.49166667,0.998346967,43.16666667,2.136976062,41,47,9.602833333,0.77998985,8.036,10,1145.166667,75.94318051,1015,Reheat
4014,1,31.52333333,0.031411251,74.72166667,0.988158219,42.83333333,2.136976062,41,47,9.180833333,1.128998568,7.468,10,1114.333333,91.11457988,1003,Reheat
4015,1,31.535,0.017606817,74.95,1.075564968,41.66666667,1.03279557,40,43,8.683666667,1.334262443,7.017,9.984,1081.833333,86.08929473,1003,Reheat
4016,1,31.54,0.012649111,75.145,0.812151464,40.66666667,2.503331119,36,43,8.1185,1.403902952,6.565,9.984,1056.333333,103.6912082,938,Reheat
4017,1,32.53166667,0.033115958,72.14166667,0.496806468,95,3.224903103,89,98,3.819833333,0.229738475,3.505,4.141,1094.5,86.74502868,977,Reheat
4018,1,32.545,0.038340579,71.94,0.721581596,94,3.405877277,89,98,3.798833333,0.19808828,3.505,4.015,1071.833333,81.29555133,977,Reheat
4019,1,32.555,0.031464265,71.745,0.907584707,93.33333333,4.718756901,85,98,3.8905,0.23624627,3.505,4.195,1075.166667,76.92182178,997,Reheat
4020,1,32.55833333,0.024832774,71.875,0.952864104,91.66666667,6.022181224,84,98,4.008166667,0.173262133,3.756,4.211,1071.833333,79.75566856,997,Reheat
4021,1,32.55166667,0.031885211,71.58166667,0.895084726,88.5,7.968688727,77,98,4.070333333,0.206011327,3.756,4.309,1031.333333,80.41310009,929,Curry
4022,1,32.53333333,0.05573748,71.19,0.783555997,84.66666667,9.092121133,73,98,3.935166667,0.442310487,3.125,4.309,965.3333333,101.590682,776,Curry
4023,1,32.50166667,0.074677083,70.88,0.866948672,80,8.000000001,70,91,3.759333333,0.675833609,2.701,4.309,914.1666667,125.0270637,743,Curry
4024,1,32.45,0.103150376,70.695,0.980504972,76.5,6.715653358,70,85,3.5055,0.829208719,2.492,4.309,860.1666667,133.628465,708,Curry
4025,1,32.39,0.128062485,70.86333333,1.047409503,74,5.621387731,70,84,3.1815,0.883904916,2.251,4.309,808,130.5879014,684,Curry
4026,1,32.32166667,0.151975875,70.65666667,0.745940123,70.5,4.593473634,63,77,3.0005,0.728449792,2.251,4.309,640,325.203321,0,Curry
4027,1,32.26,0.134313067,70.81,0.907656323,67.66666667,5.00666223,60,73,2.967,0.657395771,2.251,4.108,623.3333333,309.6189055,0,Curry
4028,1,32.21666667,0.102891529,71.01166667,0.935016934,108.8333333,103.5382377,60,320,3.277166667,1.061604713,2.251,4.986,644.6666667,326.2070917,0,Curry
4029,1,32.18166667,0.058109093,71.13166667,0.803900906,204.5,238.1526821,60,644,3.618666667,1.163834983,2.251,4.986,669.1666667,340.2860072,0,Curry
4030,1,32.165,0.033316663,71.26333333,0.56287358,328.1666667,329.4810566,60,812,3.916833333,1.040042964,2.251,4.986,695,349.5803198,0,Curry
4031,1,32.16666667,0.035590261,71.49166667,0.908348318,479.1666667,389.6205419,60,976,4.383833333,0.723296182,3.125,5.053,743.5,367.4772102,0,Curry
4032,1,32.17666667,0.022509257,71.52333333,0.900681224,552.3333333,332.9346282,60,976,4.4415,0.607361095,3.471,5.053,867.3333333,77.97093476,743,Curry
4033,1,32.175,0.025884358,71.45666667,0.880015151,603.3333333,257.2739137,320,976,4.232333333,0.893760967,2.853,5.053,843.6666667,107.7843526,687,Curry
4034,1,32.16166667,0.039707262,71.26666667,0.957364438,623.3333333,234.4991827,366,976,3.864333333,0.972478414,2.778,5.053,814.3333333,111.9493933,687,Curry
4035,1,32.14333333,0.052788888,71.63166667,1.080248428,577.8333333,255.2539259,366,976,3.542,0.940188917,2.778,5.053,787.3333333,109.5603335,687,Curry
4036,1,32.13,0.051768716,71.88166667,0.944953262,485.1666667,254.1624808,256,976,3.282666667,0.909683608,2.725,5.053,783.5,106.7497073,687,Curry
4037,1,32.10666667,0.038297084,71.74166667,0.798834568,357.6666667,109.2751878,211,502,2.8745,0.304804692,2.604,3.471,759.5,61.81504671,687,Curry
4038,1,32.08833333,0.026394444,72.14166667,1.135489615,304,103.1096504,180,440,2.7255,0.113152552,2.577,2.853,774.5,67.65426816,687,Curry
4039,1,32.08,0.016733201,72.26333333,1.093904322,269.6666667,112.2295267,160,440,2.9365,0.58693739,2.577,4.119,810.3333333,68.96569195,728,Curry
4040,1,32.075,0.013784049,72.72,0.7023959,216,89.09096475,118,371,3.1685,0.761043166,2.577,4.17,849.8333333,79.45166245,728,Curry
4041,1,32.07333333,0.015055453,72.95,0.933530931,170.5,58.58924816,98,256,3.308,0.760217864,2.577,4.17,883.1666667,56.85566521,831,Curry
4042,1,32.075,0.018708287,73.61333333,1.44178593,143.8333333,47.19498561,96,211,3.589,0.811493685,2.577,4.411,897.8333333,54.80662977,831,Curry
4043,1,32.08833333,0.035449495,74.16333333,1.400766457,122.3333333,39.17992683,82,180,3.903,0.712602273,2.577,4.488,929.6666667,63.07033111,833,Curry
4044,1,32.11166667,0.05419102,74.81,1.984530171,105,30.63984334,76,160,4.1455,0.298173607,3.653,4.488,957.1666667,46.21002777,902,Curry
4045,1,32.135,0.066558245,75.375,1.543486314,89.66666667,18.04069474,68,118,4.2985,0.468647736,3.653,5.037,977,43.2388714,928,Curry
4046,1,32.16666667,0.074206918,75.58166667,1.252891323,79.5,15.94678651,57,98,4.699666667,1.030300474,3.653,6.577,987,46.70760109,928,Curry
4047,1,31.08666667,0.005163978,71.075,0.078421936,25.16666667,1.602081986,24,28,1.293166667,0.185557987,1.119,1.64,585.6666667,0.516397787,585,No Activity
4048,1,31.08666667,0.005163978,71.125,0.1155422,25.16666667,1.602081986,24,28,1.250166667,0.200955136,1.085,1.64,585.3333333,0.816496586,584,No Activity
4049,1,31.085,0.005477225,71.14166667,0.102062073,25.5,1.516575097,24,28,1.159666667,0.069661084,1.085,1.258,585.3333333,0.816496586,584,No Activity
4050,1,31.08333333,0.005163978,71.12666667,0.098319208,26,1.414213571,24,28,1.1575,0.067925695,1.085,1.258,585.3333333,0.816496586,584,No Activity
4051,1,31.085,0.005477225,71.12666667,0.098319208,25.83333333,1.169045205,24,27,1.1835,0.079167544,1.085,1.275,585.1666667,0.752772658,584,No Activity
4052,1,31.085,0.005477225,71.12666667,0.098319208,26.16666667,1.169045205,24,27,1.2,0.08988437,1.085,1.287,585.5,1.378404878,584,No Activity
4053,1,31.08333333,0.005163978,71.12666667,0.098319208,26.66666667,0.516397802,26,27,1.220666667,0.116269801,1.085,1.382,586,1.673320055,584,No Activity
4054,1,31.07833333,0.009831921,71.10833333,0.060138729,26.66666667,0.516397802,26,27,1.248666667,0.095424665,1.097,1.382,586.3333333,1.366260105,585,No Activity
4055,1,31.07333333,0.015055453,71.12333333,0.070898989,26.5,0.836660041,25,27,1.280333333,0.059965546,1.198,1.382,586.5,1.224744875,585,No Activity
4056,1,31.06833333,0.017224014,71.15666667,0.103085725,26.33333333,0.816496595,25,27,1.2825,0.056532292,1.211,1.382,586.5,1.224744875,585,No Activity
4057,1,31.06166667,0.014719601,71.20666667,0.089591666,26.16666667,0.752772668,25,27,1.267333333,0.06963524,1.184,1.382,586.8333333,0.983192084,586,No Activity
4058,1,31.05833333,0.011690452,71.24,0.083426614,26.33333333,1.03279557,25,28,1.225833333,0.114994638,1.038,1.382,586.5,0.836660031,586,No Activity
4059,1,31.05166667,0.007527726,71.27333333,0.056803756,26.33333333,1.03279557,25,28,1.1925,0.086006395,1.038,1.287,586,0.632455538,585,No Activity
4060,1,31.05,0.006324555,71.27333333,0.056803756,26.66666667,1.211060151,25,28,1.185666667,0.081762257,1.038,1.287,585.8333333,0.752772658,585,No Activity
4061,1,31.04833333,0.007527726,71.29166667,0.044907312,26.66666667,1.211060151,25,28,1.178166667,0.072101086,1.038,1.242,585.6666667,0.816496586,585,No Activity
